Id,Predicted
0,5
1,2
2,0
3,2
4,0
5,2
6,1
7,0
8,4
9,0
10,0
11,1
12,0
13,2
14,5
15,2
16,1
17,0
18,0
19,6
20,1
21,0
22,2
23,4
24,3
25,3
26,5
27,0
28,4
29,4
30,3
31,0
32,0
33,5
34,5
35,6
36,2
37,2
38,0
39,6
40,2
41,0
42,3
43,0
44,6
45,0
46,1
47,6
48,0
49,1
50,1
51,0
52,0
53,0
54,4
55,0
56,5
57,1
58,3
59,5
60,0
61,0
62,3
63,3
64,3
65,2
66,0
67,0
68,3
69,1
70,2
71,1
72,6
73,0
74,1
75,2
76,2
77,5
78,0
79,3
80,1
81,0
82,2
83,3
84,0
85,1
86,4
87,5
88,1
89,1
90,5
91,4
92,3
93,6
94,3
95,5
96,3
97,0
98,4
99,0
100,1
101,1
102,0
103,0
104,0
105,0
106,0
107,2
108,3
109,6
110,0
111,0
112,1
113,2
114,5
115,0
116,2
117,3
118,5
119,3
120,4
121,0
122,1
123,2
124,0
125,0
126,5
127,1
128,0
129,3
130,1
131,1
132,0
133,5
134,4
135,4
136,0
137,0
138,5
139,0
140,5
141,5
142,0
143,5
144,0
145,4
146,3
147,5
148,0
149,0
150,3
151,5
152,3
153,3
154,4
155,2
156,5
157,2
158,1
159,0
160,0
161,5
162,4
163,2
164,5
165,5
166,1
167,4
168,1
169,3
170,0
171,0
172,3
173,0
174,5
175,2
176,2
177,5
178,0
179,2
180,3
181,2
182,5
183,4
184,5
185,0
186,3
187,0
188,6
189,3
190,0
191,0
192,5
193,1
194,1
195,2
196,2
197,3
198,2
199,0
200,1
201,0
202,2
203,6
204,0
205,2
206,3
207,2
208,0
209,1
210,5
211,3
212,5
213,0
214,0
215,0
216,0
217,5
218,0
219,3
220,0
221,3
222,0
223,1
224,0
225,0
226,2
227,1
228,4
229,0
230,0
231,5
232,0
233,4
234,0
235,4
236,0
237,0
238,4
239,2
240,2
241,5
242,0
243,0
244,3
245,4
246,5
247,4
248,0
249,0
250,5
251,0
252,2
253,5
254,4
255,0
256,2
257,0
258,0
259,3
260,1
261,0
262,1
263,3
264,1
265,3
266,1
267,0
268,0
269,2
270,1
271,2
272,2
273,1
274,6
275,5
276,3
277,2
278,6
279,0
280,5
281,0
282,0
283,2
284,4
285,4
286,4
287,0
288,5
289,1
290,0
291,3
292,0
293,4
294,0
295,6
296,0
297,2
298,5
299,0
300,3
301,0
302,1
303,5
304,6
305,2
306,0
307,2
308,1
309,1
310,2
311,3
312,0
313,0
314,2
315,3
316,0
317,1
318,5
319,5
320,2
321,0
322,4
323,5
324,4
325,5
326,0
327,0
328,5
329,6
330,4
331,0
332,0
333,2
334,5
335,1
336,0
337,5
338,0
339,0
340,0
341,5
342,2
343,0
344,4
345,2
346,2
347,3
348,0
349,5
350,0
351,5
352,0
353,4
354,0
355,5
356,0
357,3
358,4
359,5
360,0
361,0
362,0
363,3
364,0
365,5
366,5
367,0
368,0
369,5
370,5
371,2
372,0
373,0
374,1
375,6
376,4
377,4
378,1
379,3
380,0
381,4
382,5
383,3
384,6
385,3
386,1
387,0
388,1
389,3
390,0
391,4
392,0
393,5
394,4
395,0
396,0
397,2
398,2
399,4
400,2
401,0
402,4
403,0
404,0
405,0
406,3
407,0
408,0
409,5
410,0
411,0
412,4
413,0
414,5
415,4
416,2
417,0
418,0
419,0
420,0
421,4
422,1
423,0
424,6
425,0
426,1
427,4
428,6
429,3
430,4
431,5
432,0
433,0
434,1
435,4
436,5
437,2
438,0
439,0
440,0
441,1
442,2
443,6
444,0
445,4
446,6
447,1
448,5
449,1
450,0
451,1
452,5
453,2
454,4
455,2
456,0
457,0
458,0
459,0
460,3
461,3
462,2
463,2
464,0
465,2
466,1
467,0
468,0
469,4
470,1
471,1
472,4
473,1
474,0
475,3
476,0
477,0
478,3
479,0
480,5
481,0
482,3
483,2
484,4
485,4
486,3
487,4
488,2
489,4
490,1
491,3
492,5
493,0
494,6
495,3
496,5
497,2
498,1
499,0
500,0
501,0
502,0
503,0
504,0
505,3
506,1
507,0
508,1
509,0
510,4
511,4
512,4
513,3
514,1
515,1
516,5
517,6
518,0
519,1
520,5
521,5
522,5
523,3
524,6
525,4
526,0
527,4
528,2
529,0
530,0
531,0
532,2
533,2
534,2
535,2
536,2
537,2
538,3
539,1
540,4
541,2
542,3
543,0
544,0
545,5
546,2
547,0
548,0
549,4
550,1
551,5
552,6
553,1
554,5
555,2
556,0
557,5
558,4
559,4
560,0
561,3
562,0
563,4
564,0
565,5
566,0
567,0
568,5
569,4
570,1
571,3
572,3
573,3
574,0
575,3
576,6
577,6
578,0
579,4
580,5
581,2
582,1
583,5
584,3
585,1
586,0
587,4
588,2
589,0
590,5
591,2
592,5
593,4
594,3
595,2
596,3
597,6
598,4
599,5
600,0
601,3
602,0
603,5
604,5
605,0
606,5
607,0
608,0
609,0
610,0
611,5
612,1
613,0
614,1
615,2
616,0
617,1
618,4
619,4
620,0
621,5
622,0
623,2
624,6
625,3
626,1
627,3
628,3
629,2
630,5
631,5
632,1
633,5
634,6
635,0
636,0
637,0
638,3
639,2
640,4
641,5
642,2
643,0
644,0
645,4
646,3
647,2
648,6
649,5
650,0
651,3
652,2
653,0
654,1
655,5
656,0
657,0
658,0
659,3
660,2
661,5
662,0
663,0
664,0
665,0
666,3
667,0
668,2
669,5
670,3
671,3
672,0
673,0
674,3
675,2
676,2
677,1
678,4
679,2
680,4
681,2
682,4
683,2
684,2
685,1
686,5
687,6
688,3
689,0
690,1
691,3
692,2
693,0
694,4
695,5
696,0
697,1
698,3
699,0
700,4
701,4
702,0
703,4
704,2
705,0
706,0
707,5
708,5
709,0
710,1
711,3
712,2
713,1
714,4
715,4
716,3
717,5
718,0
719,4
720,0
721,0
722,0
723,2
724,1
725,5
726,4
727,0
728,5
729,1
730,0
731,2
732,3
733,4
734,1
735,4
736,2
737,5
738,1
739,0
740,5
741,0
742,1
743,0
744,0
745,1
746,0
747,1
748,2
749,2
750,3
751,0
752,2
753,0
754,0
755,0
756,3
757,3
758,3
759,0
760,4
761,4
762,0
763,0
764,0
765,0
766,1
767,5
768,5
769,3
770,3
771,0
772,0
773,2
774,0
775,2
776,3
777,0
778,0
779,3
780,2
781,0
782,5
783,1
784,0
785,2
786,3
787,0
788,0
789,2
790,0
791,3
792,3
793,2
794,0
795,5
796,3
797,3
798,1
799,6
800,0
801,0
802,1
803,1
804,0
805,1
806,5
807,5
808,2
809,3
810,6
811,0
812,4
813,3
814,0
815,3
816,5
817,4
818,4
819,2
820,0
821,4
822,3
823,2
824,2
825,2
826,2
827,3
828,1
829,0
830,0
831,5
832,2
833,0
834,6
835,0
836,2
837,0
838,4
839,5
840,3
841,0
842,5
843,0
844,0
845,0
846,0
847,0
848,1
849,1
850,2
851,1
852,0
853,4
854,0
855,5
856,4
857,0
858,5
859,0
860,4
861,0
862,4
863,0
864,3
865,2
866,0
867,3
868,0
869,0
870,2
871,0
872,2
873,0
874,5
875,2
876,4
877,1
878,0
879,3
880,4
881,3
882,2
883,0
884,0
885,5
886,3
887,0
888,0
889,3
890,2
891,3
892,0
893,6
894,4
895,4
896,1
897,3
898,6
899,1
900,0
901,2
902,3
903,0
904,1
905,2
906,0
907,0
908,5
909,2
910,1
911,3
912,3
913,0
914,4
915,4
916,4
917,2
918,0
919,0
920,6
921,3
922,2
923,1
924,0
925,6
926,4
927,0
928,1
929,1
930,1
931,2
932,0
933,5
934,6
935,5
936,4
937,6
938,0
939,4
940,0
941,0
942,1
943,0
944,4
945,5
946,1
947,3
948,0
949,2
950,0
951,0
952,0
953,3
954,2
955,2
956,0
957,0
958,0
959,5
960,3
961,3
962,0
963,5
964,5
965,5
966,6
967,0
968,4
969,0
970,5
971,0
972,2
973,1
974,5
975,0
976,4
977,1
978,4
979,0
980,0
981,0
982,4
983,0
984,4
985,0
986,0
987,1
988,0
989,0
990,2
991,4
992,2
993,1
994,2
995,4
996,4
997,4
998,3
999,0
1000,0
1001,1
1002,4
1003,0
1004,0
1005,6
1006,0
1007,0
1008,0
1009,5
1010,0
1011,0
1012,1
1013,0
1014,0
1015,3
1016,5
1017,0
1018,1
1019,5
1020,3
1021,0
1022,1
1023,4
1024,5
1025,1
1026,0
1027,3
1028,5
1029,5
1030,5
1031,2
1032,0
1033,0
1034,0
1035,0
1036,4
1037,6
1038,0
1039,1
1040,2
1041,0
1042,3
1043,2
1044,3
1045,5
1046,3
1047,4
1048,0
1049,1
1050,6
1051,2
1052,4
1053,0
1054,0
1055,4
1056,0
1057,0
1058,1
1059,0
1060,4
1061,0
1062,2
1063,5
1064,6
1065,2
1066,3
1067,0
1068,3
1069,4
1070,0
1071,0
1072,5
1073,2
1074,5
1075,6
1076,1
1077,1
1078,6
1079,4
1080,0
1081,0
1082,4
1083,1
1084,6
1085,0
1086,0
1087,1
1088,4
1089,0
1090,0
1091,3
1092,0
1093,0
1094,0
1095,2
1096,3
1097,2
1098,0
1099,6
1100,1
1101,0
1102,3
1103,4
1104,1
1105,0
1106,2
1107,4
1108,3
1109,0
1110,3
1111,5
1112,0
1113,1
1114,0
1115,0
1116,5
1117,0
1118,3
1119,4
1120,1
1121,4
1122,0
1123,1
1124,2
1125,0
1126,1
1127,0
1128,1
1129,4
1130,0
1131,0
1132,1
1133,1
1134,2
1135,0
1136,0
1137,3
1138,2
1139,0
1140,0
1141,3
1142,2
1143,2
1144,4
1145,2
1146,1
1147,1
1148,0
1149,3
1150,2
1151,2
1152,1
1153,0
1154,6
1155,2
1156,2
1157,3
1158,0
1159,0
1160,1
1161,0
1162,0
1163,1
1164,4
1165,2
1166,3
1167,3
1168,5
1169,3
1170,6
1171,5
1172,0
1173,0
1174,1
1175,5
1176,0
1177,1
1178,3
1179,0
1180,0
1181,5
1182,5
1183,1
1184,0
1185,0
1186,0
1187,5
1188,0
1189,2
1190,3
1191,0
1192,4
1193,0
1194,5
1195,0
1196,2
1197,0
1198,2
1199,0
1200,4
1201,1
1202,0
1203,0
1204,3
1205,0
1206,2
1207,6
1208,0
1209,6
1210,2
1211,0
1212,0
1213,4
1214,1
1215,3
1216,6
1217,0
1218,1
1219,1
1220,5
1221,5
1222,3
1223,4
1224,4
1225,0
1226,4
1227,1
1228,4
1229,5
1230,3
1231,1
1232,0
1233,1
1234,1
1235,0
1236,0
1237,0
1238,0
1239,1
1240,0
1241,0
1242,0
1243,5
1244,1
1245,2
1246,6
1247,1
1248,2
1249,0
1250,3
1251,3
1252,2
1253,1
1254,2
1255,0
1256,4
1257,0
1258,3
1259,0
1260,2
1261,3
1262,3
1263,0
1264,0
1265,3
1266,5
1267,2
1268,1
1269,2
1270,2
1271,0
1272,0
1273,4
1274,3
1275,0
1276,2
1277,0
1278,1
1279,0
1280,0
1281,6
1282,4
1283,5
1284,1
1285,1
1286,5
1287,0
1288,2
1289,3
1290,1
1291,6
1292,1
1293,1
1294,1
1295,2
1296,6
1297,4
1298,5
1299,0
1300,0
1301,0
1302,1
1303,0
1304,1
1305,1
1306,6
1307,0
1308,2
1309,3
1310,5
1311,4
1312,2
1313,4
1314,3
1315,0
1316,4
1317,0
1318,1
1319,0
1320,3
1321,4
1322,4
1323,0
1324,5
1325,0
1326,1
1327,0
1328,0
1329,0
1330,1
1331,1
1332,3
1333,2
1334,3
1335,4
1336,0
1337,2
1338,0
1339,5
1340,3
1341,0
1342,1
1343,1
1344,0
1345,4
1346,0
1347,1
1348,3
1349,4
1350,0
1351,3
1352,0
1353,0
1354,4
1355,0
1356,4
1357,5
1358,1
1359,0
1360,3
1361,3
1362,0
1363,4
1364,0
1365,4
1366,3
1367,1
1368,3
1369,0
1370,1
1371,4
1372,5
1373,1
1374,1
1375,2
1376,0
1377,1
1378,3
1379,3
1380,5
1381,2
1382,5
1383,3
1384,5
1385,0
1386,4
1387,6
1388,4
1389,1
1390,0
1391,0
1392,2
1393,0
1394,0
1395,3
1396,5
1397,0
1398,0
1399,2
1400,0
1401,4
1402,2
1403,0
1404,6
1405,4
1406,0
1407,0
1408,3
1409,0
1410,1
1411,0
1412,4
1413,0
1414,2
1415,0
1416,6
1417,0
1418,0
1419,0
1420,0
1421,2
1422,0
1423,1
1424,0
1425,1
1426,0
1427,2
1428,5
1429,0
1430,0
1431,3
1432,5
1433,4
1434,4
1435,0
1436,0
1437,5
1438,0
1439,0
1440,2
1441,1
1442,0
1443,5
1444,1
1445,4
1446,1
1447,0
1448,1
1449,2
1450,0
1451,0
1452,5
1453,1
1454,1
1455,2
1456,6
1457,0
1458,5
1459,2
1460,0
1461,2
1462,0
1463,5
1464,1
1465,2
1466,3
1467,3
1468,3
1469,0
1470,4
1471,0
1472,6
1473,4
1474,4
1475,0
1476,0
1477,0
1478,4
1479,2
1480,6
1481,1
1482,4
1483,1
1484,1
1485,5
1486,6
1487,2
1488,0
1489,5
1490,0
1491,4
1492,5
1493,0
1494,4
1495,1
1496,2
1497,1
1498,1
1499,5
1500,5
1501,2
1502,4
1503,2
1504,4
1505,0
1506,1
1507,0
1508,0
1509,2
1510,1
1511,4
1512,6
1513,2
1514,5
1515,0
1516,0
1517,1
1518,0
1519,3
1520,5
1521,0
1522,0
1523,2
1524,1
1525,0
1526,2
1527,5
1528,0
1529,3
1530,1
1531,6
1532,5
1533,5
1534,0
1535,3
1536,1
1537,0
1538,2
1539,1
1540,6
1541,0
1542,3
1543,6
1544,0
1545,3
1546,2
1547,0
1548,4
1549,5
1550,1
1551,0
1552,0
1553,4
1554,0
1555,0
1556,5
1557,3
1558,3
1559,0
1560,2
1561,5
1562,2
1563,0
1564,3
1565,0
1566,3
1567,6
1568,0
1569,0
1570,2
1571,4
1572,5
1573,0
1574,3
1575,2
1576,0
1577,1
1578,2
1579,1
1580,4
1581,0
1582,3
1583,0
1584,0
1585,0
1586,3
1587,0
1588,4
1589,2
1590,3
1591,3
1592,5
1593,0
1594,5
1595,3
1596,2
1597,0
1598,0
1599,0
1600,5
1601,0
1602,5
1603,3
1604,0
1605,1
1606,3
1607,0
1608,4
1609,0
1610,3
1611,0
1612,1
1613,2
1614,0
1615,2
1616,1
1617,0
1618,0
1619,6
1620,1
1621,2
1622,1
1623,3
1624,2
1625,2
1626,3
1627,0
1628,2
1629,3
1630,0
1631,2
1632,0
1633,0
1634,0
1635,0
1636,5
1637,1
1638,2
1639,5
1640,0
1641,5
1642,4
1643,4
1644,1
1645,2
1646,0
1647,0
1648,2
1649,0
1650,2
1651,0
1652,0
1653,3
1654,3
1655,4
1656,5
1657,0
1658,5
1659,2
1660,0
1661,1
1662,0
1663,4
1664,0
1665,0
1666,4
1667,0
1668,3
1669,1
1670,6
1671,2
1672,0
1673,0
1674,0
1675,4
1676,2
1677,0
1678,5
1679,4
1680,5
1681,5
1682,3
1683,3
1684,0
1685,6
1686,0
1687,3
1688,0
1689,3
1690,2
1691,5
1692,1
1693,0
1694,3
1695,0
1696,0
1697,0
1698,4
1699,0
1700,6
1701,0
1702,0
1703,2
1704,2
1705,0
1706,1
1707,4
1708,2
1709,0
1710,4
1711,1
1712,3
1713,0
1714,0
1715,1
1716,1
1717,3
1718,2
1719,3
1720,1
1721,3
1722,5
1723,2
1724,3
1725,0
1726,0
1727,2
1728,0
1729,0
1730,6
1731,2
1732,5
1733,1
1734,4
1735,0
1736,0
1737,2
1738,5
1739,5
1740,0
1741,0
1742,0
1743,0
1744,2
1745,4
1746,0
1747,1
1748,1
1749,3
1750,0
1751,5
1752,0
1753,0
1754,5
1755,5
1756,6
1757,3
1758,6
1759,6
1760,5
1761,3
1762,4
1763,0
1764,4
1765,4
1766,1
1767,1
1768,4
1769,1
1770,0
1771,0
1772,4
1773,0
1774,4
1775,3
1776,5
1777,0
1778,4
1779,0
1780,5
1781,1
1782,0
1783,2
1784,2
1785,2
1786,0
1787,2
1788,0
1789,1
1790,0
1791,1
1792,0
1793,0
1794,4
1795,2
1796,1
1797,0
1798,2
1799,0
1800,0
1801,0
1802,1
1803,1
1804,0
1805,2
1806,0
1807,0
1808,0
1809,6
1810,5
1811,1
1812,5
1813,0
1814,2
1815,5
1816,4
1817,2
1818,3
1819,0
1820,1
1821,0
1822,5
1823,1
1824,0
1825,1
1826,1
1827,1
1828,2
1829,2
1830,4
1831,1
1832,3
1833,0
1834,1
1835,2
1836,3
1837,0
1838,0
1839,0
1840,1
1841,0
1842,1
1843,3
1844,2
1845,2
1846,0
1847,3
1848,0
1849,6
1850,2
1851,0
1852,3
1853,6
1854,1
1855,3
1856,0
1857,3
1858,1
1859,5
1860,1
1861,0
1862,2
1863,0
1864,0
1865,5
1866,0
1867,0
1868,0
1869,2
1870,5
1871,2
1872,2
1873,0
1874,0
1875,5
1876,0
1877,3
1878,2
1879,0
1880,4
1881,0
1882,2
1883,0
1884,2
1885,0
1886,4
1887,5
1888,4
1889,5
1890,1
1891,5
1892,4
1893,1
1894,5
1895,1
1896,2
1897,5
1898,3
1899,3
1900,1
1901,5
1902,0
1903,3
1904,6
1905,5
1906,0
1907,0
1908,1
1909,3
1910,1
1911,2
1912,0
1913,0
1914,0
1915,0
1916,2
1917,6
1918,3
1919,2
1920,4
1921,4
1922,1
1923,0
1924,4
1925,0
1926,1
1927,5
1928,3
1929,3
1930,2
1931,3
1932,2
1933,0
1934,0
1935,1
1936,0
1937,3
1938,0
1939,5
1940,0
1941,3
1942,5
1943,4
1944,2
1945,2
1946,0
1947,2
1948,3
1949,5
1950,3
1951,5
1952,3
1953,5
1954,0
1955,0
1956,5
1957,1
1958,5
1959,5
1960,3
1961,0
1962,0
1963,0
1964,6
1965,0
1966,4
1967,5
1968,4
1969,1
1970,0
1971,3
1972,0
1973,0
1974,1
1975,3
1976,0
1977,5
1978,3
1979,2
1980,2
1981,4
1982,6
1983,2
1984,5
1985,0
1986,6
1987,5
1988,0
1989,4
1990,0
1991,1
1992,1
1993,1
1994,3
1995,0
1996,3
1997,1
1998,2
1999,3
2000,3
2001,0
2002,3
2003,1
2004,0
2005,4
2006,1
2007,6
2008,5
2009,1
2010,3
2011,1
2012,2
2013,3
2014,0
2015,0
2016,0
2017,1
2018,2
2019,0
2020,0
2021,4
2022,1
2023,4
2024,2
2025,1
2026,1
2027,1
2028,3
2029,6
2030,0
2031,4
2032,4
2033,6
2034,0
2035,0
2036,0
2037,0
2038,1
2039,4
2040,2
2041,4
2042,0
2043,1
2044,0
2045,4
2046,0
2047,5
2048,4
2049,3
2050,3
2051,6
2052,0
2053,2
2054,0
2055,0
2056,2
2057,0
2058,0
2059,4
2060,4
2061,0
2062,2
2063,3
2064,0
2065,1
2066,3
2067,5
2068,0
2069,4
2070,6
2071,3
2072,2
2073,3
2074,1
2075,5
2076,4
2077,1
2078,4
2079,4
2080,2
2081,0
2082,4
2083,3
2084,5
2085,0
2086,2
2087,1
2088,0
2089,0
2090,4
2091,4
2092,0
2093,3
2094,6
2095,5
2096,0
2097,0
2098,0
2099,3
2100,5
2101,2
2102,5
2103,5
2104,1
2105,0
2106,5
2107,0
2108,1
2109,0
2110,5
2111,5
2112,1
2113,4
2114,0
2115,2
2116,0
2117,0
2118,4
2119,6
2120,5
2121,2
2122,1
2123,0
2124,4
2125,2
2126,3
2127,5
2128,1
2129,0
2130,3
2131,2
2132,3
2133,0
2134,3
2135,5
2136,2
2137,0
2138,5
2139,2
2140,0
2141,5
2142,6
2143,0
2144,0
2145,3
2146,0
2147,1
2148,0
2149,0
2150,5
2151,3
2152,0
2153,0
2154,3
2155,2
2156,5
2157,0
2158,1
2159,0
2160,2
2161,3
2162,1
2163,3
2164,0
2165,1
2166,1
2167,1
2168,0
2169,0
2170,3
2171,4
2172,2
2173,5
2174,1
2175,0
2176,0
2177,0
2178,2
2179,2
2180,2
2181,0
2182,4
2183,3
2184,0
2185,2
2186,4
2187,0
2188,4
2189,3
2190,3
2191,1
2192,4
2193,0
2194,2
2195,5
2196,1
2197,2
2198,4
2199,0
2200,4
2201,6
2202,0
2203,4
2204,1
2205,0
2206,0
2207,1
2208,4
2209,0
2210,1
2211,0
2212,1
2213,5
2214,1
2215,1
2216,0
2217,4
2218,0
2219,3
2220,3
2221,0
2222,2
2223,4
2224,3
2225,1
2226,0
2227,4
2228,5
2229,3
2230,4
2231,0
2232,2
2233,5
2234,0
2235,4
2236,0
2237,3
2238,0
2239,5
2240,1
2241,0
2242,1
2243,5
2244,4
2245,2
2246,1
2247,4
2248,5
2249,1
2250,0
2251,3
2252,0
2253,0
2254,2
2255,2
2256,3
2257,1
2258,4
2259,4
2260,6
2261,4
2262,0
2263,3
2264,4
2265,4
2266,0
2267,1
2268,2
2269,3
2270,2
2271,5
2272,0
2273,0
2274,0
2275,4
2276,0
2277,5
2278,0
2279,3
2280,0
2281,4
2282,1
2283,0
2284,3
2285,0
2286,2
2287,6
2288,2
2289,1
2290,2
2291,3
2292,0
2293,4
2294,1
2295,0
2296,5
2297,2
2298,2
2299,0
2300,5
2301,0
2302,3
2303,0
2304,3
2305,0
2306,6
2307,5
2308,0
2309,0
2310,2
2311,2
2312,0
2313,0
2314,0
2315,2
2316,6
2317,5
2318,3
2319,2
2320,1
2321,2
2322,3
2323,0
2324,1
2325,4
2326,0
2327,0
2328,2
2329,5
2330,3
2331,2
2332,0
2333,0
2334,0
2335,4
2336,0
2337,1
2338,4
2339,4
2340,1
2341,2
2342,4
2343,3
2344,4
2345,5
2346,1
2347,2
2348,0
2349,2
2350,0
2351,0
2352,0
2353,5
2354,5
2355,1
2356,5
2357,0
2358,0
2359,0
2360,0
2361,3
2362,5
2363,2
2364,5
2365,0
2366,4
2367,5
2368,2
2369,0
2370,1
2371,1
2372,5
2373,0
2374,0
2375,1
2376,1
2377,1
2378,3
2379,0
2380,0
2381,5
2382,5
2383,0
2384,0
2385,6
2386,0
2387,3
2388,4
2389,2
2390,1
2391,1
2392,5
2393,0
2394,4
2395,5
2396,5
2397,4
2398,3
2399,0
2400,1
2401,5
2402,0
2403,3
2404,1
2405,0
2406,0
2407,5
2408,6
2409,0
2410,1
2411,5
2412,0
2413,5
2414,0
2415,2
2416,1
2417,0
2418,2
2419,4
2420,0
2421,3
2422,0
2423,3
2424,1
2425,0
2426,3
2427,3
2428,2
2429,1
2430,5
2431,0
2432,5
2433,4
2434,3
2435,5
2436,1
2437,5
2438,0
2439,4
2440,2
2441,0
2442,0
2443,0
2444,0
2445,1
2446,0
2447,1
2448,0
2449,2
2450,3
2451,0
2452,0
2453,4
2454,0
2455,0
2456,0
2457,1
2458,4
2459,0
2460,3
2461,6
2462,0
2463,2
2464,0
2465,0
2466,5
2467,2
2468,3
2469,5
2470,0
2471,0
2472,2
2473,1
2474,1
2475,2
2476,3
2477,2
2478,1
2479,1
2480,0
2481,5
2482,5
2483,4
2484,5
2485,2
2486,3
2487,1
2488,2
2489,2
2490,0
2491,0
2492,0
2493,3
2494,1
2495,0
2496,5
2497,3
2498,2
2499,5
2500,5
2501,1
2502,0
2503,1
2504,0
2505,3
2506,5
2507,0
2508,0
2509,2
2510,3
2511,4
2512,5
2513,5
2514,0
2515,4
2516,3
2517,2
2518,5
2519,6
2520,0
2521,0
2522,4
2523,0
2524,0
2525,3
2526,1
2527,0
2528,5
2529,2
2530,0
2531,5
2532,0
2533,2
2534,3
2535,2
2536,6
2537,0
2538,0
2539,0
2540,2
2541,1
2542,0
2543,3
2544,3
2545,0
2546,0
2547,0
2548,5
2549,1
2550,1
2551,5
2552,4
2553,6
2554,0
2555,0
2556,4
2557,2
2558,1
2559,4
2560,3
2561,2
2562,2
2563,0
2564,0
2565,3
2566,3
2567,2
2568,2
2569,0
2570,0
2571,0
2572,4
2573,1
2574,4
2575,2
2576,0
2577,5
2578,0
2579,4
2580,1
2581,6
2582,4
2583,5
2584,4
2585,2
2586,0
2587,0
2588,0
2589,0
2590,0
2591,5
2592,5
2593,0
2594,0
2595,2
2596,1
2597,0
2598,1
2599,1
2600,5
2601,6
2602,0
2603,0
2604,0
2605,2
2606,3
2607,2
2608,4
2609,0
2610,3
2611,2
2612,5
2613,0
2614,1
2615,5
2616,0
2617,3
2618,0
2619,0
2620,5
2621,3
2622,0
2623,0
2624,4
2625,4
2626,0
2627,3
2628,0
2629,0
2630,6
2631,1
2632,0
2633,1
2634,1
2635,6
2636,3
2637,5
2638,4
2639,2
2640,4
2641,5
2642,2
2643,5
2644,6
2645,1
2646,4
2647,1
2648,0
2649,3
2650,4
2651,0
2652,5
2653,0
2654,0
2655,0
2656,0
2657,3
2658,0
2659,5
2660,3
2661,3
2662,4
2663,4
2664,1
2665,6
2666,0
2667,2
2668,2
2669,6
2670,0
2671,1
2672,1
2673,5
2674,4
2675,2
2676,4
2677,5
2678,0
2679,5
2680,6
2681,2
2682,5
2683,0
2684,0
2685,3
2686,0
2687,2
2688,0
2689,0
2690,0
2691,0
2692,5
2693,2
2694,6
2695,0
2696,2
2697,1
2698,0
2699,3
2700,2
2701,0
2702,1
2703,5
2704,0
2705,2
2706,1
2707,0
2708,0
2709,3
2710,0
2711,1
2712,0
2713,2
2714,0
2715,4
2716,2
2717,0
2718,4
2719,3
2720,2
2721,0
2722,3
2723,2
2724,0
2725,6
2726,2
2727,1
2728,0
2729,1
2730,0
2731,0
2732,0
2733,2
2734,2
2735,3
2736,5
2737,4
2738,1
2739,4
2740,0
2741,0
2742,2
2743,3
2744,6
2745,0
2746,2
2747,6
2748,0
2749,0
2750,5
2751,6
2752,0
2753,1
2754,3
2755,5
2756,6
2757,0
2758,0
2759,6
2760,3
2761,6
2762,3
2763,0
2764,3
2765,4
2766,0
2767,2
2768,3
2769,3
2770,1
2771,5
2772,4
2773,4
2774,0
2775,0
2776,1
2777,1
2778,5
2779,4
2780,4
2781,0
2782,6
2783,1
2784,0
2785,2
2786,3
2787,0
2788,0
2789,2
2790,2
2791,4
2792,6
2793,3
2794,5
2795,0
2796,5
2797,0
2798,0
2799,0
2800,0
2801,3
2802,0
2803,0
2804,5
2805,0
2806,0
2807,4
2808,4
2809,3
2810,1
2811,0
2812,0
2813,2
2814,0
2815,0
2816,5
2817,4
2818,0
2819,3
2820,0
2821,0
2822,0
2823,0
2824,6
2825,0
2826,5
2827,1
2828,2
2829,1
2830,5
2831,3
2832,0
2833,5
2834,4
2835,4
2836,5
2837,1
2838,2
2839,1
2840,3
2841,1
2842,2
2843,1
2844,0
2845,5
2846,1
2847,4
2848,3
2849,0
2850,0
2851,2
2852,0
2853,2
2854,1
2855,0
2856,0
2857,3
2858,5
2859,3
2860,1
2861,0
2862,5
2863,1
2864,1
2865,0
2866,1
2867,0
2868,0
2869,0
2870,0
2871,4
2872,5
2873,0
2874,0
2875,4
2876,0
2877,0
2878,4
2879,0
2880,1
2881,1
2882,2
2883,0
2884,3
2885,3
2886,1
2887,0
2888,0
2889,2
2890,1
2891,2
2892,4
2893,4
2894,6
2895,3
2896,0
2897,0
2898,2
2899,2
2900,3
2901,4
2902,4
2903,0
2904,1
2905,3
2906,0
2907,1
2908,2
2909,5
2910,4
2911,1
2912,2
2913,3
2914,0
2915,2
2916,4
2917,0
2918,0
2919,2
2920,5
2921,3
2922,6
2923,3
2924,3
2925,4
2926,1
2927,1
2928,2
2929,0
2930,4
2931,3
2932,1
2933,6
2934,5
2935,0
2936,0
2937,0
2938,3
2939,2
2940,6
2941,3
2942,4
2943,4
2944,1
2945,1
2946,4
2947,6
2948,2
2949,0
2950,4
2951,1
2952,1
2953,2
2954,0
2955,1
2956,4
2957,2
2958,0
2959,2
2960,1
2961,5
2962,4
2963,4
2964,0
2965,3
2966,4
2967,1
2968,3
2969,0
2970,0
2971,3
2972,5
2973,5
2974,5
2975,5
2976,3
2977,4
2978,0
2979,5
2980,0
2981,1
2982,5
2983,0
2984,1
2985,4
2986,4
2987,4
2988,0
2989,4
2990,4
2991,0
2992,4
2993,2
2994,6
2995,0
2996,3
2997,1
2998,0
2999,2
3000,0
3001,4
3002,5
3003,5
3004,0
3005,2
3006,2
3007,0
3008,5
3009,3
3010,3
3011,2
3012,3
3013,4
3014,1
3015,3
3016,2
3017,2
3018,5
3019,0
3020,0
3021,2
3022,0
3023,3
3024,2
3025,3
3026,3
3027,0
3028,1
3029,5
3030,3
3031,2
3032,4
3033,2
3034,0
3035,3
3036,4
3037,2
3038,2
3039,6
3040,0
3041,2
3042,6
3043,2
3044,1
3045,0
3046,4
3047,4
3048,1
3049,4
3050,0
3051,4
3052,4
3053,0
3054,0
3055,2
3056,1
3057,2
3058,5
3059,0
3060,0
3061,5
3062,3
3063,5
3064,1
3065,0
3066,0
3067,0
3068,0
3069,0
3070,2
3071,2
3072,0
3073,1
3074,0
3075,0
3076,0
3077,2
3078,0
3079,0
3080,0
3081,5
3082,0
3083,6
3084,4
3085,3
3086,0
3087,0
3088,3
3089,0
3090,1
3091,5
3092,0
3093,0
3094,0
3095,1
3096,3
3097,3
3098,2
3099,2
3100,1
3101,2
3102,3
3103,4
3104,0
3105,2
3106,1
3107,0
3108,3
3109,2
3110,3
3111,0
3112,0
3113,5
3114,1
3115,3
3116,2
3117,0
3118,0
3119,6
3120,5
3121,2
3122,0
3123,3
3124,4
3125,2
3126,6
3127,3
3128,2
3129,1
3130,4
3131,2
3132,0
3133,1
3134,2
3135,5
3136,1
3137,0
3138,3
3139,0
3140,2
3141,2
3142,2
3143,0
3144,1
3145,5
3146,2
3147,0
3148,2
3149,0
3150,4
3151,3
3152,0
3153,0
3154,0
3155,0
3156,6
3157,1
3158,1
3159,0
3160,4
3161,1
3162,1
3163,5
3164,2
3165,5
3166,6
3167,3
3168,0
3169,1
3170,5
3171,4
3172,1
3173,4
3174,5
3175,0
3176,4
3177,3
3178,0
3179,3
3180,5
3181,1
3182,4
3183,1
3184,3
3185,1
3186,1
3187,1
3188,5
3189,3
3190,5
3191,2
3192,4
3193,0
3194,0
3195,0
3196,3
3197,4
3198,5
3199,0
3200,6
3201,0
3202,4
3203,2
3204,2
3205,0
3206,0
3207,0
3208,5
3209,1
3210,3
3211,1
3212,1
3213,0
3214,0
3215,1
3216,0
3217,3
3218,0
3219,0
3220,2
3221,4
3222,4
3223,1
3224,6
3225,2
3226,1
3227,0
3228,1
3229,3
3230,0
3231,4
3232,0
3233,2
3234,0
3235,1
3236,0
3237,0
3238,0
3239,1
3240,5
3241,1
3242,0
3243,1
3244,5
3245,2
3246,0
3247,0
3248,1
3249,0
3250,4
3251,0
3252,3
3253,3
3254,2
3255,0
3256,3
3257,3
3258,2
3259,5
3260,1
3261,1
3262,4
3263,5
3264,4
3265,0
3266,2
3267,3
3268,3
3269,1
3270,0
3271,2
3272,0
3273,2
3274,0
3275,5
3276,3
3277,4
3278,0
3279,5
3280,0
3281,3
3282,2
3283,0
3284,1
3285,6
3286,0
3287,0
3288,1
3289,5
3290,2
3291,0
3292,5
3293,0
3294,0
3295,6
3296,0
3297,0
3298,0
3299,3
3300,0
3301,0
3302,1
3303,0
3304,2
3305,3
3306,0
3307,4
3308,2
3309,5
3310,2
3311,1
3312,5
3313,0
3314,0
3315,2
3316,4
3317,4
3318,5
3319,4
3320,0
3321,0
3322,5
3323,4
3324,0
3325,1
3326,0
3327,2
3328,0
3329,0
3330,4
3331,2
3332,3
3333,5
3334,2
3335,2
3336,5
3337,5
3338,0
3339,0
3340,4
3341,1
3342,1
3343,0
3344,1
3345,0
3346,5
3347,4
3348,1
3349,0
3350,0
3351,1
3352,3
3353,4
3354,4
3355,0
3356,1
3357,4
3358,4
3359,4
3360,0
3361,0
3362,5
3363,0
3364,0
3365,0
3366,0
3367,0
3368,4
3369,0
3370,6
3371,0
3372,0
3373,2
3374,5
3375,3
3376,2
3377,2
3378,0
3379,3
3380,0
3381,0
3382,1
3383,2
3384,5
3385,0
3386,2
3387,0
3388,3
3389,0
3390,4
3391,0
3392,6
3393,0
3394,3
3395,3
3396,1
3397,4
3398,0
3399,0
3400,0
3401,2
3402,5
3403,4
3404,0
3405,4
3406,0
3407,3
3408,1
3409,2
3410,0
3411,6
3412,2
3413,0
3414,1
3415,1
3416,4
3417,0
3418,3
3419,0
3420,2
3421,0
3422,0
3423,2
3424,3
3425,0
3426,4
3427,4
3428,2
3429,0
3430,3
3431,0
3432,0
3433,1
3434,5
3435,3
3436,1
3437,5
3438,0
3439,0
3440,0
3441,4
3442,2
3443,4
3444,0
3445,2
3446,5
3447,3
3448,0
3449,0
3450,1
3451,0
3452,3
3453,0
3454,1
3455,4
3456,0
3457,0
3458,0
3459,3
3460,4
3461,0
3462,5
3463,4
3464,6
3465,0
3466,0
3467,4
3468,3
3469,0
3470,3
3471,4
3472,0
3473,5
3474,5
3475,1
3476,0
3477,2
3478,0
3479,5
3480,0
3481,5
3482,2
3483,0
3484,2
3485,6
3486,1
3487,6
3488,0
3489,3
3490,0
3491,0
3492,4
3493,0
3494,0
3495,0
3496,2
3497,5
3498,0
3499,1
3500,3
3501,5
3502,3
3503,1
3504,3
3505,5
3506,2
3507,4
3508,3
3509,4
3510,5
3511,2
3512,3
3513,3
3514,5
3515,3
3516,0
3517,1
3518,6
3519,4
3520,0
3521,1
3522,0
3523,5
3524,4
3525,1
3526,0
3527,3
3528,5
3529,3
3530,2
3531,0
3532,5
3533,0
3534,1
3535,0
3536,1
3537,3
3538,1
3539,0
3540,0
3541,0
3542,1
3543,3
3544,2
3545,2
3546,0
3547,5
3548,0
3549,4
3550,1
3551,1
3552,0
3553,3
3554,0
3555,5
3556,3
3557,0
3558,3
3559,1
3560,5
3561,0
3562,5
3563,3
3564,5
3565,1
3566,0
3567,2
3568,5
3569,4
3570,5
3571,0
3572,0
3573,0
3574,1
3575,3
3576,0
3577,0
3578,2
3579,0
3580,0
3581,1
3582,2
3583,0
3584,5
3585,2
3586,0
3587,4
3588,2
3589,0
3590,2
3591,0
3592,4
3593,0
3594,0
3595,3
3596,5
3597,0
3598,0
3599,4
3600,5
3601,6
3602,3
3603,0
3604,4
3605,4
3606,1
3607,1
3608,1
3609,0
3610,3
3611,4
3612,0
3613,6
3614,3
3615,4
3616,0
3617,5
3618,1
3619,5
3620,1
3621,3
3622,1
3623,1
3624,0
3625,1
3626,0
3627,4
3628,1
3629,5
3630,3
3631,0
3632,6
3633,3
3634,5
3635,1
3636,1
3637,4
3638,0
3639,0
3640,0
3641,3
3642,1
3643,6
3644,0
3645,0
3646,5
3647,0
3648,0
3649,0
3650,2
3651,2
3652,0
3653,0
3654,0
3655,2
3656,0
3657,2
3658,0
3659,0
3660,0
3661,0
3662,3
3663,1
3664,0
3665,1
3666,0
3667,3
3668,2
3669,2
3670,2
3671,2
3672,0
3673,0
3674,3
3675,0
3676,1
3677,0
3678,3
3679,4
3680,0
3681,5
3682,0
3683,2
3684,1
3685,0
3686,0
3687,0
3688,5
3689,0
3690,1
3691,0
3692,0
3693,0
3694,5
3695,1
3696,5
3697,0
3698,3
3699,0
3700,4
3701,5
3702,1
3703,0
3704,0
3705,2
3706,4
3707,2
3708,0
3709,1
3710,3
3711,0
3712,0
3713,0
3714,2
3715,0
3716,1
3717,0
3718,5
3719,0
3720,5
3721,3
3722,2
3723,0
3724,0
3725,0
3726,1
3727,5
3728,0
3729,5
3730,1
3731,1
3732,2
3733,3
3734,1
3735,2
3736,0
3737,1
3738,0
3739,2
3740,1
3741,0
3742,3
3743,0
3744,5
3745,1
3746,0
3747,5
3748,0
3749,3
3750,0
3751,3
3752,1
3753,4
3754,2
3755,3
3756,5
3757,0
3758,0
3759,0
3760,6
3761,0
3762,1
3763,3
3764,6
3765,0
3766,1
3767,2
3768,3
3769,2
3770,3
3771,3
3772,0
3773,2
3774,0
3775,2
3776,0
3777,5
3778,4
3779,2
3780,5
3781,3
3782,5
3783,5
3784,0
3785,4
3786,5
3787,2
3788,0
3789,1
3790,5
3791,4
3792,6
3793,5
3794,1
3795,2
3796,3
3797,0
3798,2
3799,4
3800,4
3801,2
3802,0
3803,0
3804,5
3805,2
3806,4
3807,2
3808,6
3809,4
3810,6
3811,6
3812,0
3813,0
3814,0
3815,5
3816,5
3817,0
3818,0
3819,2
3820,3
3821,0
3822,1
3823,4
3824,0
3825,4
3826,2
3827,5
3828,0
3829,6
3830,4
3831,5
3832,4
3833,0
3834,3
3835,3
3836,0
3837,0
3838,2
3839,0
3840,3
3841,3
3842,0
3843,0
3844,1
3845,3
3846,6
3847,3
3848,0
3849,6
3850,0
3851,2
3852,0
3853,5
3854,1
3855,2
3856,2
3857,2
3858,0
3859,0
3860,0
3861,4
3862,3
3863,1
3864,5
3865,1
3866,0
3867,5
3868,2
3869,0
3870,0
3871,5
3872,0
3873,6
3874,4
3875,0
3876,2
3877,3
3878,0
3879,1
3880,5
3881,6
3882,4
3883,3
3884,1
3885,4
3886,0
3887,3
3888,3
3889,1
3890,0
3891,0
3892,0
3893,2
3894,0
3895,4
3896,0
3897,2
3898,2
3899,1
3900,0
3901,5
3902,3
3903,4
3904,0
3905,1
3906,0
3907,1
3908,0
3909,3
3910,0
3911,0
3912,0
3913,5
3914,0
3915,2
3916,2
3917,5
3918,6
3919,0
3920,0
3921,2
3922,1
3923,0
3924,2
3925,4
3926,0
3927,4
3928,3
3929,3
3930,4
3931,0
3932,4
3933,1
3934,5
3935,1
3936,3
3937,2
3938,0
3939,5
3940,3
3941,2
3942,1
3943,0
3944,4
3945,3
3946,1
3947,0
3948,0
3949,3
3950,0
3951,4
3952,0
3953,5
3954,2
3955,3
3956,0
3957,0
3958,5
3959,4
3960,0
3961,6
3962,4
3963,0
3964,6
3965,4
3966,5
3967,0
3968,0
3969,1
3970,3
3971,4
3972,0
3973,2
3974,3
3975,0
3976,0
3977,0
3978,1
3979,0
3980,0
3981,1
3982,2
3983,0
3984,0
3985,3
3986,0
3987,0
3988,6
3989,4
3990,1
3991,4
3992,4
3993,0
3994,0
3995,2
3996,0
3997,0
3998,5
3999,5
4000,1
4001,2
4002,3
4003,2
4004,1
4005,0
4006,5
4007,4
4008,1
4009,0
4010,4
4011,0
4012,1
4013,0
4014,0
4015,0
4016,6
4017,4
4018,0
4019,5
4020,3
4021,5
4022,4
4023,2
4024,4
4025,5
4026,1
4027,0
4028,0
4029,0
4030,6
4031,2
4032,1
4033,4
4034,4
4035,2
4036,5
4037,0
4038,0
4039,5
4040,3
4041,4
4042,2
4043,2
4044,5
4045,0
4046,4
4047,1
4048,5
4049,2
4050,4
4051,5
4052,0
4053,2
4054,1
4055,5
4056,4
4057,1
4058,0
4059,2
4060,0
4061,1
4062,0
4063,0
4064,4
4065,0
4066,5
4067,1
4068,1
4069,5
4070,3
4071,4
4072,5
4073,1
4074,0
4075,2
4076,0
4077,0
4078,5
4079,0
4080,0
4081,4
4082,0
4083,1
4084,5
4085,5
4086,4
4087,3
4088,0
4089,1
4090,5
4091,2
4092,6
4093,1
4094,0
4095,0
4096,3
4097,3
4098,1
4099,2
4100,4
4101,2
4102,1
4103,0
4104,0
4105,3
4106,5
4107,3
4108,2
4109,0
4110,0
4111,4
4112,0
4113,5
4114,2
4115,0
4116,1
4117,4
4118,2
4119,0
4120,0
4121,0
4122,6
4123,5
4124,1
4125,0
4126,1
4127,0
4128,1
4129,0
4130,0
4131,3
4132,0
4133,2
4134,0
4135,4
4136,1
4137,2
4138,0
4139,3
4140,0
4141,1
4142,1
4143,2
4144,0
4145,1
4146,4
4147,5
4148,5
4149,5
4150,5
4151,5
4152,1
4153,4
4154,3
4155,3
4156,5
4157,0
4158,0
4159,2
4160,0
4161,4
4162,1
4163,5
4164,6
4165,1
4166,5
4167,4
4168,0
4169,5
4170,0
4171,4
4172,5
4173,0
4174,3
4175,5
4176,0
4177,4
4178,0
4179,1
4180,0
4181,3
4182,5
4183,4
4184,1
4185,0
4186,0
4187,4
4188,1
4189,0
4190,3
4191,4
4192,5
4193,3
4194,3
4195,0
4196,0
4197,0
4198,0
4199,0
4200,4
4201,0
4202,3
4203,3
4204,4
4205,1
4206,1
4207,0
4208,1
4209,5
4210,0
4211,0
4212,0
4213,2
4214,5
4215,4
4216,1
4217,3
4218,0
4219,2
4220,2
4221,5
4222,0
4223,0
4224,0
4225,0
4226,5
4227,0
4228,4
4229,1
4230,1
4231,0
4232,0
4233,0
4234,1
4235,1
4236,0
4237,0
4238,4
4239,2
4240,1
4241,0
4242,5
4243,1
4244,4
4245,1
4246,5
4247,0
4248,4
4249,1
4250,4
4251,6
4252,1
4253,1
4254,5
4255,2
4256,1
4257,1
4258,1
4259,2
4260,2
4261,6
4262,5
4263,6
4264,0
4265,0
4266,0
4267,0
4268,3
4269,2
4270,2
4271,0
4272,1
4273,0
4274,5
4275,0
4276,5
4277,0
4278,0
4279,4
4280,4
4281,0
4282,2
4283,1
4284,6
4285,2
4286,6
4287,0
4288,2
4289,0
4290,2
4291,5
4292,0
4293,0
4294,1
4295,4
4296,2
4297,2
4298,1
4299,3
4300,0
4301,3
4302,2
4303,5
4304,3
4305,0
4306,0
4307,3
4308,0
4309,6
4310,1
4311,1
4312,0
4313,6
4314,1
4315,0
4316,1
4317,4
4318,0
4319,5
4320,4
4321,6
4322,0
4323,0
4324,0
4325,5
4326,0
4327,0
4328,0
4329,0
4330,2
4331,0
4332,2
4333,4
4334,0
4335,5
4336,3
4337,6
4338,2
4339,6
4340,4
4341,0
4342,3
4343,0
4344,2
4345,6
4346,3
4347,0
4348,0
4349,5
4350,4
4351,0
4352,4
4353,1
4354,1
4355,0
4356,3
4357,0
4358,4
4359,5
4360,0
4361,5
4362,5
4363,5
4364,0
4365,3
4366,0
4367,5
4368,4
4369,4
4370,5
4371,2
4372,6
4373,2
4374,5
4375,4
4376,0
4377,0
4378,1
4379,3
4380,1
4381,0
4382,1
4383,1
4384,1
4385,0
4386,3
4387,4
4388,3
4389,1
4390,6
4391,1
4392,1
4393,3
4394,0
4395,6
4396,4
4397,3
4398,3
4399,0
4400,2
4401,5
4402,0
4403,0
4404,2
4405,2
4406,1
4407,1
4408,5
4409,4
4410,0
4411,4
4412,0
4413,3
4414,2
4415,2
4416,4
4417,0
4418,4
4419,0
4420,0
4421,6
4422,3
4423,0
4424,4
4425,0
4426,2
4427,3
4428,0
4429,3
4430,0
4431,2
4432,0
4433,5
4434,0
4435,0
4436,4
4437,2
4438,3
4439,2
4440,0
4441,5
4442,4
4443,5
4444,4
4445,0
4446,0
4447,5
4448,1
4449,5
4450,0
4451,0
4452,3
4453,5
4454,0
4455,5
4456,6
4457,1
4458,1
4459,6
4460,5
4461,0
4462,2
4463,0
4464,5
4465,0
4466,4
4467,3
4468,0
4469,4
4470,3
4471,0
4472,5
4473,3
4474,3
4475,0
4476,2
4477,0
4478,5
4479,3
4480,5
4481,3
4482,5
4483,1
4484,4
4485,1
4486,2
4487,1
4488,0
4489,0
4490,0
4491,0
4492,0
4493,3
4494,1
4495,3
4496,4
4497,1
4498,0
4499,5
4500,4
4501,0
4502,2
4503,5
4504,2
4505,0
4506,0
4507,3
4508,1
4509,6
4510,0
4511,2
4512,6
4513,1
4514,1
4515,5
4516,2
4517,0
4518,0
4519,2
4520,5
4521,3
4522,5
4523,4
4524,3
4525,0
4526,4
4527,1
4528,4
4529,0
4530,0
4531,3
4532,0
4533,4
4534,0
4535,2
4536,0
4537,2
4538,0
4539,4
4540,2
4541,0
4542,2
4543,5
4544,1
4545,4
4546,3
4547,0
4548,0
4549,1
4550,0
4551,3
4552,5
4553,0
4554,1
4555,2
4556,0
4557,2
4558,0
4559,4
4560,2
4561,4
4562,5
4563,4
4564,0
4565,2
4566,3
4567,5
4568,2
4569,2
4570,2
4571,2
4572,2
4573,6
4574,1
4575,3
4576,0
4577,0
4578,3
4579,0
4580,1
4581,0
4582,4
4583,4
4584,3
4585,0
4586,0
4587,0
4588,4
4589,1
4590,5
4591,2
4592,5
4593,5
4594,1
4595,3
4596,0
4597,0
4598,3
4599,0
4600,3
4601,0
4602,2
4603,2
4604,1
4605,4
4606,0
4607,5
4608,2
4609,6
4610,0
4611,6
4612,2
4613,4
4614,0
4615,6
4616,0
4617,4
4618,2
4619,0
4620,5
4621,0
4622,0
4623,1
4624,2
4625,0
4626,1
4627,6
4628,4
4629,5
4630,0
4631,0
4632,1
4633,5
4634,5
4635,0
4636,2
4637,2
4638,0
4639,0
4640,5
4641,1
4642,4
4643,3
4644,1
4645,2
4646,4
4647,1
4648,4
4649,5
4650,0
4651,2
4652,4
4653,0
4654,4
4655,5
4656,0
4657,0
4658,1
4659,3
4660,6
4661,0
4662,6
4663,5
4664,2
4665,5
4666,5
4667,0
4668,0
4669,0
4670,5
4671,1
4672,4
4673,3
4674,2
4675,0
4676,0
4677,2
4678,2
4679,4
4680,4
4681,0
4682,3
4683,5
4684,0
4685,0
4686,1
4687,0
4688,0
4689,3
4690,1
4691,1
4692,0
4693,0
4694,1
4695,1
4696,6
4697,1
4698,0
4699,2
4700,0
4701,1
4702,0
4703,2
4704,2
4705,0
4706,0
4707,5
4708,1
4709,5
4710,0
4711,4
4712,4
4713,0
4714,3
4715,0
4716,4
4717,5
4718,1
4719,0
4720,1
4721,0
4722,0
4723,0
4724,5
4725,2
4726,4
4727,5
4728,0
4729,4
4730,0
4731,4
4732,4
4733,0
4734,0
4735,0
4736,0
4737,5
4738,1
4739,1
4740,6
4741,2
4742,0
4743,0
4744,4
4745,2
4746,5
4747,3
4748,4
4749,0
4750,0
4751,4
4752,4
4753,5
4754,0
4755,6
4756,4
4757,0
4758,2
4759,1
4760,0
4761,0
4762,0
4763,5
4764,4
4765,1
4766,1
4767,0
4768,0
4769,0
4770,1
4771,4
4772,2
4773,6
4774,2
4775,5
4776,5
4777,4
4778,0
4779,5
4780,1
4781,3
4782,4
4783,0
4784,3
4785,6
4786,4
4787,4
4788,0
4789,0
4790,4
4791,5
4792,1
4793,0
4794,4
4795,0
4796,6
4797,0
4798,3
4799,4
4800,1
4801,0
4802,5
4803,0
4804,5
4805,0
4806,5
4807,6
4808,0
4809,5
4810,6
4811,3
4812,4
4813,0
4814,3
4815,3
4816,1
4817,0
4818,5
4819,1
4820,2
4821,3
4822,1
4823,2
4824,0
4825,3
4826,0
4827,1
4828,4
4829,0
4830,1
4831,3
4832,4
4833,5
4834,1
4835,2
4836,0
4837,4
4838,1
4839,0
4840,0
4841,1
4842,0
4843,1
4844,2
4845,4
4846,0
4847,0
4848,4
4849,0
4850,0
4851,5
4852,3
4853,0
4854,0
4855,3
4856,0
4857,0
4858,3
4859,4
4860,3
4861,0
4862,4
4863,1
4864,0
4865,0
4866,5
4867,0
4868,0
4869,0
4870,0
4871,5
4872,0
4873,0
4874,3
4875,5
4876,5
4877,2
4878,2
4879,1
4880,1
4881,1
4882,0
4883,0
4884,5
4885,0
4886,0
4887,0
4888,0
4889,2
4890,5
4891,3
4892,4
4893,0
4894,1
4895,1
4896,5
4897,1
4898,0
4899,2
4900,0
4901,3
4902,3
4903,3
4904,5
4905,4
4906,2
4907,0
4908,2
4909,0
4910,3
4911,2
4912,4
4913,3
4914,0
4915,0
4916,0
4917,3
4918,5
4919,0
4920,1
4921,1
4922,0
4923,0
4924,5
4925,2
4926,5
4927,2
4928,0
4929,2
4930,0
4931,5
4932,0
4933,6
4934,0
4935,3
4936,1
4937,5
4938,4
4939,4
4940,0
4941,3
4942,1
4943,0
4944,5
4945,3
4946,5
4947,6
4948,5
4949,5
4950,0
4951,2
4952,3
4953,2
4954,0
4955,2
4956,5
4957,6
4958,5
4959,5
4960,0
4961,2
4962,0
4963,2
4964,5
4965,0
4966,2
4967,2
4968,1
4969,1
4970,3
4971,2
4972,3
4973,2
4974,2
4975,0
4976,4
4977,2
4978,0
4979,5
4980,2
4981,4
4982,1
4983,1
4984,6
4985,3
4986,6
4987,1
4988,3
4989,3
4990,1
4991,0
4992,5
4993,3
4994,0
4995,1
4996,0
4997,1
4998,4
4999,2
5000,0
5001,4
5002,0
5003,0
5004,2
5005,0
5006,4
5007,5
5008,4
5009,0
5010,5
5011,3
5012,1
5013,2
5014,3
5015,3
5016,0
5017,2
5018,0
5019,5
5020,2
5021,0
5022,0
5023,4
5024,0
5025,1
5026,6
5027,2
5028,2
5029,4
5030,0
5031,6
5032,5
5033,0
5034,2
5035,0
5036,4
5037,1
5038,0
5039,1
5040,5
5041,0
5042,5
5043,2
5044,0
5045,3
5046,0
5047,5
5048,5
5049,6
5050,2
5051,3
5052,0
5053,5
5054,0
5055,0
5056,3
5057,1
5058,0
5059,0
5060,0
5061,5
5062,5
5063,1
5064,1
5065,0
5066,0
5067,1
5068,2
5069,0
5070,4
5071,2
5072,1
5073,3
5074,3
5075,3
5076,3
5077,5
5078,6
5079,2
5080,0
5081,5
5082,0
5083,0
5084,0
5085,0
5086,1
5087,3
5088,2
5089,0
5090,1
5091,2
5092,0
5093,3
5094,4
5095,5
5096,0
5097,3
5098,0
5099,0
5100,3
5101,1
5102,6
5103,1
5104,0
5105,4
5106,0
5107,1
5108,2
5109,5
5110,0
5111,5
5112,5
5113,0
5114,1
5115,1
5116,5
5117,2
5118,3
5119,2
5120,3
5121,1
5122,0
5123,0
5124,5
5125,4
5126,3
5127,2
5128,2
5129,3
5130,2
5131,5
5132,1
5133,1
5134,5
5135,3
5136,1
5137,4
5138,0
5139,5
5140,4
5141,3
5142,2
5143,0
5144,1
5145,0
5146,2
5147,0
5148,6
5149,0
5150,4
5151,4
5152,0
5153,6
5154,5
5155,5
5156,0
5157,0
5158,5
5159,4
5160,0
5161,0
5162,0
5163,3
5164,5
5165,5
5166,3
5167,3
5168,5
5169,0
5170,2
5171,4
5172,5
5173,1
5174,0
5175,6
5176,4
5177,0
5178,0
5179,4
5180,0
5181,4
5182,2
5183,6
5184,0
5185,4
5186,2
5187,1
5188,0
5189,0
5190,2
5191,0
5192,0
5193,3
5194,5
5195,1
5196,2
5197,5
5198,0
5199,0
5200,0
5201,3
5202,4
5203,2
5204,0
5205,3
5206,5
5207,1
5208,0
5209,0
5210,0
5211,3
5212,5
5213,0
5214,6
5215,0
5216,3
5217,2
5218,1
5219,1
5220,3
5221,2
5222,5
5223,2
5224,0
5225,1
5226,1
5227,2
5228,2
5229,0
5230,3
5231,1
5232,1
5233,0
5234,1
5235,0
5236,0
5237,2
5238,1
5239,3
5240,2
5241,2
5242,1
5243,2
5244,1
5245,4
5246,1
5247,3
5248,4
5249,1
5250,1
5251,3
5252,0
5253,1
5254,5
5255,5
5256,4
5257,0
5258,1
5259,1
5260,4
5261,2
5262,5
5263,0
5264,4
5265,5
5266,0
5267,1
5268,3
5269,1
5270,5
5271,6
5272,1
5273,4
5274,3
5275,1
5276,0
5277,1
5278,0
5279,1
5280,0
5281,5
5282,3
5283,0
5284,5
5285,0
5286,0
5287,3
5288,2
5289,5
5290,0
5291,2
5292,1
5293,0
5294,0
5295,3
5296,5
5297,0
5298,4
5299,3
5300,5
5301,3
5302,0
5303,0
5304,1
5305,5
5306,4
5307,1
5308,2
5309,1
5310,0
5311,3
5312,0
5313,0
5314,3
5315,0
5316,0
5317,0
5318,0
5319,6
5320,4
5321,0
5322,2
5323,6
5324,6
5325,0
5326,0
5327,3
5328,3
5329,4
5330,4
5331,5
5332,2
5333,5
5334,0
5335,5
5336,0
5337,6
5338,4
5339,2
5340,2
5341,0
5342,4
5343,3
5344,4
5345,4
5346,0
5347,2
5348,1
5349,2
5350,0
5351,2
5352,5
5353,3
5354,0
5355,0
5356,0
5357,1
5358,3
5359,3
5360,5
5361,2
5362,0
5363,0
5364,6
5365,4
5366,4
5367,2
5368,2
5369,1
5370,2
5371,5
5372,2
5373,5
5374,3
5375,0
5376,0
5377,3
5378,0
5379,0
5380,0
5381,2
5382,1
5383,2
5384,1
5385,6
5386,4
5387,4
5388,1
5389,2
5390,5
5391,0
5392,1
5393,3
5394,4
5395,1
5396,4
5397,2
5398,0
5399,0
5400,2
5401,0
5402,0
5403,4
5404,0
5405,4
5406,5
5407,1
5408,0
5409,2
5410,5
5411,4
5412,1
5413,6
5414,0
5415,3
5416,5
5417,0
5418,0
5419,3
5420,3
5421,1
5422,0
5423,0
5424,3
5425,5
5426,4
5427,1
5428,3
5429,0
5430,0
5431,0
5432,1
5433,0
5434,5
5435,4
5436,6
5437,3
5438,1
5439,3
5440,2
5441,5
5442,4
5443,1
5444,0
5445,0
5446,5
5447,0
5448,0
5449,0
5450,0
5451,0
5452,0
5453,0
5454,3
5455,0
5456,3
5457,4
5458,2
5459,2
5460,0
5461,4
5462,4
5463,0
5464,4
5465,2
5466,5
5467,3
5468,5
5469,3
5470,1
5471,0
5472,5
5473,0
5474,0
5475,0
5476,2
5477,0
5478,0
5479,0
5480,1
5481,5
5482,0
5483,5
5484,0
5485,0
5486,6
5487,1
5488,3
5489,0
5490,3
5491,0
5492,0
5493,4
5494,2
5495,0
5496,0
5497,0
5498,0
5499,4
5500,4
5501,0
5502,2
5503,2
5504,2
5505,0
5506,0
5507,3
5508,2
5509,4
5510,3
5511,4
5512,5
5513,0
5514,0
5515,2
5516,6
5517,0
5518,0
5519,2
5520,0
5521,0
5522,2
5523,2
5524,4
5525,0
5526,0
5527,3
5528,6
5529,5
5530,4
5531,2
5532,0
5533,0
5534,1
5535,5
5536,5
5537,2
5538,0
5539,0
5540,1
5541,0
5542,2
5543,2
5544,5
5545,1
5546,6
5547,3
5548,0
5549,3
5550,0
5551,0
5552,0
5553,2
5554,4
5555,3
5556,4
5557,0
5558,1
5559,0
5560,6
5561,6
5562,5
5563,4
5564,3
5565,5
5566,3
5567,0
5568,1
5569,0
5570,0
5571,0
5572,4
5573,0
5574,0
5575,3
5576,4
5577,0
5578,0
5579,4
5580,3
5581,6
5582,0
5583,0
5584,2
5585,2
5586,5
5587,3
5588,4
5589,5
5590,2
5591,2
5592,0
5593,2
5594,1
5595,1
5596,5
5597,1
5598,0
5599,0
5600,3
5601,3
5602,4
5603,2
5604,5
5605,1
5606,0
5607,0
5608,0
5609,6
5610,1
5611,0
5612,2
5613,2
5614,0
5615,4
5616,1
5617,0
5618,3
5619,1
5620,3
5621,4
5622,2
5623,3
5624,0
5625,0
5626,1
5627,3
5628,3
5629,5
5630,3
5631,5
5632,3
5633,3
5634,1
5635,0
5636,3
5637,0
5638,0
5639,0
5640,2
5641,4
5642,1
5643,4
5644,3
5645,5
5646,0
5647,0
5648,0
5649,0
5650,1
5651,0
5652,0
5653,0
5654,0
5655,4
5656,0
5657,4
5658,0
5659,0
5660,2
5661,3
5662,1
5663,2
5664,6
5665,4
5666,1
5667,2
5668,6
5669,3
5670,4
5671,5
5672,0
5673,0
5674,1
5675,2
5676,0
5677,1
5678,2
5679,1
5680,0
5681,4
5682,4
5683,0
5684,0
5685,1
5686,0
5687,6
5688,3
5689,3
5690,5
5691,0
5692,1
5693,0
5694,0
5695,6
5696,1
5697,0
5698,1
5699,0
5700,1
5701,0
5702,0
5703,0
5704,0
5705,1
5706,5
5707,2
5708,0
5709,1
5710,1
5711,4
5712,3
5713,1
5714,0
5715,4
5716,1
5717,0
5718,0
5719,4
5720,5
5721,0
5722,5
5723,1
5724,4
5725,0
5726,4
5727,3
5728,4
5729,2
5730,0
5731,4
5732,0
5733,4
5734,0
5735,2
5736,4
5737,0
5738,6
5739,0
5740,5
5741,0
5742,2
5743,1
5744,0
5745,0
5746,5
5747,0
5748,6
5749,0
5750,6
5751,0
5752,1
5753,0
5754,2
5755,0
5756,0
5757,6
5758,4
5759,0
5760,4
5761,6
5762,0
5763,0
5764,1
5765,0
5766,2
5767,0
5768,2
5769,5
5770,2
5771,5
5772,2
5773,2
5774,0
5775,1
5776,0
5777,0
5778,2
5779,3
5780,0
5781,0
5782,1
5783,2
5784,0
5785,0
5786,0
5787,2
5788,1
5789,0
5790,0
5791,5
5792,2
5793,2
5794,5
5795,3
5796,4
5797,2
5798,4
5799,0
5800,4
5801,4
5802,3
5803,0
5804,1
5805,1
5806,4
5807,0
5808,3
5809,4
5810,3
5811,2
5812,0
5813,0
5814,0
5815,0
5816,1
5817,6
5818,0
5819,2
5820,1
5821,0
5822,3
5823,4
5824,1
5825,2
5826,2
5827,0
5828,1
5829,5
5830,1
5831,6
5832,5
5833,3
5834,2
5835,0
5836,1
5837,1
5838,0
5839,5
5840,1
5841,0
5842,5
5843,2
5844,3
5845,0
5846,1
5847,0
5848,0
5849,0
5850,5
5851,0
5852,1
5853,0
5854,0
5855,5
5856,0
5857,1
5858,1
5859,3
5860,2
5861,0
5862,1
5863,0
5864,4
5865,0
5866,4
5867,0
5868,0
5869,0
5870,4
5871,1
5872,1
5873,5
5874,2
5875,3
5876,2
5877,5
5878,3
5879,1
5880,1
5881,0
5882,5
5883,5
5884,0
5885,1
5886,4
5887,4
5888,2
5889,5
5890,0
5891,3
5892,4
5893,2
5894,3
5895,0
5896,1
5897,0
5898,1
5899,2
5900,4
5901,3
5902,0
5903,0
5904,5
5905,0
5906,0
5907,2
5908,6
5909,1
5910,2
5911,3
5912,0
5913,0
5914,5
5915,2
5916,0
5917,0
5918,0
5919,0
5920,0
5921,0
5922,5
5923,5
5924,2
5925,4
5926,2
5927,2
5928,3
5929,0
5930,1
5931,1
5932,0
5933,1
5934,0
5935,0
5936,5
5937,0
5938,3
5939,5
5940,0
5941,0
5942,2
5943,0
5944,0
5945,0
5946,2
5947,4
5948,5
5949,5
5950,0
5951,1
5952,2
5953,5
5954,2
5955,3
5956,1
5957,5
5958,4
5959,5
5960,1
5961,3
5962,3
5963,5
5964,3
5965,1
5966,2
5967,0
5968,4
5969,0
5970,4
5971,0
5972,1
5973,4
5974,0
5975,0
5976,0
5977,5
5978,0
5979,0
5980,2
5981,5
5982,4
5983,0
5984,0
5985,3
5986,2
5987,0
5988,2
5989,1
5990,5
5991,4
5992,1
5993,1
5994,0
5995,6
5996,1
5997,4
5998,5
5999,2
6000,0
6001,6
6002,2
6003,0
6004,4
6005,2
6006,4
6007,0
6008,2
6009,0
6010,0
6011,0
6012,4
6013,3
6014,1
6015,3
6016,3
6017,0
6018,2
6019,5
6020,0
6021,0
6022,0
6023,3
6024,4
6025,0
6026,0
6027,5
6028,4
6029,6
6030,0
6031,0
6032,0
6033,4
6034,3
6035,2
6036,1
6037,2
6038,0
6039,3
6040,4
6041,2
6042,0
6043,5
6044,3
6045,3
6046,0
6047,2
6048,5
6049,0
6050,0
6051,3
6052,3
6053,1
6054,0
6055,4
6056,4
6057,3
6058,3
6059,3
6060,0
6061,1
6062,5
6063,0
6064,0
6065,1
6066,1
6067,1
6068,0
6069,0
6070,4
6071,4
6072,1
6073,5
6074,0
6075,5
6076,0
6077,0
6078,2
6079,2
6080,3
6081,0
6082,0
6083,4
6084,0
6085,3
6086,2
6087,5
6088,3
6089,0
6090,2
6091,0
6092,2
6093,0
6094,0
6095,0
6096,0
6097,3
6098,4
6099,3
6100,5
6101,1
6102,0
6103,2
6104,1
6105,0
6106,3
6107,0
6108,2
6109,1
6110,0
6111,0
6112,3
6113,1
6114,0
6115,0
6116,4
6117,0
6118,3
6119,2
6120,5
6121,3
6122,0
6123,6
6124,1
6125,0
6126,1
6127,0
6128,0
6129,2
6130,1
6131,5
6132,4
6133,2
6134,0
6135,2
6136,5
6137,5
6138,0
6139,4
6140,6
6141,0
6142,4
6143,2
6144,4
6145,2
6146,0
6147,1
6148,0
6149,0
6150,0
6151,3
6152,1
6153,5
6154,0
6155,0
6156,0
6157,2
6158,0
6159,3
6160,5
6161,3
6162,4
6163,2
6164,5
6165,2
6166,2
6167,0
6168,4
6169,5
6170,5
6171,2
6172,3
6173,0
6174,5
6175,4
6176,0
6177,1
6178,0
6179,0
6180,5
6181,0
6182,1
6183,2
6184,4
6185,2
6186,2
6187,0
6188,4
6189,1
6190,0
6191,1
6192,4
6193,0
6194,0
6195,5
6196,2
6197,0
6198,1
6199,3
6200,5
6201,2
6202,1
6203,2
6204,5
6205,2
6206,2
6207,1
6208,0
6209,0
6210,0
6211,6
6212,0
6213,0
6214,0
6215,4
6216,2
6217,2
6218,4
6219,3
6220,3
6221,0
6222,3
6223,1
6224,1
6225,0
6226,3
6227,2
6228,2
6229,0
6230,2
6231,0
6232,1
6233,2
6234,1
6235,3
6236,4
6237,0
6238,1
6239,2
6240,5
6241,0
6242,0
6243,6
6244,4
6245,2
6246,0
6247,6
6248,5
6249,0
6250,2
6251,3
6252,5
6253,4
6254,4
6255,6
6256,0
6257,1
6258,5
6259,4
6260,1
6261,0
6262,2
6263,0
6264,0
6265,2
6266,0
6267,3
6268,4
6269,0
6270,1
6271,0
6272,4
6273,1
6274,0
6275,2
6276,3
6277,0
6278,0
6279,2
6280,1
6281,0
6282,2
6283,1
6284,0
6285,0
6286,3
6287,4
6288,2
6289,2
6290,5
6291,1
6292,2
6293,0
6294,0
6295,2
6296,0
6297,4
6298,4
6299,2
6300,3
6301,0
6302,3
6303,6
6304,0
6305,2
6306,6
6307,0
6308,5
6309,1
6310,4
6311,3
6312,4
6313,2
6314,2
6315,1
6316,0
6317,4
6318,3
6319,0
6320,3
6321,1
6322,0
6323,0
6324,0
6325,0
6326,0
6327,6
6328,0
6329,2
6330,5
6331,5
6332,0
6333,2
6334,0
6335,1
6336,3
6337,0
6338,5
6339,1
6340,0
6341,4
6342,2
6343,2
6344,0
6345,6
6346,3
6347,0
6348,3
6349,5
6350,0
6351,4
6352,1
6353,0
6354,6
6355,2
6356,0
6357,1
6358,4
6359,0
6360,0
6361,3
6362,0
6363,0
6364,2
6365,0
6366,0
6367,4
6368,4
6369,5
6370,0
6371,3
6372,0
6373,2
6374,5
6375,2
6376,0
6377,0
6378,1
6379,5
6380,0
6381,2
6382,6
6383,0
6384,0
6385,0
6386,3
6387,4
6388,0
6389,3
6390,0
6391,2
6392,0
6393,0
6394,0
6395,0
6396,6
6397,1
6398,0
6399,2
6400,2
6401,0
6402,6
6403,2
6404,0
6405,5
6406,1
6407,0
6408,0
6409,5
6410,6
6411,1
6412,0
6413,0
6414,4
6415,5
6416,0
6417,4
6418,0
6419,3
6420,0
6421,1
6422,5
6423,2
6424,0
6425,0
6426,3
6427,1
6428,5
6429,4
6430,0
6431,0
6432,5
6433,0
6434,5
6435,2
6436,5
6437,0
6438,3
6439,2
6440,2
6441,5
6442,1
6443,2
6444,4
6445,1
6446,2
6447,6
6448,2
6449,0
6450,3
6451,2
6452,2
6453,5
6454,2
6455,1
6456,2
6457,5
6458,2
6459,0
6460,0
6461,3
6462,0
6463,4
6464,3
6465,0
6466,0
6467,0
6468,4
6469,5
6470,6
6471,6
6472,0
6473,2
6474,3
6475,4
6476,0
6477,0
6478,0
6479,0
6480,3
6481,5
6482,2
6483,3
6484,4
6485,0
6486,0
6487,6
6488,4
6489,2
6490,4
6491,0
6492,0
6493,2
6494,0
6495,0
6496,0
6497,0
6498,4
6499,2
6500,2
6501,4
6502,4
6503,3
6504,2
6505,0
6506,0
6507,3
6508,5
6509,1
6510,0
6511,3
6512,5
6513,4
6514,0
6515,0
6516,0
6517,0
6518,6
6519,5
6520,3
6521,0
6522,1
6523,0
6524,0
6525,0
6526,1
6527,6
6528,2
6529,2
6530,5
6531,4
6532,6
6533,4
6534,2
6535,5
6536,0
6537,2
6538,0
6539,0
6540,3
6541,2
6542,2
6543,5
6544,0
6545,4
6546,6
6547,0
6548,0
6549,5
6550,4
6551,4
6552,2
6553,0
6554,0
6555,0
6556,2
6557,0
6558,5
6559,0
6560,1
6561,1
6562,3
6563,0
6564,0
6565,3
6566,0
6567,0
6568,0
6569,1
6570,2
6571,5
6572,2
6573,1
6574,0
6575,3
6576,0
6577,2
6578,3
6579,6
6580,4
6581,1
6582,6
6583,1
6584,0
6585,0
6586,1
6587,0
6588,2
6589,0
6590,2
6591,3
6592,2
6593,2
6594,2
6595,0
6596,3
6597,3
6598,1
6599,0
6600,5
6601,4
6602,0
6603,0
6604,2
6605,5
6606,0
6607,1
6608,3
6609,3
6610,5
6611,0
6612,5
6613,1
6614,0
6615,6
6616,4
6617,0
6618,1
6619,4
6620,0
6621,4
6622,0
6623,0
6624,2
6625,0
6626,2
6627,2
6628,1
6629,0
6630,0
6631,2
6632,2
6633,0
6634,1
6635,3
6636,3
6637,0
6638,3
6639,3
6640,3
6641,0
6642,5
6643,2
6644,2
6645,0
6646,0
6647,0
6648,1
6649,3
6650,0
6651,4
6652,2
6653,6
6654,5
6655,3
6656,3
6657,2
6658,5
6659,2
6660,6
6661,0
6662,1
6663,3
6664,5
6665,0
6666,1
6667,4
6668,0
6669,4
6670,5
6671,5
6672,0
6673,0
6674,4
6675,5
6676,3
6677,3
6678,4
6679,5
6680,1
6681,2
6682,0
6683,0
6684,3
6685,1
6686,2
6687,3
6688,3
6689,3
6690,4
6691,6
6692,0
6693,0
6694,3
6695,5
6696,1
6697,5
6698,3
6699,0
6700,1
6701,0
6702,0
6703,3
6704,0
6705,1
6706,5
6707,4
6708,1
6709,2
6710,0
6711,0
6712,1
6713,0
6714,0
6715,0
6716,1
6717,3
6718,5
6719,2
6720,1
6721,0
6722,4
6723,0
6724,4
6725,5
6726,3
6727,0
6728,3
6729,0
6730,1
6731,0
6732,1
6733,3
6734,4
6735,4
6736,5
6737,3
6738,0
6739,0
6740,5
6741,1
6742,0
6743,0
6744,0
6745,4
6746,4
6747,0
6748,2
6749,0
6750,1
6751,1
6752,1
6753,4
6754,4
6755,4
6756,0
6757,3
6758,1
6759,5
6760,4
6761,5
6762,0
6763,0
6764,5
6765,5
6766,5
6767,0
6768,1
6769,0
6770,0
6771,2
6772,0
6773,5
6774,1
6775,2
6776,0
6777,2
6778,0
6779,4
6780,0
6781,0
6782,5
6783,0
6784,0
6785,5
6786,2
6787,4
6788,4
6789,5
6790,0
6791,4
6792,0
6793,5
6794,1
6795,4
6796,5
6797,1
6798,3
6799,5
6800,1
6801,0
6802,4
6803,5
6804,2
6805,3
6806,0
6807,5
6808,0
6809,0
6810,0
6811,2
6812,6
6813,5
6814,5
6815,0
6816,6
6817,0
6818,4
6819,0
6820,4
6821,2
6822,0
6823,1
6824,1
6825,3
6826,4
6827,1
6828,2
6829,0
6830,2
6831,0
6832,0
6833,5
6834,6
6835,0
6836,4
6837,1
6838,0
6839,3
6840,3
6841,3
6842,3
6843,1
6844,3
6845,2
6846,3
6847,4
6848,0
6849,4
6850,0
6851,4
6852,2
6853,0
6854,3
6855,1
6856,3
6857,5
6858,1
6859,0
6860,1
6861,4
6862,0
6863,3
6864,6
6865,2
6866,0
6867,3
6868,5
6869,0
6870,0
6871,6
6872,5
6873,0
6874,3
6875,3
6876,0
6877,0
6878,2
6879,2
6880,0
6881,4
6882,2
6883,3
6884,5
6885,0
6886,0
6887,0
6888,2
6889,4
6890,0
6891,0
6892,4
6893,0
6894,5
6895,3
6896,6
6897,3
6898,0
6899,0
6900,0
6901,2
6902,1
6903,5
6904,4
6905,0
6906,0
6907,2
6908,1
6909,0
6910,6
6911,2
6912,0
6913,1
6914,3
6915,5
6916,1
6917,5
6918,2
6919,1
6920,5
6921,2
6922,0
6923,0
6924,4
6925,0
6926,6
6927,4
6928,0
6929,3
6930,3
6931,1
6932,0
6933,0
6934,0
6935,0
6936,0
6937,1
6938,0
6939,0
6940,6
6941,0
6942,0
6943,0
6944,0
6945,6
6946,4
6947,0
6948,2
6949,3
6950,4
6951,0
6952,4
6953,0
6954,0
6955,5
6956,5
6957,1
6958,2
6959,0
6960,0
6961,4
6962,0
6963,4
6964,3
6965,0
6966,2
6967,0
6968,2
6969,6
6970,1
6971,4
6972,2
6973,0
6974,2
6975,1
6976,0
6977,2
6978,0
6979,1
6980,5
6981,6
6982,0
6983,6
6984,4
6985,4
6986,1
6987,0
6988,1
6989,0
6990,4
6991,1
6992,0
6993,2
6994,5
6995,5
6996,5
6997,4
6998,1
6999,5
7000,5
7001,5
7002,5
7003,2
7004,0
7005,4
7006,0
7007,6
7008,0
7009,3
7010,5
7011,0
7012,5
7013,0
7014,1
7015,0
7016,0
7017,3
7018,0
7019,0
7020,0
7021,0
7022,4
7023,5
7024,0
7025,6
7026,0
7027,0
7028,0
7029,4
7030,0
7031,4
7032,4
7033,4
7034,2
7035,2
7036,3
7037,0
7038,1
7039,5
7040,3
7041,0
7042,4
7043,1
7044,2
7045,6
7046,3
7047,0
7048,0
7049,4
7050,6
7051,3
7052,2
7053,1
7054,6
7055,0
7056,0
7057,6
7058,3
7059,3
7060,4
7061,1
7062,2
7063,2
7064,0
7065,1
7066,1
7067,0
7068,0
7069,0
7070,1
7071,4
7072,3
7073,5
7074,1
7075,2
7076,3
7077,0
7078,0
7079,2
7080,1
7081,5
7082,0
7083,4
7084,0
7085,3
7086,1
7087,0
7088,0
7089,1
7090,3
7091,0
7092,0
7093,4
7094,2
7095,4
7096,0
7097,0
7098,3
7099,5
7100,0
7101,1
7102,0
7103,0
7104,3
7105,5
7106,3
7107,0
7108,1
7109,0
7110,6
7111,1
7112,0
7113,0
7114,0
7115,6
7116,5
7117,3
7118,4
7119,3
7120,6
7121,3
7122,0
7123,5
7124,0
7125,4
7126,0
7127,2
7128,1
7129,1
7130,5
7131,0
7132,4
7133,0
7134,4
7135,0
7136,2
7137,5
7138,2
7139,0
7140,1
7141,5
7142,5
7143,0
7144,1
7145,2
7146,5
7147,0
7148,0
7149,0
7150,0
7151,5
7152,5
7153,3
7154,5
7155,5
7156,1
7157,4
7158,0
7159,0
7160,4
7161,4
7162,4
7163,0
7164,6
7165,2
7166,1
7167,1
7168,5
7169,2
7170,6
7171,1
7172,0
7173,1
7174,1
7175,6
7176,4
7177,0
7178,0
7179,6
7180,1
7181,4
7182,2
7183,3
7184,5
7185,1
7186,5
7187,0
7188,1
7189,2
7190,0
7191,1
7192,1
7193,3
7194,0
7195,5
7196,6
7197,0
7198,1
7199,3
7200,4
7201,0
7202,0
7203,3
7204,0
7205,4
7206,2
7207,1
7208,5
7209,2
7210,5
7211,0
7212,4
7213,5
7214,0
7215,0
7216,1
7217,0
7218,3
7219,5
7220,0
7221,4
7222,3
7223,3
7224,6
7225,2
7226,1
7227,0
7228,0
7229,0
7230,2
7231,3
7232,3
7233,0
7234,4
7235,3
7236,1
7237,4
7238,2
7239,0
7240,0
7241,0
7242,0
7243,5
7244,0
7245,2
7246,0
7247,2
7248,3
7249,0
7250,2
7251,3
7252,6
7253,4
7254,2
7255,6
7256,4
7257,4
7258,4
7259,0
7260,3
7261,5
7262,0
7263,0
7264,2
7265,0
7266,0
7267,4
7268,4
7269,2
7270,0
7271,1
7272,0
7273,2
7274,5
7275,0
7276,2
7277,0
7278,2
7279,0
7280,1
7281,0
7282,0
7283,2
7284,3
7285,4
7286,0
7287,5
7288,0
7289,1
7290,4
7291,4
7292,5
7293,1
7294,5
7295,4
7296,2
7297,0
7298,0
7299,1
7300,1
7301,6
7302,0
7303,5
7304,1
7305,0
7306,3
7307,2
7308,0
7309,0
7310,0
7311,0
7312,1
7313,0
7314,0
7315,1
7316,0
7317,2
7318,1
7319,2
7320,2
7321,3
7322,6
7323,0
7324,6
7325,2
7326,6
7327,0
7328,1
7329,4
7330,0
7331,1
7332,3
7333,0
7334,6
7335,0
7336,0
7337,5
7338,0
7339,3
7340,0
7341,0
7342,4
7343,5
7344,2
7345,3
7346,2
7347,2
7348,3
7349,0
7350,0
7351,0
7352,0
7353,2
7354,5
7355,6
7356,2
7357,6
7358,4
7359,1
7360,4
7361,0
7362,1
7363,4
7364,1
7365,3
7366,4
7367,5
7368,1
7369,4
7370,0
7371,0
7372,2
7373,1
7374,0
7375,2
7376,4
7377,3
7378,5
7379,2
7380,2
7381,3
7382,1
7383,2
7384,0
7385,4
7386,1
7387,2
7388,0
7389,4
7390,0
7391,3
7392,3
7393,0
7394,1
7395,4
7396,0
7397,0
7398,0
7399,0
7400,1
7401,5
7402,0
7403,0
7404,0
7405,2
7406,2
7407,6
7408,5
7409,2
7410,0
7411,1
7412,4
7413,0
7414,1
7415,3
7416,5
7417,4
7418,0
7419,0
7420,0
7421,2
7422,1
7423,0
7424,2
7425,4
7426,5
7427,5
7428,0
7429,0
7430,2
7431,1
7432,0
7433,5
7434,1
7435,6
7436,2
7437,1
7438,6
7439,1
7440,3
7441,4
7442,0
7443,0
7444,0
7445,3
7446,0
7447,0
7448,3
7449,1
7450,0
7451,4
7452,0
7453,0
7454,1
7455,3
7456,3
7457,3
7458,2
7459,0
7460,0
7461,6
7462,0
7463,0
7464,1
7465,4
7466,2
7467,1
7468,3
7469,0
7470,0
7471,0
7472,2
7473,2
7474,0
7475,3
7476,1
7477,0
7478,0
7479,0
7480,0
7481,1
7482,3
7483,5
7484,0
7485,0
7486,1
7487,2
7488,0
7489,6
7490,0
7491,4
7492,4
7493,3
7494,0
7495,0
7496,1
7497,2
7498,2
7499,2
7500,2
7501,0
7502,4
7503,2
7504,5
7505,5
7506,5
7507,3
7508,1
7509,4
7510,2
7511,5
7512,4
7513,2
7514,1
7515,0
7516,5
7517,0
7518,4
7519,0
7520,0
7521,6
7522,5
7523,2
7524,5
7525,5
7526,0
7527,5
7528,3
7529,3
7530,0
7531,2
7532,5
7533,0
7534,0
7535,3
7536,5
7537,1
7538,5
7539,5
7540,0
7541,3
7542,1
7543,4
7544,4
7545,4
7546,2
7547,2
7548,0
7549,1
7550,0
7551,3
7552,2
7553,2
7554,0
7555,2
7556,1
7557,6
7558,4
7559,4
7560,0
7561,3
7562,1
7563,6
7564,4
7565,0
7566,1
7567,0
7568,0
7569,3
7570,0
7571,2
7572,1
7573,3
7574,2
7575,5
7576,0
7577,0
7578,0
7579,3
7580,1
7581,6
7582,0
7583,4
7584,4
7585,4
7586,0
7587,1
7588,3
7589,4
7590,4
7591,3
7592,0
7593,2
7594,0
7595,1
7596,4
7597,5
7598,4
7599,6
7600,5
7601,1
7602,4
7603,6
7604,3
7605,4
7606,0
7607,1
7608,0
7609,0
7610,0
7611,2
7612,0
7613,0
7614,0
7615,3
7616,0
7617,5
7618,0
7619,5
7620,3
7621,3
7622,0
7623,0
7624,0
7625,2
7626,2
7627,3
7628,4
7629,5
7630,0
7631,6
7632,0
7633,2
7634,0
7635,4
7636,2
7637,5
7638,0
7639,5
7640,2
7641,4
7642,6
7643,2
7644,0
7645,0
7646,4
7647,1
7648,1
7649,0
7650,5
7651,4
7652,5
7653,4
7654,4
7655,1
7656,4
7657,0
7658,3
7659,4
7660,5
7661,0
7662,2
7663,0
7664,0
7665,3
7666,1
7667,0
7668,4
7669,0
7670,1
7671,0
7672,5
7673,4
7674,0
7675,0
7676,1
7677,0
7678,0
7679,1
7680,2
7681,1
7682,2
7683,1
7684,5
7685,5
7686,4
7687,3
7688,0
7689,1
7690,5
7691,2
7692,2
7693,0
7694,3
7695,0
7696,4
7697,2
7698,3
7699,2
7700,0
7701,5
7702,1
7703,0
7704,1
7705,1
7706,3
7707,1
7708,0
7709,3
7710,6
7711,5
7712,0
7713,3
7714,3
7715,0
7716,1
7717,0
7718,0
7719,0
7720,0
7721,0
7722,2
7723,0
7724,4
7725,4
7726,0
7727,3
7728,0
7729,2
7730,0
7731,2
7732,2
7733,0
7734,1
7735,2
7736,3
7737,3
7738,0
7739,0
7740,0
7741,0
7742,6
7743,5
7744,0
7745,0
7746,4
7747,0
7748,1
7749,1
7750,2
7751,2
7752,1
7753,2
7754,2
7755,3
7756,1
7757,2
7758,0
7759,0
7760,0
7761,0
7762,1
7763,5
7764,2
7765,0
7766,0
7767,1
7768,0
7769,4
7770,2
7771,5
7772,5
7773,3
7774,3
7775,1
7776,5
7777,0
7778,6
7779,2
7780,0
7781,3
7782,1
7783,2
7784,4
7785,1
7786,4
7787,4
7788,0
7789,4
7790,0
7791,0
7792,3
7793,0
7794,2
7795,2
7796,0
7797,0
7798,1
7799,1
7800,6
7801,1
7802,4
7803,2
7804,0
7805,3
7806,6
7807,4
7808,4
7809,6
7810,0
7811,2
7812,5
7813,0
7814,2
7815,0
7816,3
7817,0
7818,0
7819,1
7820,4
7821,0
7822,3
7823,5
7824,2
7825,1
7826,5
7827,0
7828,5
7829,3
7830,3
7831,4
7832,3
7833,3
7834,2
7835,0
7836,0
7837,5
7838,3
7839,3
7840,0
7841,0
7842,3
7843,0
7844,1
7845,1
7846,0
7847,0
7848,0
7849,1
7850,0
7851,4
7852,5
7853,4
7854,0
7855,4
7856,3
7857,2
7858,5
7859,0
7860,0
7861,3
7862,0
7863,0
7864,3
7865,1
7866,3
7867,0
7868,3
7869,5
7870,1
7871,0
7872,0
7873,1
7874,1
7875,2
7876,6
7877,2
7878,0
7879,1
7880,0
7881,0
7882,1
7883,1
7884,0
7885,0
7886,0
7887,3
7888,1
7889,2
7890,3
7891,2
7892,4
7893,0
7894,3
7895,0
7896,0
7897,4
7898,5
7899,2
7900,2
7901,4
7902,0
7903,0
7904,0
7905,1
7906,1
7907,5
7908,6
7909,6
7910,0
7911,5
7912,1
7913,3
7914,2
7915,4
7916,5
7917,6
7918,6
7919,0
7920,0
7921,0
7922,2
7923,4
7924,2
7925,2
7926,0
7927,1
7928,0
7929,1
7930,5
7931,2
7932,4
7933,4
7934,4
7935,0
7936,0
7937,5
7938,5
7939,2
7940,0
7941,6
7942,1
7943,0
7944,3
7945,2
7946,5
7947,5
7948,3
7949,5
7950,4
7951,0
7952,2
7953,2
7954,1
7955,4
7956,3
7957,0
7958,0
7959,5
7960,0
7961,1
7962,2
7963,5
7964,3
7965,0
7966,1
7967,1
7968,2
7969,0
7970,3
7971,0
7972,0
7973,1
7974,0
7975,0
7976,1
7977,1
7978,5
7979,2
7980,1
7981,5
7982,0
7983,0
7984,5
7985,5
7986,1
7987,5
7988,0
7989,0
7990,2
7991,0
7992,2
7993,0
7994,0
7995,2
7996,5
7997,0
7998,0
7999,1
8000,3
8001,5
8002,5
8003,5
8004,0
8005,2
8006,0
8007,5
8008,0
8009,0
8010,3
8011,2
8012,4
8013,0
8014,0
8015,1
8016,0
8017,3
8018,0
8019,5
8020,5
8021,0
8022,5
8023,2
8024,0
8025,5
8026,0
8027,3
8028,3
8029,0
8030,2
8031,2
8032,3
8033,3
8034,1
8035,2
8036,0
8037,1
8038,1
8039,5
8040,0
8041,0
8042,3
8043,4
8044,4
8045,2
8046,5
8047,6
8048,5
8049,1
8050,3
8051,0
8052,2
8053,3
8054,1
8055,3
8056,5
8057,1
8058,0
8059,2
8060,0
8061,1
8062,1
8063,0
8064,0
8065,0
8066,4
8067,2
8068,0
8069,1
8070,1
8071,2
8072,5
8073,0
8074,6
8075,2
8076,4
8077,3
8078,1
8079,2
8080,2
8081,0
8082,0
8083,2
8084,0
8085,0
8086,3
8087,3
8088,0
8089,0
8090,6
8091,5
8092,0
8093,4
8094,5
8095,0
8096,3
8097,2
8098,4
8099,0
8100,0
8101,0
8102,5
8103,0
8104,2
8105,5
8106,4
8107,0
8108,5
8109,5
8110,0
8111,1
8112,4
8113,2
8114,1
8115,5
8116,5
8117,4
8118,0
8119,5
8120,6
8121,0
8122,0
8123,6
8124,3
8125,3
8126,0
8127,3
8128,4
8129,3
8130,3
8131,4
8132,2
8133,0
8134,0
8135,0
8136,1
8137,2
8138,0
8139,5
8140,2
8141,0
8142,0
8143,1
8144,4
8145,4
8146,3
8147,2
8148,5
8149,2
8150,4
8151,0
8152,5
8153,4
8154,2
8155,2
8156,3
8157,2
8158,1
8159,1
8160,1
8161,5
8162,0
8163,1
8164,2
8165,0
8166,1
8167,0
8168,0
8169,0
8170,0
8171,2
8172,0
8173,2
8174,4
8175,0
8176,0
8177,5
8178,3
8179,0
8180,5
8181,0
8182,0
8183,1
8184,3
8185,2
8186,0
8187,4
8188,1
8189,0
8190,3
8191,5
8192,4
8193,1
8194,2
8195,5
8196,0
8197,3
8198,3
8199,2
8200,2
8201,0
8202,6
8203,0
8204,4
8205,1
8206,0
8207,5
8208,3
8209,6
8210,0
8211,0
8212,0
8213,2
8214,2
8215,2
8216,0
8217,0
8218,0
8219,0
8220,5
8221,0
8222,3
8223,3
8224,4
8225,6
8226,5
8227,0
8228,1
8229,0
8230,5
8231,4
8232,3
8233,0
8234,3
8235,0
8236,5
8237,1
8238,2
8239,3
8240,1
8241,2
8242,1
8243,0
8244,4
8245,5
8246,4
8247,1
8248,0
8249,0
8250,1
8251,0
8252,0
8253,0
8254,0
8255,0
8256,2
8257,5
8258,5
8259,5
8260,3
8261,0
8262,2
8263,0
8264,0
8265,6
8266,2
8267,3
8268,5
8269,0
8270,3
8271,0
8272,0
8273,6
8274,3
8275,5
8276,0
8277,0
8278,0
8279,0
8280,1
8281,0
8282,0
8283,1
8284,0
8285,0
8286,4
8287,3
8288,2
8289,5
8290,5
8291,2
8292,1
8293,0
8294,5
8295,1
8296,2
8297,1
8298,4
8299,5
8300,0
8301,3
8302,0
8303,0
8304,5
8305,5
8306,0
8307,3
8308,4
8309,0
8310,0
8311,4
8312,2
8313,2
8314,0
8315,1
8316,6
8317,1
8318,1
8319,4
8320,2
8321,5
8322,3
8323,0
8324,0
8325,1
8326,2
8327,4
8328,0
8329,4
8330,3
8331,4
8332,0
8333,3
8334,3
8335,0
8336,0
8337,5
8338,0
8339,2
8340,3
8341,0
8342,3
8343,0
8344,3
8345,4
8346,4
8347,5
8348,2
8349,3
8350,1
8351,2
8352,3
8353,0
8354,1
8355,0
8356,4
8357,3
8358,1
8359,2
8360,0
8361,2
8362,3
8363,0
8364,3
8365,5
8366,2
8367,0
8368,1
8369,4
8370,3
8371,3
8372,0
8373,2
8374,5
8375,0
8376,2
8377,1
8378,2
8379,2
8380,1
8381,1
8382,0
8383,6
8384,1
8385,0
8386,3
8387,5
8388,0
8389,0
8390,3
8391,1
8392,6
8393,5
8394,6
8395,0
8396,6
8397,0
8398,1
8399,3
8400,5
8401,0
8402,2
8403,3
8404,2
8405,0
8406,5
8407,0
8408,2
8409,5
8410,1
8411,2
8412,0
8413,1
8414,0
8415,0
8416,5
8417,0
8418,6
8419,2
8420,2
8421,0
8422,2
8423,5
8424,0
8425,0
8426,4
8427,0
8428,1
8429,0
8430,0
8431,2
8432,2
8433,6
8434,0
8435,5
8436,0
8437,1
8438,2
8439,4
8440,1
8441,1
8442,3
8443,5
8444,0
8445,4
8446,4
8447,5
8448,5
8449,3
8450,1
8451,0
8452,0
8453,0
8454,2
8455,2
8456,0
8457,0
8458,0
8459,5
8460,1
8461,0
8462,2
8463,4
8464,1
8465,0
8466,0
8467,3
8468,0
8469,5
8470,0
8471,5
8472,0
8473,3
8474,0
8475,4
8476,4
8477,1
8478,5
8479,0
8480,2
8481,5
8482,5
8483,4
8484,0
8485,0
8486,0
8487,1
8488,0
8489,4
8490,0
8491,2
8492,2
8493,1
8494,0
8495,5
8496,3
8497,1
8498,2
8499,1
8500,4
8501,4
8502,0
8503,2
8504,1
8505,1
8506,1
8507,1
8508,6
8509,0
8510,2
8511,6
8512,5
8513,1
8514,0
8515,3
8516,0
8517,0
8518,3
8519,6
8520,0
8521,0
8522,0
8523,1
8524,0
8525,3
8526,5
8527,2
8528,2
8529,2
8530,2
8531,4
8532,0
8533,4
8534,0
8535,0
8536,0
8537,0
8538,6
8539,5
8540,3
8541,0
8542,3
8543,5
8544,0
8545,2
8546,0
8547,1
8548,5
8549,2
8550,6
8551,0
8552,0
8553,0
8554,2
8555,5
8556,0
8557,1
8558,1
8559,0
8560,0
8561,3
8562,1
8563,0
8564,0
8565,1
8566,2
8567,4
8568,5
8569,2
8570,0
8571,1
8572,0
8573,2
8574,4
8575,5
8576,2
8577,3
8578,0
8579,0
8580,2
8581,1
8582,1
8583,1
8584,1
8585,0
8586,5
8587,4
8588,0
8589,5
8590,0
8591,0
8592,4
8593,0
8594,2
8595,1
8596,0
8597,0
8598,0
8599,1
8600,1
8601,0
8602,3
8603,0
8604,2
8605,0
8606,2
8607,0
8608,4
8609,0
8610,0
8611,0
8612,3
8613,3
8614,3
8615,5
8616,0
8617,0
8618,5
8619,0
8620,1
8621,1
8622,3
8623,0
8624,0
8625,4
8626,0
8627,4
8628,3
8629,1
8630,1
8631,2
8632,6
8633,1
8634,5
8635,5
8636,5
8637,3
8638,3
8639,2
8640,3
8641,5
8642,0
8643,0
8644,2
8645,0
8646,0
8647,6
8648,4
8649,4
8650,0
8651,1
8652,0
8653,0
8654,1
8655,2
8656,4
8657,3
8658,5
8659,0
8660,3
8661,0
8662,1
8663,5
8664,0
8665,5
8666,2
8667,2
8668,0
8669,1
8670,2
8671,2
8672,6
8673,1
8674,5
8675,0
8676,6
8677,1
8678,0
8679,1
8680,0
8681,0
8682,2
8683,0
8684,0
8685,3
8686,1
8687,0
8688,3
8689,0
8690,5
8691,0
8692,0
8693,2
8694,1
8695,2
8696,2
8697,3
8698,0
8699,5
8700,0
8701,4
8702,0
8703,2
8704,2
8705,1
8706,2
8707,4
8708,6
8709,0
8710,3
8711,3
8712,0
8713,5
8714,1
8715,3
8716,2
8717,4
8718,6
8719,4
8720,0
8721,0
8722,5
8723,6
8724,1
8725,5
8726,2
8727,1
8728,0
8729,1
8730,5
8731,1
8732,5
8733,0
8734,3
8735,5
8736,0
8737,0
8738,0
8739,2
8740,4
8741,1
8742,0
8743,0
8744,4
8745,1
8746,3
8747,2
8748,0
8749,3
8750,0
8751,0
8752,1
8753,0
8754,2
8755,3
8756,6
8757,1
8758,0
8759,0
8760,3
8761,0
8762,5
8763,2
8764,5
8765,6
8766,1
8767,3
8768,0
8769,3
8770,4
8771,1
8772,5
8773,4
8774,3
8775,1
8776,2
8777,2
8778,1
8779,0
8780,3
8781,1
8782,6
8783,4
8784,4
8785,0
8786,2
8787,0
8788,1
8789,0
8790,6
8791,4
8792,2
8793,0
8794,1
8795,3
8796,5
8797,3
8798,2
8799,4
8800,0
8801,0
8802,4
8803,0
8804,4
8805,0
8806,0
8807,0
8808,0
8809,0
8810,0
8811,1
8812,3
8813,4
8814,4
8815,4
8816,0
8817,5
8818,0
8819,5
8820,2
8821,5
8822,0
8823,4
8824,0
8825,6
8826,3
8827,4
8828,3
8829,5
8830,5
8831,0
8832,0
8833,1
8834,1
8835,3
8836,1
8837,1
8838,0
8839,2
8840,6
8841,1
8842,1
8843,0
8844,2
8845,2
8846,0
8847,0
8848,0
8849,0
8850,0
8851,4
8852,4
8853,3
8854,4
8855,0
8856,4
8857,0
8858,0
8859,2
8860,2
8861,3
8862,3
8863,5
8864,1
8865,3
8866,0
8867,1
8868,4
8869,0
8870,2
8871,4
8872,0
8873,0
8874,1
8875,6
8876,0
8877,0
8878,2
8879,4
8880,6
8881,1
8882,1
8883,0
8884,0
8885,4
8886,4
8887,1
8888,2
8889,4
8890,0
8891,0
8892,2
8893,1
8894,1
8895,1
8896,5
8897,3
8898,2
8899,0
8900,1
8901,4
8902,4
8903,0
8904,0
8905,2
8906,4
8907,0
8908,2
8909,2
8910,4
8911,0
8912,0
8913,2
8914,3
8915,0
8916,5
8917,0
8918,2
8919,2
8920,4
8921,0
8922,0
8923,3
8924,4
8925,5
8926,0
8927,4
8928,3
8929,3
8930,0
8931,0
8932,0
8933,1
8934,1
8935,3
8936,0
8937,0
8938,0
8939,3
8940,5
8941,1
8942,0
8943,3
8944,0
8945,2
8946,0
8947,3
8948,4
8949,0
8950,5
8951,0
8952,2
8953,4
8954,4
8955,0
8956,1
8957,0
8958,2
8959,3
8960,0
8961,0
8962,0
8963,4
8964,0
8965,5
8966,4
8967,0
8968,3
8969,2
8970,4
8971,0
8972,5
8973,0
8974,2
8975,1
8976,4
8977,1
8978,0
8979,2
8980,3
8981,0
8982,5
8983,0
8984,3
8985,0
8986,4
8987,2
8988,0
8989,2
8990,4
8991,4
8992,0
8993,5
8994,5
8995,4
8996,3
8997,0
8998,0
8999,0
9000,2
9001,2
9002,5
9003,2
9004,5
9005,2
9006,2
9007,2
9008,5
9009,2
9010,0
9011,0
9012,3
9013,2
9014,0
9015,2
9016,0
9017,0
9018,4
9019,1
9020,3
9021,3
9022,4
9023,1
9024,5
9025,4
9026,3
9027,1
9028,5
9029,0
9030,5
9031,5
9032,4
9033,5
9034,4
9035,2
9036,1
9037,0
9038,0
9039,2
9040,3
9041,5
9042,0
9043,1
9044,6
9045,4
9046,4
9047,1
9048,1
9049,3
9050,1
9051,2
9052,4
9053,1
9054,1
9055,4
9056,5
9057,0
9058,0
9059,1
9060,1
9061,5
9062,1
9063,3
9064,2
9065,3
9066,0
9067,3
9068,1
9069,5
9070,5
9071,6
9072,5
9073,3
9074,1
9075,0
9076,6
9077,5
9078,2
9079,0
9080,5
9081,2
9082,5
9083,0
9084,4
9085,0
9086,3
9087,4
9088,0
9089,4
9090,0
9091,1
9092,4
9093,2
9094,0
9095,1
9096,4
9097,3
9098,4
9099,5
9100,3
9101,2
9102,2
9103,6
9104,3
9105,0
9106,0
9107,4
9108,0
9109,5
9110,1
9111,4
9112,5
9113,0
9114,0
9115,5
9116,1
9117,4
9118,3
9119,5
9120,5
9121,4
9122,5
9123,3
9124,4
9125,0
9126,2
9127,3
9128,2
9129,0
9130,6
9131,3
9132,3
9133,0
9134,4
9135,1
9136,4
9137,0
9138,0
9139,1
9140,0
9141,0
9142,0
9143,2
9144,1
9145,0
9146,3
9147,4
9148,4
9149,5
9150,4
9151,2
9152,6
9153,0
9154,2
9155,4
9156,4
9157,1
9158,3
9159,3
9160,0
9161,1
9162,3
9163,2
9164,2
9165,3
9166,3
9167,0
9168,4
9169,0
9170,3
9171,0
9172,5
9173,3
9174,2
9175,5
9176,3
9177,3
9178,3
9179,3
9180,5
9181,6
9182,4
9183,1
9184,4
9185,4
9186,0
9187,4
9188,5
9189,5
9190,2
9191,0
9192,4
9193,0
9194,0
9195,0
9196,3
9197,0
9198,2
9199,1
9200,0
9201,3
9202,1
9203,0
9204,6
9205,1
9206,3
9207,5
9208,5
9209,3
9210,1
9211,1
9212,5
9213,4
9214,0
9215,0
9216,1
9217,0
9218,6
9219,4
9220,0
9221,2
9222,2
9223,5
9224,5
9225,3
9226,1
9227,5
9228,0
9229,4
9230,6
9231,3
9232,6
9233,1
9234,4
9235,2
9236,6
9237,5
9238,1
9239,6
9240,0
9241,0
9242,4
9243,3
9244,6
9245,0
9246,2
9247,1
9248,5
9249,0
9250,0
9251,0
9252,5
9253,5
9254,6
9255,0
9256,1
9257,2
9258,3
9259,6
9260,5
9261,1
9262,5
9263,6
9264,2
9265,0
9266,3
9267,5
9268,0
9269,0
9270,2
9271,0
9272,4
9273,4
9274,3
9275,3
9276,4
9277,0
9278,5
9279,0
9280,4
9281,2
9282,1
9283,5
9284,0
9285,0
9286,4
9287,0
9288,1
9289,0
9290,0
9291,4
9292,2
9293,0
9294,4
9295,1
9296,2
9297,0
9298,3
9299,4
9300,2
9301,5
9302,5
9303,4
9304,1
9305,4
9306,2
9307,1
9308,0
9309,4
9310,2
9311,0
9312,0
9313,4
9314,3
9315,0
9316,5
9317,0
9318,1
9319,1
9320,5
9321,2
9322,5
9323,4
9324,0
9325,1
9326,1
9327,0
9328,3
9329,6
9330,5
9331,6
9332,4
9333,0
9334,0
9335,5
9336,0
9337,1
9338,1
9339,0
9340,1
9341,5
9342,0
9343,1
9344,2
9345,1
9346,1
9347,0
9348,1
9349,2
9350,0
9351,1
9352,0
9353,4
9354,6
9355,1
9356,0
9357,0
9358,4
9359,4
9360,4
9361,2
9362,3
9363,6
9364,1
9365,5
9366,1
9367,2
9368,1
9369,0
9370,0
9371,2
9372,0
9373,2
9374,4
9375,3
9376,5
9377,5
9378,2
9379,1
9380,0
9381,5
9382,2
9383,6
9384,5
9385,0
9386,1
9387,4
9388,4
9389,1
9390,3
9391,2
9392,0
9393,0
9394,1
9395,2
9396,5
9397,0
9398,0
9399,3
9400,2
9401,4
9402,3
9403,2
9404,0
9405,1
9406,4
9407,2
9408,4
9409,5
9410,0
9411,1
9412,0
9413,5
9414,3
9415,2
9416,0
9417,4
9418,0
9419,6
9420,0
9421,2
9422,2
9423,6
9424,0
9425,0
9426,0
9427,0
9428,3
9429,5
9430,3
9431,4
9432,0
9433,2
9434,3
9435,6
9436,2
9437,5
9438,3
9439,1
9440,3
9441,2
9442,5
9443,5
9444,0
9445,0
9446,5
9447,0
9448,2
9449,2
9450,1
9451,3
9452,0
9453,1
9454,0
9455,6
9456,4
9457,0
9458,0
9459,4
9460,5
9461,0
9462,5
9463,4
9464,0
9465,0
9466,4
9467,0
9468,3
9469,0
9470,0
9471,4
9472,5
9473,4
9474,2
9475,0
9476,5
9477,4
9478,3
9479,0
9480,3
9481,4
9482,1
9483,0
9484,0
9485,4
9486,6
9487,1
9488,0
9489,2
9490,3
9491,0
9492,6
9493,5
9494,2
9495,0
9496,4
9497,4
9498,3
9499,4
9500,4
9501,4
9502,5
9503,0
9504,6
9505,5
9506,2
9507,4
9508,1
9509,0
9510,2
9511,5
9512,3
9513,5
9514,0
9515,0
9516,1
9517,3
9518,3
9519,0
9520,2
9521,5
9522,2
9523,0
9524,4
9525,0
9526,0
9527,4
9528,0
9529,3
9530,1
9531,5
9532,1
9533,0
9534,3
9535,1
9536,3
9537,0
9538,4
9539,5
9540,4
9541,2
9542,4
9543,0
9544,2
9545,0
9546,5
9547,5
9548,0
9549,1
9550,0
9551,0
9552,4
9553,3
9554,1
9555,5
9556,0
9557,3
9558,5
9559,0
9560,2
9561,6
9562,4
9563,4
9564,2
9565,5
9566,1
9567,0
9568,3
9569,4
9570,0
9571,0
9572,3
9573,3
9574,5
9575,0
9576,4
9577,3
9578,5
9579,3
9580,0
9581,6
9582,0
9583,4
9584,6
9585,0
9586,0
9587,5
9588,0
9589,0
9590,5
9591,2
9592,3
9593,3
9594,0
9595,0
9596,5
9597,2
9598,2
9599,5
9600,0
9601,5
9602,2
9603,2
9604,3
9605,1
9606,5
9607,5
9608,4
9609,2
9610,0
9611,4
9612,0
9613,0
9614,0
9615,3
9616,2
9617,0
9618,0
9619,4
9620,1
9621,3
9622,0
9623,6
9624,5
9625,0
9626,3
9627,5
9628,2
9629,2
9630,2
9631,6
9632,5
9633,0
9634,4
9635,4
9636,4
9637,3
9638,4
9639,0
9640,5
9641,0
9642,2
9643,1
9644,2
9645,0
9646,0
9647,1
9648,0
9649,5
9650,0
9651,6
9652,2
9653,1
9654,4
9655,1
9656,1
9657,5
9658,0
9659,6
9660,1
9661,0
9662,0
9663,0
9664,2
9665,0
9666,1
9667,2
9668,6
9669,1
9670,5
9671,4
9672,2
9673,0
9674,1
9675,0
9676,5
9677,4
9678,2
9679,0
9680,6
9681,6
9682,4
9683,2
9684,0
9685,0
9686,2
9687,0
9688,4
9689,0
9690,2
9691,4
9692,0
9693,3
9694,3
9695,0
9696,0
9697,2
9698,4
9699,0
9700,4
9701,4
9702,1
9703,2
9704,3
9705,3
9706,6
9707,0
9708,2
9709,2
9710,0
9711,0
9712,0
9713,4
9714,2
9715,6
9716,0
9717,2
9718,3
9719,1
9720,5
9721,0
9722,0
9723,0
9724,3
9725,0
9726,0
9727,5
9728,4
9729,5
9730,0
9731,0
9732,3
9733,5
9734,2
9735,3
9736,2
9737,1
9738,4
9739,2
9740,1
9741,1
9742,0
9743,0
9744,2
9745,1
9746,4
9747,0
9748,0
9749,4
9750,0
9751,2
9752,0
9753,1
9754,1
9755,1
9756,0
9757,0
9758,0
9759,2
9760,0
9761,5
9762,4
9763,3
9764,5
9765,4
9766,2
9767,0
9768,0
9769,5
9770,3
9771,0
9772,2
9773,0
9774,0
9775,2
9776,1
9777,0
9778,5
9779,0
9780,5
9781,0
9782,6
9783,2
9784,3
9785,0
9786,2
9787,0
9788,2
9789,5
9790,0
9791,1
9792,0
9793,2
9794,0
9795,2
9796,2
9797,5
9798,0
9799,1
9800,3
9801,2
9802,5
9803,0
9804,1
9805,2
9806,0
9807,4
9808,0
9809,1
9810,5
9811,0
9812,0
9813,0
9814,3
9815,4
9816,1
9817,1
9818,1
9819,1
9820,0
9821,4
9822,3
9823,2
9824,2
9825,1
9826,3
9827,1
9828,0
9829,5
9830,0
9831,0
9832,0
9833,2
9834,0
9835,5
9836,0
9837,4
9838,0
9839,1
9840,2
9841,4
9842,3
9843,5
9844,5
9845,6
9846,3
9847,4
9848,3
9849,4
9850,3
9851,5
9852,1
9853,0
9854,4
9855,5
9856,6
9857,0
9858,0
9859,2
9860,0
9861,5
9862,3
9863,0
9864,5
9865,2
9866,0
9867,0
9868,0
9869,2
9870,0
9871,6
9872,3
9873,4
9874,0
9875,3
9876,0
9877,2
9878,3
9879,0
9880,5
9881,5
9882,4
9883,6
9884,4
9885,1
9886,2
9887,0
9888,6
9889,0
9890,3
9891,5
9892,5
9893,4
9894,0
9895,4
9896,3
9897,1
9898,0
9899,1
9900,0
9901,1
9902,1
9903,0
9904,2
9905,2
9906,2
9907,0
9908,3
9909,0
9910,1
9911,5
9912,5
9913,3
9914,1
9915,3
9916,0
9917,0
9918,6
9919,5
9920,0
9921,0
9922,1
9923,2
9924,0
9925,5
9926,4
9927,3
9928,4
9929,3
9930,0
9931,0
9932,0
9933,5
9934,0
9935,1
9936,2
9937,3
9938,6
9939,1
9940,0
9941,2
9942,6
9943,0
9944,0
9945,3
9946,1
9947,2
9948,4
9949,3
9950,1
9951,3
9952,4
9953,3
9954,0
9955,6
9956,3
9957,2
9958,0
9959,4
9960,1
9961,4
9962,1
9963,5
9964,5
9965,5
9966,0
9967,6
9968,4
9969,0
9970,2
9971,4
9972,0
9973,3
9974,0
9975,4
9976,1
9977,0
9978,4
9979,4
9980,1
9981,3
9982,3
9983,5
9984,0
9985,4
9986,2
9987,4
9988,4
9989,6
9990,0
9991,1
9992,2
9993,4
9994,4
9995,2
9996,3
9997,1
9998,0
9999,0
10000,0
10001,5
10002,0
10003,0
10004,5
10005,0
10006,0
10007,3
10008,4
10009,1
10010,1
10011,0
10012,4
10013,5
10014,0
10015,4
10016,3
10017,0
10018,4
10019,0
10020,1
10021,4
10022,5
10023,6
10024,0
10025,3
10026,0
10027,2
10028,0
10029,1
10030,0
10031,0
10032,0
10033,3
10034,6
10035,2
10036,2
10037,0
10038,0
10039,0
10040,0
10041,6
10042,4
10043,5
10044,0
10045,2
10046,0
10047,5
10048,2
10049,5
10050,2
10051,4
10052,6
10053,4
10054,0
10055,5
10056,0
10057,0
10058,0
10059,4
10060,0
10061,0
10062,6
10063,0
10064,0
10065,0
10066,0
10067,2
10068,1
10069,5
10070,5
10071,2
10072,0
10073,2
10074,3
10075,6
10076,4
10077,0
10078,4
10079,0
10080,4
10081,4
10082,0
10083,4
10084,6
10085,0
10086,3
10087,0
10088,0
10089,0
10090,4
10091,0
10092,6
10093,0
10094,5
10095,0
10096,2
10097,0
10098,6
10099,4
10100,0
10101,3
10102,1
10103,0
10104,0
10105,2
10106,0
10107,2
10108,5
10109,3
10110,0
10111,2
10112,4
10113,2
10114,3
10115,1
10116,0
10117,5
10118,5
10119,5
10120,3
10121,2
10122,3
10123,3
10124,0
10125,0
10126,0
10127,1
10128,4
10129,0
10130,3
10131,2
10132,1
10133,3
10134,0
10135,0
10136,0
10137,1
10138,3
10139,3
10140,3
10141,5
10142,0
10143,4
10144,1
10145,6
10146,1
10147,6
10148,0
10149,2
10150,4
10151,0
10152,0
10153,2
10154,1
10155,0
10156,1
10157,0
10158,2
10159,2
10160,0
10161,0
10162,0
10163,2
10164,2
10165,1
10166,3
10167,3
10168,3
10169,0
10170,0
10171,2
10172,3
10173,0
10174,2
10175,3
10176,2
10177,3
10178,0
10179,0
10180,0
10181,4
10182,2
10183,4
10184,1
10185,0
10186,4
10187,0
10188,4
10189,5
10190,5
10191,0
10192,3
10193,0
10194,5
10195,3
10196,0
10197,3
10198,2
10199,3
10200,2
10201,4
10202,1
10203,0
10204,1
10205,0
10206,2
10207,3
10208,0
10209,2
10210,0
10211,0
10212,0
10213,1
10214,1
10215,1
10216,6
10217,0
10218,0
10219,6
10220,0
10221,0
10222,4
10223,2
10224,3
10225,2
10226,0
10227,1
10228,0
10229,4
10230,1
10231,0
10232,0
10233,4
10234,0
10235,3
10236,1
10237,4
10238,3
10239,3
10240,0
10241,4
10242,2
10243,1
10244,2
10245,0
10246,1
10247,4
10248,0
10249,1
10250,0
10251,0
10252,0
10253,3
10254,2
10255,0
10256,0
10257,4
10258,5
10259,1
10260,1
10261,1
10262,0
10263,1
10264,1
10265,6
10266,6
10267,4
10268,2
10269,4
10270,5
10271,1
10272,5
10273,0
10274,4
10275,0
10276,3
10277,3
10278,5
10279,0
10280,4
10281,0
10282,5
10283,4
10284,0
10285,6
10286,0
10287,4
10288,0
10289,1
10290,0
10291,3
10292,2
10293,0
10294,5
10295,0
10296,3
10297,6
10298,5
10299,1
10300,0
10301,4
10302,2
10303,0
10304,5
10305,0
10306,0
10307,0
10308,1
10309,4
10310,0
10311,0
10312,4
10313,3
10314,2
10315,0
10316,1
10317,0
10318,4
10319,0
10320,4
10321,0
10322,3
10323,1
10324,6
10325,1
10326,1
10327,1
10328,5
10329,0
10330,5
10331,3
10332,1
10333,0
10334,3
10335,0
10336,5
10337,6
10338,2
10339,1
10340,1
10341,1
10342,1
10343,3
10344,2
10345,0
10346,5
10347,5
10348,0
10349,0
10350,2
10351,4
10352,1
10353,0
10354,2
10355,4
10356,3
10357,0
10358,0
10359,0
10360,4
10361,0
10362,1
10363,0
10364,2
10365,6
10366,2
10367,6
10368,1
10369,5
10370,0
10371,4
10372,0
10373,0
10374,1
10375,0
10376,4
10377,2
10378,3
10379,2
10380,2
10381,0
10382,1
10383,0
10384,3
10385,3
10386,0
10387,0
10388,2
10389,5
10390,0
10391,0
10392,3
10393,0
10394,0
10395,2
10396,0
10397,3
10398,1
10399,4
10400,6
10401,0
10402,4
10403,3
10404,4
10405,0
10406,3
10407,1
10408,0
10409,0
10410,5
10411,3
10412,0
10413,0
10414,0
10415,1
10416,2
10417,0
10418,1
10419,4
10420,0
10421,1
10422,4
10423,2
10424,0
10425,3
10426,0
10427,6
10428,1
10429,3
10430,2
10431,3
10432,0
10433,5
10434,1
10435,4
10436,6
10437,3
10438,1
10439,5
10440,0
10441,2
10442,3
10443,4
10444,0
10445,4
10446,1
10447,0
10448,1
10449,1
10450,5
10451,0
10452,1
10453,0
10454,2
10455,5
10456,3
10457,0
10458,5
10459,5
10460,3
10461,1
10462,4
10463,0
10464,3
10465,1
10466,2
10467,6
10468,0
10469,4
10470,3
10471,0
10472,0
10473,2
10474,2
10475,0
10476,3
10477,4
10478,4
10479,0
10480,6
10481,2
10482,1
10483,0
10484,3
10485,3
10486,5
10487,2
10488,0
10489,0
10490,2
10491,1
10492,3
10493,1
10494,0
10495,0
10496,0
10497,0
10498,0
10499,1
10500,2
10501,0
10502,1
10503,0
10504,0
10505,1
10506,5
10507,0
10508,2
10509,1
10510,2
10511,0
10512,1
10513,5
10514,5
10515,0
10516,3
10517,0
10518,5
10519,3
10520,2
10521,1
10522,0
10523,1
10524,3
10525,0
10526,3
10527,2
10528,0
10529,0
10530,6
10531,4
10532,5
10533,6
10534,2
10535,2
10536,2
10537,0
10538,0
10539,1
10540,0
10541,0
10542,1
10543,0
10544,5
10545,2
10546,2
10547,1
10548,4
10549,0
10550,2
10551,5
10552,0
10553,0
10554,3
10555,0
10556,5
10557,0
10558,0
10559,6
10560,6
10561,0
10562,5
10563,0
10564,1
10565,0
10566,3
10567,2
10568,0
10569,1
10570,5
10571,2
10572,5
10573,5
10574,0
10575,3
10576,0
10577,5
10578,3
10579,0
10580,5
10581,0
10582,2
10583,3
10584,3
10585,3
10586,5
10587,0
10588,1
10589,0
10590,0
10591,0
10592,0
10593,1
10594,0
10595,0
10596,0
10597,2
10598,1
10599,4
10600,0
10601,3
10602,3
10603,1
10604,0
10605,2
10606,0
10607,3
10608,0
10609,2
10610,3
10611,2
10612,3
10613,4
10614,6
10615,2
10616,4
10617,2
10618,0
10619,2
10620,0
10621,3
10622,3
10623,0
10624,0
10625,0
10626,0
10627,5
10628,2
10629,0
10630,0
10631,0
10632,5
10633,5
10634,0
10635,2
10636,0
10637,5
10638,0
10639,3
10640,6
10641,1
10642,1
10643,0
10644,5
10645,5
10646,5
10647,0
10648,1
10649,1
10650,0
10651,0
10652,0
10653,0
10654,1
10655,0
10656,4
10657,4
10658,1
10659,5
10660,0
10661,1
10662,0
10663,2
10664,5
10665,0
10666,0
10667,3
10668,0
10669,2
10670,5
10671,3
10672,0
10673,1
10674,0
10675,0
10676,5
10677,3
10678,0
10679,4
10680,0
10681,5
10682,2
10683,2
10684,2
10685,0
10686,0
10687,0
10688,0
10689,1
10690,1
10691,0
10692,4
10693,0
10694,3
10695,2
10696,5
10697,0
10698,1
10699,2
10700,1
10701,2
10702,5
10703,0
10704,1
10705,0
10706,2
10707,6
10708,0
10709,0
10710,2
10711,0
10712,6
10713,1
10714,3
10715,3
10716,2
10717,3
10718,1
10719,5
10720,0
10721,2
10722,1
10723,2
10724,5
10725,0
10726,0
10727,2
10728,5
10729,5
10730,5
10731,2
10732,0
10733,0
10734,5
10735,2
10736,2
10737,0
10738,5
10739,1
10740,4
10741,2
10742,2
10743,0
10744,0
10745,2
10746,2
10747,6
10748,1
10749,0
10750,2
10751,4
10752,5
10753,4
10754,0
10755,5
10756,0
10757,3
10758,0
10759,1
10760,0
10761,5
10762,0
10763,0
10764,3
10765,5
10766,5
10767,4
10768,2
10769,5
10770,2
10771,1
10772,1
10773,0
10774,2
10775,0
10776,0
10777,4
10778,1
10779,0
10780,1
10781,0
10782,1
10783,2
10784,1
10785,6
10786,4
10787,1
10788,0
10789,1
10790,0
10791,3
10792,3
10793,1
10794,2
10795,4
10796,0
10797,0
10798,0
10799,0
10800,2
10801,2
10802,6
10803,0
10804,6
10805,5
10806,0
10807,2
10808,1
10809,5
10810,3
10811,0
10812,0
10813,2
10814,1
10815,2
10816,0
10817,5
10818,3
10819,0
10820,3
10821,3
10822,0
10823,4
10824,2
10825,0
10826,0
10827,1
10828,0
10829,2
10830,0
10831,0
10832,5
10833,0
10834,2
10835,1
10836,0
10837,4
10838,5
10839,0
10840,0
10841,4
10842,0
10843,3
10844,6
10845,0
10846,6
10847,2
10848,5
10849,0
10850,4
10851,1
10852,5
10853,0
10854,2
10855,3
10856,1
10857,3
10858,1
10859,0
10860,1
10861,0
10862,0
10863,0
10864,1
10865,1
10866,1
10867,0
10868,1
10869,5
10870,5
10871,1
10872,2
10873,0
10874,2
10875,0
10876,3
10877,0
10878,0
10879,1
10880,0
10881,0
10882,4
10883,3
10884,0
10885,0
10886,5
10887,0
10888,0
10889,2
10890,0
10891,6
10892,6
10893,5
10894,2
10895,3
10896,3
10897,0
10898,0
10899,4
10900,4
10901,3
10902,4
10903,0
10904,6
10905,0
10906,2
10907,0
10908,3
10909,0
10910,0
10911,5
10912,0
10913,0
10914,0
10915,0
10916,0
10917,0
10918,2
10919,3
10920,1
10921,2
10922,1
10923,0
10924,0
10925,3
10926,2
10927,0
10928,5
10929,3
10930,4
10931,1
10932,2
10933,3
10934,0
10935,0
10936,4
10937,0
10938,4
10939,2
10940,3
10941,0
10942,3
10943,0
10944,4
10945,6
10946,2
10947,0
10948,4
10949,5
10950,1
10951,0
10952,5
10953,1
10954,6
10955,0
10956,0
10957,2
10958,6
10959,0
10960,2
10961,1
10962,0
10963,1
10964,0
10965,4
10966,0
10967,6
10968,4
10969,0
10970,1
10971,1
10972,4
10973,1
10974,2
10975,0
10976,1
10977,0
10978,1
10979,0
10980,0
10981,1
10982,4
10983,2
10984,0
10985,5
10986,3
10987,0
10988,0
10989,2
10990,1
10991,6
10992,1
10993,5
10994,0
10995,3
10996,2
10997,5
10998,0
10999,3
11000,3
11001,0
11002,0
11003,1
11004,4
11005,0
11006,6
11007,0
11008,4
11009,0
11010,2
11011,3
11012,4
11013,0
11014,0
11015,0
11016,6
11017,0
11018,1
11019,0
11020,2
11021,1
11022,0
11023,0
11024,2
11025,2
11026,2
11027,5
11028,3
11029,3
11030,0
11031,5
11032,2
11033,0
11034,0
11035,0
11036,3
11037,5
11038,6
11039,0
11040,5
11041,5
11042,5
11043,1
11044,0
11045,4
11046,2
11047,5
11048,0
11049,2
11050,4
11051,5
11052,1
11053,0
11054,5
11055,2
11056,2
11057,4
11058,0
11059,5
11060,5
11061,1
11062,3
11063,0
11064,3
11065,1
11066,0
11067,5
11068,0
11069,6
11070,0
11071,2
11072,5
11073,0
11074,0
11075,3
11076,1
11077,1
11078,0
11079,2
11080,0
11081,5
11082,0
11083,4
11084,1
11085,0
11086,3
11087,2
11088,4
11089,0
11090,0
11091,0
11092,4
11093,4
11094,0
11095,6
11096,2
11097,2
11098,0
11099,0
11100,0
11101,0
11102,4
11103,2
11104,0
11105,0
11106,0
11107,1
11108,4
11109,0
11110,2
11111,5
11112,5
11113,3
11114,0
11115,5
11116,4
11117,2
11118,0
11119,5
11120,2
11121,0
11122,0
11123,6
11124,5
11125,0
11126,0
11127,4
11128,0
11129,2
11130,2
11131,0
11132,6
11133,2
11134,1
11135,2
11136,5
11137,0
11138,5
11139,4
11140,2
11141,3
11142,2
11143,0
11144,5
11145,2
11146,0
11147,1
11148,2
11149,0
11150,0
11151,1
11152,2
11153,0
11154,0
11155,5
11156,3
11157,0
11158,5
11159,5
11160,2
11161,2
11162,3
11163,0
11164,5
11165,3
11166,0
11167,1
11168,1
11169,0
11170,5
11171,0
11172,1
11173,2
11174,0
11175,5
11176,0
11177,3
11178,0
11179,2
11180,3
11181,5
11182,2
11183,5
11184,1
11185,5
11186,5
11187,6
11188,3
11189,3
11190,5
11191,4
11192,0
11193,2
11194,1
11195,3
11196,3
11197,1
11198,1
11199,5
11200,5
11201,0
11202,4
11203,0
11204,4
11205,0
11206,5
11207,0
11208,0
11209,2
11210,5
11211,0
11212,4
11213,5
11214,3
11215,2
11216,3
11217,3
11218,3
11219,2
11220,0
11221,4
11222,5
11223,3
11224,2
11225,0
11226,2
11227,0
11228,0
11229,4
11230,1
11231,0
11232,4
11233,0
11234,5
11235,4
11236,2
11237,0
11238,0
11239,5
11240,0
11241,2
11242,1
11243,3
11244,5
11245,0
11246,5
11247,2
11248,0
11249,0
11250,4
11251,3
11252,1
11253,6
11254,0
11255,4
11256,6
11257,5
11258,0
11259,2
11260,0
11261,0
11262,0
11263,0
11264,4
11265,0
11266,4
11267,0
11268,0
11269,1
11270,1
11271,2
11272,2
11273,1
11274,0
11275,0
11276,4
11277,5
11278,0
11279,4
11280,5
11281,5
11282,2
11283,0
11284,2
11285,1
11286,2
11287,2
11288,6
11289,2
11290,4
11291,2
11292,6
11293,1
11294,1
11295,1
11296,4
11297,0
11298,4
11299,0
11300,5
11301,1
11302,3
11303,0
11304,1
11305,5
11306,3
11307,0
11308,4
11309,0
11310,4
11311,1
11312,4
11313,0
11314,6
11315,0
11316,5
11317,4
11318,0
11319,5
11320,4
11321,2
11322,2
11323,4
11324,2
11325,2
11326,3
11327,0
11328,0
11329,0
11330,2
11331,1
11332,0
11333,5
11334,3
11335,5
11336,1
11337,0
11338,0
11339,6
11340,5
11341,3
11342,5
11343,5
11344,2
11345,0
11346,0
11347,4
11348,0
11349,0
11350,1
11351,3
11352,0
11353,4
11354,0
11355,5
11356,4
11357,3
11358,0
11359,2
11360,1
11361,0
11362,1
11363,4
11364,0
11365,1
11366,3
11367,4
11368,3
11369,6
11370,0
11371,1
11372,3
11373,3
11374,0
11375,6
11376,2
11377,2
11378,5
11379,0
11380,0
11381,3
11382,3
11383,3
11384,4
11385,2
11386,5
11387,1
11388,0
11389,4
11390,0
11391,5
11392,4
11393,0
11394,4
11395,5
11396,5
11397,4
11398,0
11399,3
11400,6
11401,1
11402,5
11403,3
11404,2
11405,3
11406,5
11407,0
11408,5
11409,2
11410,2
11411,3
11412,5
11413,3
11414,0
11415,0
11416,2
11417,0
11418,4
11419,0
11420,1
11421,0
11422,0
11423,2
11424,3
11425,0
11426,1
11427,5
11428,4
11429,6
11430,2
11431,4
11432,6
11433,1
11434,2
11435,2
11436,2
11437,4
11438,2
11439,0
11440,0
11441,1
11442,0
11443,3
11444,0
11445,3
11446,1
11447,3
11448,4
11449,1
11450,4
11451,4
11452,0
11453,1
11454,1
11455,0
11456,2
11457,0
11458,5
11459,2
11460,3
11461,3
11462,1
11463,5
11464,4
11465,4
11466,2
11467,6
11468,0
11469,5
11470,0
11471,0
11472,3
11473,0
11474,2
11475,1
11476,1
11477,1
11478,2
11479,4
11480,4
11481,5
11482,3
11483,6
11484,0
11485,5
11486,3
11487,1
11488,5
11489,6
11490,0
11491,3
11492,1
11493,0
11494,1
11495,1
11496,4
11497,4
11498,1
11499,0
11500,2
11501,2
11502,0
11503,5
11504,1
11505,0
11506,0
11507,0
11508,4
11509,0
11510,6
11511,3
11512,4
11513,0
11514,5
11515,3
11516,4
11517,2
11518,3
11519,5
11520,0
11521,4
11522,0
11523,0
11524,0
11525,0
11526,0
11527,1
11528,0
11529,1
11530,2
11531,0
11532,2
11533,5
11534,2
11535,0
11536,1
11537,2
11538,0
11539,5
11540,5
11541,0
11542,0
11543,2
11544,2
11545,0
11546,6
11547,0
11548,0
11549,4
11550,0
11551,0
11552,3
11553,0
11554,2
11555,3
11556,6
11557,0
11558,0
11559,0
11560,0
11561,1
11562,4
11563,5
11564,0
11565,3
11566,0
11567,0
11568,5
11569,5
11570,0
11571,2
11572,0
11573,4
11574,3
11575,2
11576,0
11577,2
11578,2
11579,0
11580,0
11581,5
11582,1
11583,4
11584,2
11585,1
11586,3
11587,4
11588,0
11589,5
11590,2
11591,5
11592,5
11593,4
11594,4
11595,0
11596,0
11597,5
11598,5
11599,1
11600,1
11601,0
11602,1
11603,0
11604,0
11605,4
11606,0
11607,1
11608,1
11609,3
11610,0
11611,0
11612,2
11613,1
11614,6
11615,0
11616,2
11617,3
11618,6
11619,0
11620,0
11621,2
11622,0
11623,3
11624,0
11625,0
11626,0
11627,1
11628,0
11629,2
11630,2
11631,4
11632,3
11633,1
11634,1
11635,0
11636,0
11637,2
11638,3
11639,0
11640,2
11641,0
11642,2
11643,0
11644,4
11645,4
11646,0
11647,0
11648,0
11649,2
11650,5
11651,4
11652,3
11653,4
11654,0
11655,4
11656,1
11657,4
11658,2
11659,0
11660,2
11661,3
11662,4
11663,0
11664,2
11665,3
11666,1
11667,5
11668,4
11669,4
11670,3
11671,0
11672,2
11673,1
11674,3
11675,5
11676,2
11677,4
11678,5
11679,0
11680,0
11681,5
11682,1
11683,5
11684,1
11685,0
11686,6
11687,0
11688,0
11689,3
11690,5
11691,4
11692,1
11693,5
11694,5
11695,2
11696,5
11697,2
11698,4
11699,0
11700,0
11701,4
11702,5
11703,2
11704,1
11705,3
11706,1
11707,0
11708,0
11709,2
11710,0
11711,0
11712,2
11713,0
11714,0
11715,2
11716,4
11717,4
11718,3
11719,6
11720,4
11721,2
11722,1
11723,0
11724,0
11725,1
11726,1
11727,2
11728,1
11729,2
11730,6
11731,0
11732,0
11733,3
11734,4
11735,0
11736,0
11737,1
11738,0
11739,0
11740,6
11741,5
11742,0
11743,0
11744,5
11745,0
11746,0
11747,3
11748,4
11749,3
11750,0
11751,4
11752,4
11753,1
11754,1
11755,4
11756,1
11757,3
11758,2
11759,4
11760,0
11761,3
11762,3
11763,2
11764,1
11765,2
11766,1
11767,5
11768,1
11769,2
11770,3
11771,0
11772,3
11773,1
11774,1
11775,0
11776,4
11777,2
11778,4
11779,0
11780,0
11781,5
11782,2
11783,3
11784,0
11785,2
11786,1
11787,6
11788,3
11789,4
11790,0
11791,2
11792,0
11793,4
11794,0
11795,0
11796,1
11797,0
11798,1
11799,0
11800,5
11801,0
11802,0
11803,5
11804,0
11805,0
11806,5
11807,6
11808,3
11809,5
11810,0
11811,0
11812,2
11813,0
11814,5
11815,3
11816,1
11817,3
11818,6
11819,1
11820,1
11821,2
11822,4
11823,5
11824,4
11825,3
11826,2
11827,3
11828,3
11829,6
11830,0
11831,1
11832,6
11833,0
11834,0
11835,2
11836,0
11837,0
11838,0
11839,0
11840,2
11841,2
11842,0
11843,5
11844,0
11845,4
11846,3
11847,0
11848,1
11849,0
11850,5
11851,5
11852,0
11853,1
11854,3
11855,1
11856,3
11857,2
11858,2
11859,5
11860,2
11861,3
11862,3
11863,0
11864,0
11865,0
11866,4
11867,0
11868,0
11869,0
11870,6
11871,1
11872,5
11873,4
11874,0
11875,2
11876,1
11877,4
11878,1
11879,2
11880,0
11881,3
11882,4
11883,4
11884,2
11885,0
11886,4
11887,2
11888,3
11889,6
11890,3
11891,0
11892,0
11893,0
11894,0
11895,2
11896,0
11897,2
11898,4
11899,5
11900,0
11901,0
11902,1
11903,4
11904,4
11905,2
11906,2
11907,2
11908,6
11909,1
11910,0
11911,0
11912,2
11913,2
11914,2
11915,0
11916,0
11917,4
11918,5
11919,0
11920,5
11921,0
11922,1
11923,2
11924,4
11925,2
11926,5
11927,0
11928,2
11929,0
11930,1
11931,0
11932,4
11933,1
11934,0
11935,2
11936,1
11937,2
11938,0
11939,2
11940,1
11941,3
11942,0
11943,0
11944,2
11945,2
11946,0
11947,4
11948,1
11949,2
11950,2
11951,2
11952,0
11953,0
11954,4
11955,1
11956,3
11957,2
11958,0
11959,1
11960,3
11961,0
11962,3
11963,2
11964,0
11965,0
11966,5
11967,6
11968,2
11969,1
11970,4
11971,0
11972,5
11973,2
11974,1
11975,4
11976,2
11977,1
11978,3
11979,2
11980,4
11981,2
11982,1
11983,4
11984,0
11985,2
11986,6
11987,0
11988,4
11989,3
11990,3
11991,0
11992,0
11993,2
11994,4
11995,6
11996,4
11997,1
11998,4
11999,3
12000,5
12001,4
12002,3
12003,4
12004,0
12005,5
12006,0
12007,6
12008,5
12009,0
12010,0
12011,0
12012,0
12013,2
12014,0
12015,5
12016,0
12017,3
12018,2
12019,0
12020,0
12021,6
12022,6
12023,4
12024,1
12025,0
12026,1
12027,3
12028,1
12029,1
12030,5
12031,0
12032,4
12033,2
12034,5
12035,1
12036,1
12037,4
12038,0
12039,1
12040,0
12041,0
12042,0
12043,6
12044,2
12045,3
12046,5
12047,0
12048,2
12049,2
12050,5
12051,0
12052,3
12053,1
12054,5
12055,3
12056,3
12057,1
12058,0
12059,2
12060,1
12061,0
12062,3
12063,5
12064,1
12065,3
12066,0
12067,3
12068,0
12069,5
12070,1
12071,4
12072,3
12073,1
12074,0
12075,2
12076,0
12077,1
12078,3
12079,3
12080,5
12081,3
12082,2
12083,1
12084,0
12085,5
12086,3
12087,5
12088,4
12089,3
12090,4
12091,1
12092,4
12093,0
12094,1
12095,4
12096,4
12097,0
12098,4
12099,0
12100,0
12101,4
12102,0
12103,1
12104,1
12105,2
12106,0
12107,5
12108,0
12109,0
12110,1
12111,4
12112,5
12113,1
12114,0
12115,4
12116,0
12117,1
12118,2
12119,2
12120,2
12121,5
12122,6
12123,2
12124,0
12125,2
12126,1
12127,3
12128,3
12129,0
12130,5
12131,0
12132,6
12133,5
12134,0
12135,4
12136,0
12137,1
12138,0
12139,3
12140,0
12141,0
12142,5
12143,5
12144,0
12145,4
12146,5
12147,3
12148,4
12149,0
12150,3
12151,1
12152,2
12153,5
12154,2
12155,0
12156,5
12157,0
12158,3
12159,2
12160,1
12161,0
12162,1
12163,4
12164,4
12165,1
12166,1
12167,2
12168,5
12169,5
12170,0
12171,0
12172,2
12173,4
12174,0
12175,0
12176,5
12177,5
12178,2
12179,4
12180,6
12181,4
12182,4
12183,0
12184,2
12185,3
12186,3
12187,1
12188,3
12189,3
12190,1
12191,5
12192,3
12193,0
12194,2
12195,0
12196,2
12197,0
12198,4
12199,0
12200,2
12201,5
12202,0
12203,2
12204,0
12205,2
12206,2
12207,3
12208,0
12209,1
12210,6
12211,2
12212,3
12213,5
12214,1
12215,1
12216,0
12217,2
12218,1
12219,1
12220,5
12221,2
12222,0
12223,0
12224,5
12225,4
12226,0
12227,0
12228,6
12229,4
12230,2
12231,4
12232,5
12233,1
12234,1
12235,0
12236,2
12237,4
12238,3
12239,0
12240,0
12241,3
12242,5
12243,2
12244,0
12245,0
12246,5
12247,0
12248,6
12249,0
12250,0
12251,5
12252,3
12253,6
12254,1
12255,2
12256,0
12257,1
12258,1
12259,3
12260,3
12261,0
12262,2
12263,1
12264,0
12265,0
12266,0
12267,3
12268,3
12269,6
12270,1
12271,5
12272,0
12273,0
12274,6
12275,3
12276,3
12277,2
12278,2
12279,2
12280,2
12281,6
12282,6
12283,3
12284,3
12285,0
12286,4
12287,3
12288,3
12289,2
12290,5
12291,2
12292,2
12293,4
12294,5
12295,2
12296,1
12297,6
12298,0
12299,5
12300,0
12301,3
12302,4
12303,2
12304,1
12305,5
12306,0
12307,2
12308,4
12309,5
12310,0
12311,3
12312,3
12313,0
12314,4
12315,3
12316,0
12317,4
12318,3
12319,0
12320,0
12321,0
12322,5
12323,1
12324,3
12325,5
12326,5
12327,1
12328,0
12329,5
12330,2
12331,4
12332,0
12333,1
12334,0
12335,1
12336,0
12337,6
12338,0
12339,0
12340,2
12341,2
12342,0
12343,1
12344,1
12345,5
12346,2
12347,5
12348,1
12349,6
12350,3
12351,0
12352,1
12353,5
12354,0
12355,1
12356,0
12357,0
12358,0
12359,2
12360,2
12361,0
12362,1
12363,6
12364,1
12365,2
12366,2
12367,5
12368,0
12369,2
12370,6
12371,3
12372,0
12373,1
12374,5
12375,5
12376,0
12377,2
12378,2
12379,0
12380,4
12381,3
12382,0
12383,0
12384,6
12385,2
12386,0
12387,2
12388,1
12389,1
12390,0
12391,2
12392,0
12393,0
12394,6
12395,3
12396,0
12397,5
12398,2
12399,3
12400,4
12401,1
12402,4
12403,2
12404,0
12405,3
12406,5
12407,4
12408,0
12409,3
12410,0
12411,0
12412,1
12413,3
12414,0
12415,0
12416,6
12417,0
12418,0
12419,3
12420,1
12421,2
12422,0
12423,5
12424,0
12425,4
12426,0
12427,1
12428,2
12429,1
12430,2
12431,1
12432,0
12433,0
12434,2
12435,3
12436,2
12437,0
12438,0
12439,3
12440,2
12441,3
12442,0
12443,2
12444,1
12445,0
12446,1
12447,4
12448,3
12449,0
12450,0
12451,0
12452,1
12453,1
12454,5
12455,0
12456,4
12457,2
12458,2
12459,0
12460,3
12461,0
12462,0
12463,1
12464,5
12465,4
12466,6
12467,5
12468,5
12469,4
12470,1
12471,0
12472,2
12473,2
12474,2
12475,1
12476,0
12477,0
12478,0
12479,0
12480,0
12481,4
12482,4
12483,0
12484,5
12485,5
12486,3
12487,0
12488,5
12489,0
12490,1
12491,2
12492,2
12493,4
12494,0
12495,0
12496,0
12497,4
12498,5
12499,0
12500,5
12501,0
12502,0
12503,1
12504,0
12505,1
12506,0
12507,0
12508,0
12509,0
12510,5
12511,3
12512,2
12513,2
12514,0
12515,0
12516,3
12517,3
12518,6
12519,4
12520,6
12521,5
12522,6
12523,2
12524,4
12525,4
12526,2
12527,0
12528,4
12529,3
12530,4
12531,0
12532,1
12533,0
12534,2
12535,5
12536,0
12537,0
12538,2
12539,0
12540,1
12541,0
12542,5
12543,0
12544,5
12545,2
12546,0
12547,1
12548,5
12549,0
12550,0
12551,2
12552,0
12553,6
12554,2
12555,6
12556,5
12557,5
12558,5
12559,2
12560,2
12561,4
12562,0
12563,1
12564,6
12565,0
12566,4
12567,0
12568,6
12569,5
12570,4
12571,3
12572,1
12573,1
12574,0
12575,0
12576,4
12577,1
12578,1
12579,0
12580,0
12581,0
12582,1
12583,3
12584,0
12585,2
12586,2
12587,4
12588,3
12589,1
12590,0
12591,0
12592,4
12593,3
12594,1
12595,5
12596,1
12597,0
12598,0
12599,0
12600,1
12601,2
12602,5
12603,1
12604,4
12605,0
12606,0
12607,2
12608,5
12609,5
12610,1
12611,4
12612,0
12613,4
12614,4
12615,2
12616,2
12617,4
12618,0
12619,1
12620,5
12621,0
12622,1
12623,2
12624,1
12625,6
12626,0
12627,5
12628,6
12629,3
12630,1
12631,0
12632,4
12633,0
12634,3
12635,0
12636,0
12637,0
12638,5
12639,5
12640,0
12641,0
12642,3
12643,0
12644,0
12645,4
12646,0
12647,4
12648,4
12649,4
12650,3
12651,5
12652,0
12653,2
12654,5
12655,3
12656,5
12657,2
12658,3
12659,3
12660,3
12661,0
12662,4
12663,6
12664,2
12665,2
12666,0
12667,0
12668,0
12669,0
12670,0
12671,2
12672,4
12673,3
12674,0
12675,4
12676,0
12677,0
12678,5
12679,2
12680,4
12681,3
12682,5
12683,0
12684,4
12685,1
12686,0
12687,3
12688,0
12689,0
12690,0
12691,3
12692,2
12693,5
12694,4
12695,0
12696,3
12697,5
12698,1
12699,1
12700,0
12701,6
12702,2
12703,5
12704,0
12705,0
12706,3
12707,2
12708,6
12709,5
12710,4
12711,1
12712,0
12713,2
12714,6
12715,0
12716,2
12717,0
12718,3
12719,1
12720,2
12721,0
12722,1
12723,4
12724,0
12725,0
12726,5
12727,0
12728,2
12729,6
12730,4
12731,0
12732,4
12733,0
12734,2
12735,1
12736,5
12737,4
12738,2
12739,0
12740,0
12741,0
12742,0
12743,5
12744,0
12745,6
12746,2
12747,0
12748,0
12749,2
12750,1
12751,3
12752,1
12753,1
12754,2
12755,6
12756,1
12757,3
12758,1
12759,1
12760,0
12761,0
12762,4
12763,0
12764,0
12765,5
12766,0
12767,3
12768,2
12769,1
12770,2
12771,1
12772,2
12773,2
12774,1
12775,6
12776,3
12777,4
12778,2
12779,0
12780,5
12781,5
12782,0
12783,0
12784,4
12785,0
12786,3
12787,0
12788,3
12789,6
12790,5
12791,1
12792,0
12793,6
12794,2
12795,6
12796,0
12797,4
12798,0
12799,6
12800,3
12801,3
12802,5
12803,5
12804,5
12805,5
12806,2
12807,0
12808,0
12809,0
12810,1
12811,4
12812,3
12813,4
12814,0
12815,6
12816,0
12817,0
12818,2
12819,2
12820,4
12821,0
12822,0
12823,1
12824,4
12825,0
12826,3
12827,0
12828,1
12829,0
12830,0
12831,0
12832,0
12833,0
12834,5
12835,6
12836,0
12837,5
12838,3
12839,0
12840,4
12841,5
12842,1
12843,5
12844,0
12845,1
12846,1
12847,0
12848,5
12849,0
12850,2
12851,5
12852,2
12853,0
12854,0
12855,5
12856,5
12857,2
12858,1
12859,3
12860,3
12861,1
12862,3
12863,4
12864,4
12865,0
12866,0
12867,0
12868,4
12869,4
12870,0
12871,1
12872,1
12873,0
12874,0
12875,5
12876,6
12877,0
12878,0
12879,5
12880,4
12881,0
12882,4
12883,1
12884,0
12885,2
12886,0
12887,1
12888,1
12889,1
12890,0
12891,6
12892,5
12893,0
12894,2
12895,1
12896,3
12897,5
12898,1
12899,0
12900,0
12901,0
12902,5
12903,4
12904,6
12905,0
12906,1
12907,0
12908,0
12909,3
12910,0
12911,4
12912,6
12913,1
12914,6
12915,4
12916,3
12917,2
12918,0
12919,3
12920,0
12921,5
12922,0
12923,1
12924,3
12925,5
12926,0
12927,0
12928,1
12929,1
12930,3
12931,4
12932,6
12933,0
12934,0
12935,3
12936,1
12937,4
12938,0
12939,1
12940,2
12941,6
12942,1
12943,2
12944,0
12945,0
12946,0
12947,1
12948,0
12949,2
12950,1
12951,0
12952,0
12953,2
12954,0
12955,2
12956,2
12957,4
12958,5
12959,6
12960,5
12961,5
12962,5
12963,3
12964,1
12965,4
12966,0
12967,0
12968,3
12969,0
12970,0
12971,2
12972,0
12973,1
12974,3
12975,0
12976,0
12977,0
12978,0
12979,2
12980,4
12981,4
12982,0
12983,3
12984,3
12985,1
12986,3
12987,6
12988,0
12989,6
12990,1
12991,4
12992,0
12993,0
12994,0
12995,0
12996,0
12997,0
12998,2
12999,0
13000,0
13001,2
13002,0
13003,2
13004,1
13005,0
13006,0
13007,0
13008,2
13009,2
13010,2
13011,0
13012,0
13013,0
13014,2
13015,0
13016,1
13017,3
13018,4
13019,3
13020,5
13021,0
13022,1
13023,0
13024,1
13025,4
13026,5
13027,0
13028,1
13029,2
13030,4
13031,5
13032,5
13033,1
13034,5
13035,3
13036,0
13037,2
13038,6
13039,2
13040,2
13041,3
13042,3
13043,5
13044,6
13045,0
13046,0
13047,5
13048,2
13049,1
13050,1
13051,0
13052,0
13053,0
13054,5
13055,0
13056,0
13057,2
13058,2
13059,0
13060,2
13061,0
13062,4
13063,0
13064,3
13065,4
13066,5
13067,6
13068,5
13069,0
13070,2
13071,4
13072,5
13073,1
13074,4
13075,5
13076,4
13077,4
13078,4
13079,0
13080,2
13081,0
13082,0
13083,5
13084,1
13085,2
13086,0
13087,2
13088,0
13089,0
13090,1
13091,0
13092,2
13093,0
13094,1
13095,0
13096,3
13097,5
13098,1
13099,0
13100,1
13101,1
13102,0
13103,2
13104,0
13105,4
13106,3
13107,2
13108,0
13109,2
13110,1
13111,5
13112,2
13113,3
13114,2
13115,0
13116,0
13117,1
13118,0
13119,0
13120,2
13121,5
13122,5
13123,3
13124,6
13125,0
13126,3
13127,0
13128,0
13129,5
13130,4
13131,1
13132,1
13133,0
13134,1
13135,2
13136,4
13137,2
13138,2
13139,4
13140,2
13141,5
13142,0
13143,3
13144,1
13145,0
13146,0
13147,3
13148,4
13149,1
13150,1
13151,2
13152,1
13153,4
13154,4
13155,6
13156,5
13157,4
13158,2
13159,3
13160,0
13161,5
13162,5
13163,1
13164,0
13165,6
13166,2
13167,1
13168,0
13169,5
13170,0
13171,4
13172,3
13173,2
13174,4
13175,2
13176,3
13177,0
13178,3
13179,5
13180,1
13181,1
13182,3
13183,0
13184,0
13185,0
13186,4
13187,5
13188,4
13189,5
13190,0
13191,1
13192,4
13193,1
13194,0
13195,0
13196,0
13197,5
13198,5
13199,5
13200,4
13201,0
13202,4
13203,3
13204,0
13205,0
13206,5
13207,1
13208,1
13209,3
13210,4
13211,5
13212,3
13213,5
13214,4
13215,0
13216,2
13217,0
13218,0
13219,3
13220,2
13221,4
13222,0
13223,0
13224,1
13225,0
13226,5
13227,0
13228,0
13229,0
13230,2
13231,3
13232,0
13233,1
13234,5
13235,6
13236,2
13237,4
13238,3
13239,1
13240,5
13241,2
13242,4
13243,0
13244,1
13245,4
13246,0
13247,2
13248,3
13249,6
13250,0
13251,2
13252,5
13253,0
13254,1
13255,0
13256,2
13257,5
13258,0
13259,3
13260,3
13261,6
13262,4
13263,2
13264,0
13265,6
13266,3
13267,5
13268,6
13269,6
13270,1
13271,0
13272,2
13273,5
13274,2
13275,4
13276,4
13277,2
13278,0
13279,0
13280,5
13281,3
13282,6
13283,2
13284,2
13285,2
13286,0
13287,2
13288,5
13289,0
13290,2
13291,0
13292,0
13293,1
13294,5
13295,0
13296,0
13297,1
13298,4
13299,3
13300,5
13301,0
13302,0
13303,3
13304,2
13305,6
13306,0
13307,4
13308,0
13309,4
13310,2
13311,2
13312,0
13313,0
13314,0
13315,0
13316,0
13317,0
13318,2
13319,3
13320,4
13321,1
13322,0
13323,3
13324,0
13325,3
13326,1
13327,3
13328,5
13329,2
13330,3
13331,4
13332,3
13333,3
13334,0
13335,0
13336,2
13337,0
13338,2
13339,0
13340,0
13341,0
13342,3
13343,5
13344,2
13345,3
13346,0
13347,0
13348,1
13349,2
13350,5
13351,0
13352,2
13353,5
13354,0
13355,0
13356,2
13357,4
13358,3
13359,1
13360,4
13361,0
13362,2
13363,0
13364,1
13365,2
13366,0
13367,0
13368,5
13369,3
13370,0
13371,4
13372,0
13373,1
13374,3
13375,3
13376,4
13377,1
13378,0
13379,1
13380,3
13381,2
13382,0
13383,6
13384,2
13385,0
13386,2
13387,0
13388,0
13389,6
13390,0
13391,6
13392,0
13393,0
13394,4
13395,0
13396,0
13397,2
13398,3
13399,0
13400,1
13401,1
13402,5
13403,1
13404,2
13405,6
13406,0
13407,2
13408,5
13409,0
13410,4
13411,0
13412,0
13413,2
13414,0
13415,0
13416,6
13417,0
13418,4
13419,0
13420,6
13421,5
13422,4
13423,1
13424,0
13425,0
13426,2
13427,0
13428,1
13429,1
13430,1
13431,0
13432,0
13433,4
13434,3
13435,4
13436,3
13437,1
13438,3
13439,0
13440,0
13441,1
13442,2
13443,0
13444,2
13445,0
13446,0
13447,5
13448,0
13449,6
13450,6
13451,1
13452,0
13453,2
13454,0
13455,4
13456,0
13457,1
13458,0
13459,1
13460,1
13461,3
13462,4
13463,0
13464,0
13465,2
13466,3
13467,3
13468,4
13469,3
13470,2
13471,2
13472,0
13473,0
13474,3
13475,6
13476,1
13477,4
13478,2
13479,0
13480,4
13481,6
13482,0
13483,5
13484,4
13485,0
13486,2
13487,0
13488,6
13489,1
13490,0
13491,3
13492,0
13493,0
13494,0
13495,2
13496,5
13497,2
13498,2
13499,0
13500,4
13501,0
13502,0
13503,5
13504,0
13505,5
13506,5
13507,0
13508,0
13509,0
13510,2
13511,2
13512,0
13513,0
13514,1
13515,0
13516,5
13517,0
13518,0
13519,6
13520,4
13521,4
13522,3
13523,6
13524,0
13525,5
13526,0
13527,5
13528,2
13529,0
13530,3
13531,0
13532,0
13533,0
13534,0
13535,0
13536,0
13537,0
13538,0
13539,0
13540,0
13541,3
13542,1
13543,1
13544,5
13545,5
13546,2
13547,0
13548,2
13549,6
13550,5
13551,4
13552,0
13553,0
13554,1
13555,5
13556,2
13557,6
13558,1
13559,0
13560,1
13561,5
13562,2
13563,2
13564,0
13565,4
13566,5
13567,1
13568,0
13569,2
13570,0
13571,2
13572,2
13573,2
13574,3
13575,5
13576,3
13577,5
13578,1
13579,2
13580,0
13581,2
13582,0
13583,3
13584,1
13585,5
13586,4
13587,4
13588,6
13589,3
13590,0
13591,0
13592,2
13593,2
13594,0
13595,5
13596,5
13597,1
13598,0
13599,3
13600,1
13601,4
13602,0
13603,4
13604,2
13605,0
13606,2
13607,1
13608,0
13609,1
13610,0
13611,3
13612,1
13613,3
13614,2
13615,2
13616,1
13617,6
13618,0
13619,0
13620,6
13621,1
13622,0
13623,1
13624,0
13625,0
13626,1
13627,4
13628,4
13629,3
13630,4
13631,0
13632,0
13633,4
13634,6
13635,1
13636,2
13637,2
13638,1
13639,3
13640,0
13641,4
13642,6
13643,4
13644,0
13645,4
13646,2
13647,4
13648,5
13649,1
13650,5
13651,2
13652,2
13653,1
13654,6
13655,0
13656,3
13657,6
13658,4
13659,2
13660,3
13661,0
13662,1
13663,4
13664,1
13665,3
13666,4
13667,2
13668,2
13669,0
13670,0
13671,3
13672,0
13673,0
13674,4
13675,0
13676,0
13677,5
13678,4
13679,1
13680,0
13681,4
13682,6
13683,3
13684,1
13685,5
13686,2
13687,2
13688,1
13689,0
13690,2
13691,1
13692,1
13693,4
13694,0
13695,4
13696,3
13697,1
13698,4
13699,1
13700,5
13701,0
13702,4
13703,2
13704,2
13705,0
13706,4
13707,2
13708,2
13709,3
13710,3
13711,0
13712,3
13713,4
13714,5
13715,2
13716,1
13717,3
13718,1
13719,1
13720,1
13721,2
13722,5
13723,1
13724,3
13725,1
13726,5
13727,3
13728,2
13729,0
13730,0
13731,3
13732,0
13733,0
13734,0
13735,1
13736,0
13737,2
13738,2
13739,0
13740,2
13741,3
13742,6
13743,0
13744,5
13745,0
13746,3
13747,4
13748,0
13749,4
13750,4
13751,3
13752,3
13753,6
13754,3
13755,0
13756,0
13757,5
13758,5
13759,0
13760,1
13761,4
13762,5
13763,2
13764,1
13765,5
13766,4
13767,0
13768,3
13769,1
13770,0
13771,0
13772,0
13773,4
13774,4
13775,5
13776,0
13777,3
13778,5
13779,0
13780,1
13781,0
13782,6
13783,0
13784,5
13785,6
13786,0
13787,1
13788,0
13789,4
13790,0
13791,1
13792,6
13793,0
13794,0
13795,4
13796,3
13797,6
13798,3
13799,3
13800,3
13801,0
13802,5
13803,3
13804,0
13805,0
13806,0
13807,2
13808,4
13809,5
13810,3
13811,3
13812,2
13813,1
13814,3
13815,0
13816,3
13817,5
13818,4
13819,4
13820,3
13821,2
13822,0
13823,0
13824,5
13825,0
13826,0
13827,5
13828,5
13829,5
13830,5
13831,0
13832,2
13833,0
13834,1
13835,4
13836,0
13837,0
13838,4
13839,5
13840,3
13841,0
13842,0
13843,1
13844,2
13845,3
13846,0
13847,2
13848,5
13849,0
13850,5
13851,4
13852,0
13853,2
13854,0
13855,5
13856,0
13857,1
13858,5
13859,0
13860,0
13861,0
13862,4
13863,5
13864,6
13865,0
13866,1
13867,0
13868,0
13869,0
13870,5
13871,1
13872,3
13873,4
13874,0
13875,5
13876,5
13877,3
13878,0
13879,4
13880,1
13881,0
13882,1
13883,0
13884,4
13885,4
13886,4
13887,0
13888,2
13889,0
13890,2
13891,2
13892,0
13893,4
13894,2
13895,1
13896,1
13897,0
13898,3
13899,1
13900,0
13901,0
13902,0
13903,5
13904,0
13905,4
13906,4
13907,3
13908,1
13909,5
13910,3
13911,6
13912,4
13913,4
13914,6
13915,0
13916,0
13917,2
13918,2
13919,0
13920,2
13921,0
13922,0
13923,4
13924,1
13925,3
13926,0
13927,0
13928,3
13929,2
13930,3
13931,2
13932,2
13933,0
13934,3
13935,2
13936,4
13937,1
13938,0
13939,5
13940,3
13941,4
13942,0
13943,4
13944,3
13945,2
13946,1
13947,0
13948,4
13949,2
13950,6
13951,1
13952,1
13953,2
13954,0
13955,1
13956,0
13957,5
13958,2
13959,3
13960,0
13961,2
13962,0
13963,0
13964,3
13965,0
13966,5
13967,3
13968,0
13969,5
13970,3
13971,0
13972,5
13973,3
13974,6
13975,0
13976,2
13977,1
13978,4
13979,0
13980,0
13981,0
13982,3
13983,0
13984,0
13985,4
13986,2
13987,3
13988,4
13989,3
13990,2
13991,3
13992,2
13993,0
13994,3
13995,0
13996,2
13997,0
13998,4
13999,1
14000,1
14001,0
14002,3
14003,0
14004,0
14005,1
14006,4
14007,2
14008,0
14009,0
14010,4
14011,0
14012,3
14013,1
14014,0
14015,0
14016,1
14017,0
14018,0
14019,4
14020,2
14021,3
14022,2
14023,0
14024,3
14025,1
14026,4
14027,0
14028,2
14029,0
14030,4
14031,0
14032,0
14033,4
14034,0
14035,3
14036,0
14037,4
14038,1
14039,5
14040,4
14041,0
14042,3
14043,1
14044,1
14045,3
14046,5
14047,1
14048,5
14049,0
14050,4
14051,6
14052,0
14053,0
14054,0
14055,4
14056,6
14057,0
14058,2
14059,3
14060,4
14061,1
14062,4
14063,6
14064,3
14065,1
14066,0
14067,2
14068,0
14069,5
14070,0
14071,0
14072,3
14073,2
14074,2
14075,2
14076,5
14077,5
14078,2
14079,0
14080,5
14081,0
14082,5
14083,2
14084,5
14085,5
14086,0
14087,0
14088,3
14089,0
14090,0
14091,6
14092,1
14093,0
14094,1
14095,0
14096,2
14097,4
14098,1
14099,0
14100,3
14101,2
14102,0
14103,0
14104,0
14105,1
14106,1
14107,0
14108,0
14109,1
14110,5
14111,0
14112,0
14113,2
14114,3
14115,3
14116,2
14117,4
14118,3
14119,3
14120,4
14121,0
14122,1
14123,1
14124,3
14125,3
14126,5
14127,6
14128,5
14129,2
14130,0
14131,3
14132,0
14133,5
14134,0
14135,5
14136,6
14137,0
14138,1
14139,0
14140,6
14141,0
14142,2
14143,1
14144,4
14145,0
14146,0
14147,2
14148,4
14149,0
14150,0
14151,0
14152,0
14153,3
14154,4
14155,4
14156,0
14157,0
14158,5
14159,5
14160,2
14161,1
14162,0
14163,1
14164,2
14165,0
14166,0
14167,0
14168,0
14169,0
14170,6
14171,0
14172,1
14173,5
14174,1
14175,4
14176,1
14177,5
14178,5
14179,3
14180,4
14181,0
14182,3
14183,0
14184,0
14185,3
14186,0
14187,3
14188,2
14189,0
14190,6
14191,2
14192,1
14193,0
14194,0
14195,2
14196,3
14197,2
14198,2
14199,5
14200,1
14201,0
14202,5
14203,0
14204,1
14205,1
14206,1
14207,2
14208,2
14209,0
14210,1
14211,3
14212,3
14213,0
14214,1
14215,6
14216,2
14217,0
14218,5
14219,5
14220,2
14221,5
14222,5
14223,2
14224,5
14225,5
14226,0
14227,1
14228,3
14229,5
14230,3
14231,5
14232,1
14233,4
14234,4
14235,4
14236,1
14237,0
14238,0
14239,4
14240,1
14241,1
14242,1
14243,0
14244,3
14245,1
14246,5
14247,4
14248,5
14249,3
14250,2
14251,0
14252,6
14253,0
14254,5
14255,0
14256,3
14257,0
14258,0
14259,5
14260,1
14261,4
14262,3
14263,3
14264,2
14265,2
14266,1
14267,3
14268,0
14269,0
14270,0
14271,0
14272,0
14273,0
14274,5
14275,1
14276,1
14277,6
14278,2
14279,0
14280,0
14281,6
14282,0
14283,2
14284,3
14285,0
14286,1
14287,2
14288,5
14289,5
14290,1
14291,2
14292,0
14293,3
14294,0
14295,1
14296,3
14297,5
14298,5
14299,1
14300,4
14301,0
14302,1
14303,4
14304,0
14305,0
14306,0
14307,1
14308,2
14309,4
14310,5
14311,4
14312,5
14313,0
14314,3
14315,2
14316,0
14317,1
14318,1
14319,0
14320,0
14321,2
14322,4
14323,0
14324,2
14325,0
14326,2
14327,2
14328,3
14329,0
14330,3
14331,1
14332,0
14333,3
14334,2
14335,2
14336,1
14337,3
14338,5
14339,6
14340,0
14341,0
14342,0
14343,0
14344,0
14345,5
14346,3
14347,1
14348,1
14349,2
14350,3
14351,0
14352,1
14353,4
14354,5
14355,3
14356,4
14357,6
14358,1
14359,0
14360,0
14361,5
14362,0
14363,2
14364,0
14365,5
14366,3
14367,2
14368,2
14369,2
14370,3
14371,2
14372,2
14373,6
14374,3
14375,1
14376,2
14377,2
14378,4
14379,2
14380,1
14381,2
14382,6
14383,5
14384,0
14385,4
14386,3
14387,4
14388,1
14389,2
14390,2
14391,1
14392,2
14393,1
14394,6
14395,3
14396,2
14397,5
14398,5
14399,0
14400,2
14401,0
14402,3
14403,0
14404,0
14405,3
14406,0
14407,1
14408,4
14409,4
14410,0
14411,4
14412,4
14413,0
14414,0
14415,1
14416,0
14417,4
14418,0
14419,5
14420,3
14421,0
14422,6
14423,1
14424,4
14425,3
14426,0
14427,5
14428,2
14429,4
14430,1
14431,3
14432,3
14433,0
14434,5
14435,3
14436,2
14437,3
14438,4
14439,0
14440,1
14441,0
14442,0
14443,0
14444,4
14445,0
14446,2
14447,2
14448,2
14449,6
14450,3
14451,0
14452,5
14453,3
14454,2
14455,0
14456,1
14457,0
14458,5
14459,0
14460,0
14461,0
14462,4
14463,1
14464,0
14465,0
14466,5
14467,0
14468,1
14469,0
14470,0
14471,3
14472,3
14473,0
14474,1
14475,6
14476,0
14477,6
14478,1
14479,0
14480,1
14481,0
14482,0
14483,0
14484,1
14485,5
14486,0
14487,0
14488,4
14489,0
14490,3
14491,4
14492,0
14493,1
14494,0
14495,0
14496,4
14497,0
14498,3
14499,2
14500,0
14501,0
14502,2
14503,0
14504,1
14505,0
14506,2
14507,0
14508,3
14509,6
14510,5
14511,0
14512,0
14513,6
14514,0
14515,5
14516,3
14517,3
14518,4
14519,0
14520,2
14521,5
14522,5
14523,1
14524,5
14525,4
14526,4
14527,4
14528,1
14529,2
14530,0
14531,2
14532,0
14533,0
14534,5
14535,4
14536,3
14537,0
14538,1
14539,6
14540,0
14541,2
14542,0
14543,1
14544,2
14545,5
14546,2
14547,3
14548,0
14549,4
14550,5
14551,0
14552,5
14553,5
14554,0
14555,3
14556,4
14557,5
14558,2
14559,0
14560,2
14561,1
14562,0
14563,0
14564,0
14565,6
14566,2
14567,0
14568,3
14569,5
14570,0
14571,2
14572,0
14573,5
14574,2
14575,2
14576,0
14577,4
14578,2
14579,3
14580,4
14581,5
14582,0
14583,5
14584,1
14585,4
14586,0
14587,2
14588,0
14589,0
14590,2
14591,0
14592,0
14593,1
14594,4
14595,1
14596,3
14597,5
14598,5
14599,0
14600,4
14601,1
14602,4
14603,5
14604,3
14605,5
14606,2
14607,0
14608,2
14609,0
14610,0
14611,0
14612,0
14613,0
14614,2
14615,0
14616,0
14617,0
14618,0
14619,2
14620,4
14621,4
14622,1
14623,4
14624,0
14625,0
14626,2
14627,1
14628,5
14629,0
14630,6
14631,4
14632,5
14633,0
14634,0
14635,4
14636,0
14637,0
14638,1
14639,3
14640,2
14641,3
14642,0
14643,2
14644,0
14645,2
14646,1
14647,2
14648,0
14649,0
14650,1
14651,3
14652,5
14653,5
14654,1
14655,0
14656,0
14657,2
14658,0
14659,0
14660,2
14661,2
14662,4
14663,4
14664,0
14665,3
14666,0
14667,0
14668,6
14669,0
14670,2
14671,1
14672,6
14673,4
14674,0
14675,2
14676,6
14677,2
14678,0
14679,1
14680,2
14681,0
14682,0
14683,0
14684,2
14685,0
14686,0
14687,4
14688,0
14689,2
14690,0
14691,0
14692,0
14693,0
14694,1
14695,2
14696,0
14697,1
14698,5
14699,0
14700,0
14701,1
14702,5
14703,2
14704,4
14705,0
14706,0
14707,5
14708,1
14709,0
14710,1
14711,5
14712,4
14713,0
14714,0
14715,2
14716,0
14717,3
14718,0
14719,1
14720,5
14721,5
14722,2
14723,0
14724,2
14725,1
14726,4
14727,6
14728,6
14729,3
14730,1
14731,1
14732,0
14733,2
14734,0
14735,0
14736,4
14737,3
14738,0
14739,0
14740,1
14741,3
14742,2
14743,3
14744,5
14745,3
14746,0
14747,0
14748,0
14749,0
14750,2
14751,5
14752,0
14753,1
14754,0
14755,3
14756,0
14757,5
14758,3
14759,2
14760,1
14761,0
14762,0
14763,6
14764,0
14765,0
14766,0
14767,0
14768,0
14769,1
14770,3
14771,2
14772,2
14773,4
14774,3
14775,3
14776,2
14777,3
14778,0
14779,3
14780,0
14781,2
14782,1
14783,2
14784,1
14785,0
14786,3
14787,1
14788,5
14789,2
14790,0
14791,0
14792,2
14793,3
14794,5
14795,1
14796,4
14797,6
14798,2
14799,0
14800,0
14801,2
14802,5
14803,1
14804,1
14805,3
14806,4
14807,1
14808,3
14809,3
14810,5
14811,3
14812,2
14813,5
14814,5
14815,3
14816,5
14817,0
14818,0
14819,0
14820,3
14821,1
14822,0
14823,0
14824,0
14825,2
14826,4
14827,1
14828,5
14829,2
14830,0
14831,4
14832,2
14833,0
14834,1
14835,3
14836,1
14837,5
14838,6
14839,0
14840,4
14841,0
14842,0
14843,3
14844,4
14845,0
14846,0
14847,0
14848,2
14849,4
14850,0
14851,0
14852,2
14853,3
14854,3
14855,3
14856,0
14857,0
14858,2
14859,4
14860,4
14861,0
14862,0
14863,3
14864,3
14865,6
14866,5
14867,3
14868,3
14869,0
14870,0
14871,0
14872,2
14873,0
14874,3
14875,5
14876,6
14877,1
14878,3
14879,3
14880,5
14881,2
14882,5
14883,3
14884,0
14885,2
14886,0
14887,5
14888,0
14889,2
14890,2
14891,2
14892,5
14893,4
14894,2
14895,5
14896,3
14897,0
14898,0
14899,4
14900,1
14901,5
14902,4
14903,4
14904,0
14905,0
14906,2
14907,1
14908,2
14909,5
14910,0
14911,5
14912,0
14913,6
14914,2
14915,4
14916,0
14917,2
14918,0
14919,0
14920,1
14921,2
14922,4
14923,0
14924,0
14925,0
14926,2
14927,2
14928,1
14929,0
14930,0
14931,0
14932,5
14933,1
14934,6
14935,2
14936,1
14937,4
14938,0
14939,0
14940,3
14941,6
14942,0
14943,1
14944,0
14945,1
14946,4
14947,4
14948,6
14949,0
14950,2
14951,1
14952,3
14953,0
14954,5
14955,0
14956,1
14957,1
14958,5
14959,5
14960,5
14961,0
14962,5
14963,0
14964,0
14965,5
14966,0
14967,2
14968,5
14969,1
14970,0
14971,4
14972,5
14973,2
14974,4
14975,2
14976,2
14977,5
14978,1
14979,1
14980,0
14981,6
14982,2
14983,0
14984,6
14985,6
14986,2
14987,1
14988,0
14989,6
14990,0
14991,4
14992,3
14993,0
14994,2
14995,0
14996,4
14997,0
14998,2
14999,4
15000,4
15001,1
15002,5
15003,6
15004,3
15005,5
15006,0
15007,3
15008,3
15009,0
15010,4
15011,2
15012,4
15013,2
15014,0
15015,4
15016,0
15017,2
15018,3
15019,1
15020,2
15021,0
15022,6
15023,0
15024,0
15025,3
15026,2
15027,0
15028,4
15029,0
15030,3
15031,2
15032,0
15033,0
15034,0
15035,3
15036,0
15037,0
15038,5
15039,2
15040,0
15041,0
15042,5
15043,2
15044,2
15045,3
15046,3
15047,0
15048,1
15049,1
15050,6
15051,4
15052,1
15053,3
15054,2
15055,0
15056,0
15057,0
15058,1
15059,4
15060,3
15061,5
15062,4
15063,2
15064,0
15065,3
15066,0
15067,3
15068,3
15069,0
15070,0
15071,0
15072,0
15073,1
15074,0
15075,5
15076,0
15077,2
15078,0
15079,2
15080,2
15081,2
15082,0
15083,0
15084,0
15085,4
15086,0
15087,0
15088,2
15089,3
15090,6
15091,0
15092,5
15093,1
15094,4
15095,3
15096,4
15097,2
15098,0
15099,3
15100,0
15101,1
15102,4
15103,2
15104,3
15105,1
15106,1
15107,2
15108,0
15109,6
15110,0
15111,2
15112,2
15113,0
15114,1
15115,0
15116,5
15117,0
15118,0
15119,3
15120,0
15121,2
15122,4
15123,5
15124,0
15125,4
15126,3
15127,0
15128,1
15129,1
15130,5
15131,0
15132,3
15133,6
15134,1
15135,0
15136,0
15137,1
15138,5
15139,5
15140,4
15141,0
15142,2
15143,5
15144,4
15145,2
15146,2
15147,2
15148,1
15149,2
15150,4
15151,0
15152,4
15153,6
15154,0
15155,4
15156,0
15157,1
15158,1
15159,4
15160,5
15161,3
15162,1
15163,1
15164,2
15165,2
15166,0
15167,0
15168,0
15169,0
15170,3
15171,1
15172,0
15173,2
15174,4
15175,1
15176,1
15177,1
15178,0
15179,2
15180,4
15181,3
15182,0
15183,0
15184,4
15185,0
15186,1
15187,0
15188,0
15189,1
15190,1
15191,4
15192,0
15193,5
15194,0
15195,5
15196,3
15197,5
15198,1
15199,1
15200,0
15201,1
15202,0
15203,0
15204,0
15205,0
15206,6
15207,1
15208,5
15209,4
15210,3
15211,2
15212,1
15213,3
15214,2
15215,2
15216,0
15217,2
15218,0
15219,1
15220,0
15221,2
15222,3
15223,3
15224,0
15225,5
15226,6
15227,0
15228,1
15229,3
15230,0
15231,2
15232,1
15233,1
15234,3
15235,2
15236,2
15237,0
15238,5
15239,4
15240,4
15241,1
15242,0
15243,4
15244,6
15245,6
15246,4
15247,4
15248,3
15249,3
15250,1
15251,0
15252,0
15253,5
15254,0
15255,5
15256,4
15257,0
15258,0
15259,2
15260,0
15261,1
15262,1
15263,3
15264,5
15265,2
15266,0
15267,6
15268,2
15269,0
15270,0
15271,0
15272,2
15273,0
15274,2
15275,6
15276,5
15277,5
15278,0
15279,0
15280,4
15281,0
15282,0
15283,1
15284,5
15285,0
15286,5
15287,6
15288,4
15289,4
15290,1
15291,5
15292,1
15293,5
15294,0
15295,2
15296,0
15297,0
15298,4
15299,1
15300,1
15301,2
15302,0
15303,0
15304,1
15305,0
15306,2
15307,2
15308,0
15309,0
15310,0
15311,0
15312,1
15313,1
15314,2
15315,6
15316,5
15317,0
15318,5
15319,4
15320,5
15321,4
15322,5
15323,1
15324,1
15325,5
15326,5
15327,2
15328,2
15329,3
15330,4
15331,3
15332,2
15333,5
15334,4
15335,0
15336,2
15337,3
15338,2
15339,5
15340,4
15341,2
15342,0
15343,0
15344,0
15345,5
15346,2
15347,1
15348,5
15349,0
15350,0
15351,5
15352,0
15353,5
15354,5
15355,0
15356,4
15357,1
15358,0
15359,5
15360,1
15361,0
15362,0
15363,1
15364,6
15365,0
15366,3
15367,4
15368,0
15369,4
15370,0
15371,0
15372,3
15373,0
15374,2
15375,6
15376,2
15377,3
15378,2
15379,2
15380,2
15381,1
15382,5
15383,2
15384,2
15385,5
15386,3
15387,1
15388,0
15389,3
15390,5
15391,4
15392,0
15393,0
15394,0
15395,0
15396,2
15397,2
15398,3
15399,4
15400,0
15401,5
15402,1
15403,0
15404,4
15405,5
15406,5
15407,0
15408,2
15409,1
15410,0
15411,5
15412,4
15413,0
15414,6
15415,2
15416,2
15417,3
15418,0
15419,4
15420,3
15421,5
15422,2
15423,0
15424,0
15425,0
15426,3
15427,4
15428,0
15429,0
15430,5
15431,3
15432,0
15433,1
15434,4
15435,0
15436,2
15437,5
15438,3
15439,0
15440,0
15441,0
15442,5
15443,0
15444,4
15445,5
15446,0
15447,1
15448,1
15449,1
15450,4
15451,0
15452,4
15453,1
15454,1
15455,1
15456,6
15457,6
15458,5
15459,4
15460,1
15461,4
15462,1
15463,0
15464,1
15465,6
15466,4
15467,5
15468,0
15469,2
15470,1
15471,0
15472,0
15473,2
15474,0
15475,2
15476,2
15477,2
15478,4
15479,2
15480,3
15481,0
15482,0
15483,0
15484,2
15485,2
15486,0
15487,1
15488,0
15489,1
15490,1
15491,2
15492,1
15493,4
15494,5
15495,0
15496,0
15497,6
15498,0
15499,4
15500,3
15501,4
15502,1
15503,6
15504,2
15505,0
15506,2
15507,3
15508,5
15509,0
15510,4
15511,4
15512,3
15513,0
15514,1
15515,5
15516,1
15517,4
15518,0
15519,1
15520,0
15521,2
15522,5
15523,3
15524,1
15525,6
15526,0
15527,4
15528,5
15529,0
15530,0
15531,3
15532,2
15533,0
15534,0
15535,4
15536,0
15537,0
15538,4
15539,4
15540,2
15541,2
15542,3
15543,1
15544,5
15545,1
15546,2
15547,2
15548,6
15549,0
15550,5
15551,4
15552,0
15553,1
15554,4
15555,3
15556,1
15557,1
15558,6
15559,2
15560,0
15561,0
15562,0
15563,4
15564,0
15565,1
15566,0
15567,0
15568,2
15569,2
15570,2
15571,0
15572,3
15573,0
15574,0
15575,0
15576,3
15577,0
15578,0
15579,2
15580,3
15581,0
15582,1
15583,0
15584,0
15585,2
15586,1
15587,0
15588,0
15589,0
15590,1
15591,1
15592,2
15593,1
15594,0
15595,5
15596,0
15597,0
15598,4
15599,5
15600,2
15601,0
15602,1
15603,1
15604,0
15605,3
15606,4
15607,0
15608,0
15609,1
15610,5
15611,1
15612,4
15613,2
15614,2
15615,0
15616,0
15617,2
15618,5
15619,0
15620,1
15621,2
15622,1
15623,2
15624,0
15625,0
15626,4
15627,0
15628,3
15629,3
15630,0
15631,1
15632,0
15633,3
15634,1
15635,0
15636,5
15637,0
15638,1
15639,0
15640,0
15641,5
15642,0
15643,5
15644,1
15645,0
15646,0
15647,1
15648,2
15649,0
15650,1
15651,5
15652,6
15653,0
15654,1
15655,0
15656,1
15657,6
15658,5
15659,5
15660,1
15661,5
15662,5
15663,3
15664,2
15665,5
15666,6
15667,2
15668,0
15669,2
15670,0
15671,2
15672,6
15673,4
15674,2
15675,2
15676,1
15677,6
15678,1
15679,4
15680,2
15681,5
15682,0
15683,0
15684,4
15685,1
15686,2
15687,2
15688,0
15689,0
15690,0
15691,1
15692,1
15693,1
15694,3
15695,3
15696,1
15697,5
15698,4
15699,3
15700,5
15701,5
15702,1
15703,1
15704,0
15705,3
15706,0
15707,1
15708,2
15709,0
15710,3
15711,1
15712,5
15713,0
15714,5
15715,1
15716,0
15717,4
15718,0
15719,0
15720,3
15721,3
15722,1
15723,0
15724,5
15725,0
15726,1
15727,1
15728,2
15729,3
15730,4
15731,0
15732,0
15733,6
15734,0
15735,2
15736,2
15737,0
15738,0
15739,0
15740,3
15741,0
15742,2
15743,2
15744,1
15745,0
15746,0
15747,1
15748,5
15749,6
15750,0
15751,5
15752,2
15753,1
15754,1
15755,0
15756,5
15757,4
15758,3
15759,3
15760,0
15761,6
15762,3
15763,1
15764,0
15765,0
15766,4
15767,0
15768,0
15769,0
15770,2
15771,4
15772,0
15773,2
15774,4
15775,4
15776,2
15777,3
15778,0
15779,5
15780,3
15781,0
15782,1
15783,1
15784,4
15785,6
15786,1
15787,3
15788,0
15789,6
15790,1
15791,0
15792,3
15793,4
15794,5
15795,0
15796,4
15797,1
15798,0
15799,5
15800,0
15801,6
15802,1
15803,0
15804,4
15805,0
15806,2
15807,0
15808,2
15809,2
15810,6
15811,2
15812,4
15813,3
15814,2
15815,1
15816,6
15817,0
15818,0
15819,1
15820,4
15821,5
15822,3
15823,0
15824,1
15825,0
15826,2
15827,0
15828,5
15829,4
15830,0
15831,2
15832,0
15833,3
15834,4
15835,0
15836,0
15837,0
15838,0
15839,0
15840,2
15841,2
15842,5
15843,0
15844,2
15845,0
15846,4
15847,4
15848,5
15849,2
15850,1
15851,1
15852,1
15853,1
15854,0
15855,3
15856,2
15857,6
15858,5
15859,0
15860,2
15861,4
15862,5
15863,4
15864,2
15865,0
15866,5
15867,3
15868,3
15869,0
15870,1
15871,0
15872,3
15873,1
15874,4
15875,1
15876,0
15877,2
15878,0
15879,5
15880,5
15881,5
15882,2
15883,2
15884,0
15885,0
15886,0
15887,2
15888,0
15889,0
15890,1
15891,2
15892,2
15893,5
15894,3
15895,0
15896,0
15897,0
15898,3
15899,3
15900,1
15901,2
15902,3
15903,0
15904,6
15905,0
15906,1
15907,2
15908,0
15909,1
15910,1
15911,1
15912,1
15913,5
15914,0
15915,0
15916,4
15917,2
15918,0
15919,4
15920,3
15921,0
15922,2
15923,1
15924,0
15925,0
15926,2
15927,0
15928,0
15929,0
15930,4
15931,0
15932,2
15933,0
15934,2
15935,0
15936,0
15937,0
15938,0
15939,5
15940,4
15941,4
15942,1
15943,0
15944,1
15945,2
15946,1
15947,3
15948,3
15949,0
15950,0
15951,3
15952,5
15953,3
15954,1
15955,1
15956,1
15957,1
15958,0
15959,2
15960,6
15961,5
15962,4
15963,5
15964,4
15965,4
15966,0
15967,2
15968,0
15969,4
15970,4
15971,0
15972,4
15973,0
15974,5
15975,0
15976,2
15977,2
15978,3
15979,0
15980,4
15981,1
15982,0
15983,0
15984,0
15985,0
15986,4
15987,2
15988,0
15989,5
15990,1
15991,0
15992,5
15993,0
15994,0
15995,1
15996,4
15997,1
15998,3
15999,0
16000,2
16001,5
16002,0
16003,4
16004,2
16005,0
16006,1
16007,1
16008,4
16009,0
16010,5
16011,6
16012,0
16013,5
16014,0
16015,3
16016,0
16017,3
16018,0
16019,3
16020,1
16021,0
16022,6
16023,4
16024,5
16025,2
16026,0
16027,0
16028,0
16029,0
16030,2
16031,1
16032,4
16033,0
16034,3
16035,1
16036,5
16037,2
16038,4
16039,5
16040,0
16041,0
16042,6
16043,5
16044,2
16045,6
16046,2
16047,5
16048,1
16049,0
16050,0
16051,0
16052,2
16053,0
16054,5
16055,5
16056,5
16057,4
16058,3
16059,3
16060,6
16061,4
16062,4
16063,1
16064,0
16065,6
16066,0
16067,1
16068,3
16069,0
16070,1
16071,0
16072,4
16073,0
16074,2
16075,4
16076,2
16077,4
16078,3
16079,6
16080,4
16081,0
16082,0
16083,4
16084,3
16085,2
16086,0
16087,0
16088,2
16089,0
16090,0
16091,2
16092,0
16093,2
16094,2
16095,5
16096,1
16097,3
16098,3
16099,0
16100,0
16101,0
16102,5
16103,0
16104,5
16105,0
16106,1
16107,0
16108,1
16109,2
16110,0
16111,1
16112,4
16113,3
16114,3
16115,0
16116,2
16117,1
16118,1
16119,3
16120,3
16121,3
16122,1
16123,1
16124,2
16125,3
16126,1
16127,0
16128,3
16129,5
16130,1
16131,0
16132,2
16133,0
16134,0
16135,2
16136,2
16137,0
16138,0
16139,4
16140,5
16141,0
16142,0
16143,1
16144,1
16145,2
16146,1
16147,1
16148,2
16149,6
16150,0
16151,0
16152,0
16153,2
16154,2
16155,0
16156,0
16157,0
16158,6
16159,1
16160,0
16161,0
16162,1
16163,0
16164,6
16165,0
16166,0
16167,0
16168,6
16169,0
16170,0
16171,3
16172,0
16173,1
16174,5
16175,0
16176,5
16177,3
16178,0
16179,3
16180,0
16181,4
16182,3
16183,3
16184,1
16185,2
16186,5
16187,5
16188,1
16189,3
16190,5
16191,3
16192,2
16193,1
16194,3
16195,0
16196,3
16197,0
16198,0
16199,4
16200,4
16201,3
16202,2
16203,0
16204,5
16205,2
16206,3
16207,2
16208,3
16209,5
16210,5
16211,0
16212,0
16213,4
16214,5
16215,0
16216,5
16217,3
16218,2
16219,4
16220,2
16221,0
16222,0
16223,5
16224,3
16225,2
16226,3
16227,4
16228,3
16229,0
16230,5
16231,0
16232,5
16233,1
16234,5
16235,5
16236,3
16237,0
16238,5
16239,2
16240,0
16241,0
16242,5
16243,0
16244,4
16245,0
16246,4
16247,3
16248,0
16249,3
16250,0
16251,4
16252,0
16253,0
16254,1
16255,2
16256,0
16257,4
16258,5
16259,1
16260,3
16261,0
16262,0
16263,2
16264,1
16265,2
16266,5
16267,3
16268,3
16269,1
16270,2
16271,1
16272,2
16273,5
16274,1
16275,0
16276,6
16277,0
16278,1
16279,0
16280,3
16281,0
16282,1
16283,2
16284,4
16285,0
16286,0
16287,5
16288,0
16289,3
16290,2
16291,2
16292,0
16293,0
16294,3
16295,0
16296,0
16297,0
16298,4
16299,4
16300,1
16301,1
16302,1
16303,3
16304,6
16305,5
16306,4
16307,4
16308,0
16309,0
16310,4
16311,5
16312,1
16313,0
16314,0
16315,5
16316,1
16317,2
16318,2
16319,4
16320,0
16321,1
16322,0
16323,5
16324,5
16325,1
16326,3
16327,2
16328,1
16329,0
16330,4
16331,0
16332,0
16333,3
16334,1
16335,0
16336,1
16337,4
16338,4
16339,2
16340,0
16341,0
16342,5
16343,3
16344,0
16345,0
16346,6
16347,5
16348,3
16349,1
16350,0
16351,3
16352,0
16353,0
16354,0
16355,3
16356,3
16357,2
16358,0
16359,0
16360,2
16361,0
16362,0
16363,4
16364,0
16365,2
16366,4
16367,2
16368,4
16369,5
16370,5
16371,3
16372,2
16373,2
16374,0
16375,0
16376,0
16377,1
16378,5
16379,6
16380,5
16381,3
16382,6
16383,0
16384,5
16385,4
16386,1
16387,3
16388,3
16389,0
16390,6
16391,3
16392,5
16393,1
16394,3
16395,4
16396,0
16397,0
16398,1
16399,1
16400,3
16401,0
16402,1
16403,3
16404,4
16405,3
16406,0
16407,1
16408,0
16409,4
16410,0
16411,0
16412,6
16413,5
16414,1
16415,0
16416,2
16417,2
16418,1
16419,3
16420,4
16421,5
16422,4
16423,0
16424,1
16425,2
16426,0
16427,5
16428,0
16429,4
16430,4
16431,6
16432,0
16433,0
16434,5
16435,2
16436,2
16437,0
16438,0
16439,1
16440,5
16441,0
16442,4
16443,4
16444,5
16445,0
16446,2
16447,0
16448,5
16449,0
16450,1
16451,4
16452,0
16453,5
16454,4
16455,4
16456,0
16457,2
16458,3
16459,0
16460,1
16461,3
16462,2
16463,0
16464,0
16465,2
16466,5
16467,0
16468,5
16469,2
16470,0
16471,2
16472,1
16473,3
16474,2
16475,2
16476,0
16477,2
16478,2
16479,0
16480,4
16481,2
16482,4
16483,0
16484,4
16485,5
16486,4
16487,3
16488,0
16489,0
16490,0
16491,0
16492,1
16493,0
16494,1
16495,1
16496,0
16497,0
16498,3
16499,5
16500,6
16501,4
16502,2
16503,6
16504,2
16505,0
16506,0
16507,4
16508,4
16509,6
16510,0
16511,2
16512,5
16513,4
16514,1
16515,3
16516,4
16517,0
16518,2
16519,1
16520,1
16521,0
16522,0
16523,0
16524,4
16525,2
16526,3
16527,5
16528,3
16529,2
16530,4
16531,3
16532,4
16533,0
16534,1
16535,2
16536,3
16537,2
16538,3
16539,0
16540,0
16541,0
16542,0
16543,1
16544,0
16545,3
16546,0
16547,1
16548,5
16549,5
16550,0
16551,3
16552,4
16553,0
16554,3
16555,1
16556,1
16557,5
16558,0
16559,2
16560,4
16561,3
16562,0
16563,0
16564,4
16565,1
16566,3
16567,2
16568,3
16569,0
16570,1
16571,5
16572,1
16573,5
16574,5
16575,0
16576,5
16577,0
16578,0
16579,3
16580,3
16581,0
16582,5
16583,1
16584,3
16585,0
16586,0
16587,0
16588,3
16589,0
16590,4
16591,0
16592,2
16593,2
16594,0
16595,3
16596,1
16597,4
16598,1
16599,0
16600,4
16601,5
16602,2
16603,2
16604,2
16605,0
16606,4
16607,2
16608,0
16609,0
16610,6
16611,5
16612,1
16613,3
16614,6
16615,0
16616,0
16617,2
16618,0
16619,0
16620,5
16621,5
16622,6
16623,0
16624,0
16625,2
16626,0
16627,0
16628,0
16629,1
16630,3
16631,2
16632,2
16633,2
16634,2
16635,1
16636,0
16637,1
16638,0
16639,0
16640,3
16641,4
16642,1
16643,0
16644,4
16645,1
16646,0
16647,5
16648,0
16649,2
16650,2
16651,5
16652,4
16653,1
16654,2
16655,5
16656,1
16657,0
16658,0
16659,0
16660,0
16661,0
16662,0
16663,2
16664,0
16665,2
16666,4
16667,0
16668,2
16669,1
16670,4
16671,2
16672,5
16673,0
16674,5
16675,4
16676,2
16677,6
16678,0
16679,5
16680,0
16681,2
16682,5
16683,6
16684,4
16685,4
16686,3
16687,1
16688,0
16689,0
16690,1
16691,0
16692,0
16693,5
16694,2
16695,2
16696,5
16697,0
16698,1
16699,0
16700,0
16701,0
16702,0
16703,0
16704,0
16705,3
16706,0
16707,4
16708,1
16709,1
16710,0
16711,0
16712,1
16713,1
16714,5
16715,0
16716,1
16717,0
16718,0
16719,2
16720,3
16721,4
16722,2
16723,0
16724,4
16725,5
16726,0
16727,1
16728,2
16729,4
16730,5
16731,4
16732,5
16733,0
16734,5
16735,4
16736,0
16737,3
16738,4
16739,1
16740,4
16741,0
16742,3
16743,0
16744,0
16745,3
16746,0
16747,4
16748,1
16749,0
16750,0
16751,4
16752,1
16753,5
16754,6
16755,1
16756,6
16757,2
16758,5
16759,0
16760,2
16761,2
16762,5
16763,1
16764,0
16765,5
16766,3
16767,4
16768,0
16769,5
16770,5
16771,6
16772,1
16773,5
16774,3
16775,5
16776,0
16777,5
16778,2
16779,0
16780,0
16781,4
16782,2
16783,4
16784,0
16785,2
16786,0
16787,2
16788,1
16789,1
16790,1
16791,5
16792,0
16793,4
16794,4
16795,0
16796,5
16797,0
16798,0
16799,3
16800,3
16801,2
16802,5
16803,0
16804,1
16805,5
16806,0
16807,0
16808,5
16809,2
16810,3
16811,1
16812,2
16813,0
16814,0
16815,2
16816,4
16817,0
16818,2
16819,0
16820,0
16821,0
16822,0
16823,3
16824,5
16825,6
16826,6
16827,0
16828,1
16829,5
16830,1
16831,4
16832,0
16833,1
16834,4
16835,1
16836,4
16837,2
16838,2
16839,0
16840,0
16841,0
16842,2
16843,0
16844,0
16845,5
16846,6
16847,0
16848,0
16849,1
16850,3
16851,0
16852,5
16853,3
16854,1
16855,0
16856,0
16857,0
16858,0
16859,2
16860,0
16861,0
16862,0
16863,0
16864,2
16865,5
16866,1
16867,2
16868,1
16869,2
16870,6
16871,3
16872,3
16873,3
16874,3
16875,3
16876,2
16877,2
16878,6
16879,1
16880,6
16881,1
16882,4
16883,2
16884,1
16885,1
16886,3
16887,0
16888,0
16889,4
16890,5
16891,3
16892,3
16893,0
16894,1
16895,2
16896,2
16897,5
16898,0
16899,0
16900,0
16901,3
16902,1
16903,0
16904,0
16905,4
16906,0
16907,2
16908,0
16909,2
16910,1
16911,4
16912,0
16913,2
16914,2
16915,1
16916,1
16917,5
16918,3
16919,4
16920,0
16921,4
16922,0
16923,2
16924,4
16925,1
16926,3
16927,1
16928,0
16929,5
16930,0
16931,0
16932,2
16933,3
16934,0
16935,0
16936,5
16937,0
16938,0
16939,1
16940,6
16941,2
16942,6
16943,2
16944,0
16945,4
16946,0
16947,4
16948,5
16949,2
16950,0
16951,4
16952,4
16953,0
16954,1
16955,4
16956,2
16957,0
16958,1
16959,4
16960,2
16961,0
16962,6
16963,5
16964,5
16965,3
16966,1
16967,2
16968,1
16969,3
16970,0
16971,0
16972,0
16973,1
16974,2
16975,2
16976,5
16977,4
16978,5
16979,1
16980,3
16981,0
16982,3
16983,0
16984,0
16985,0
16986,0
16987,3
16988,4
16989,1
16990,1
16991,3
16992,2
16993,3
16994,1
16995,2
16996,1
16997,0
16998,5
16999,0
17000,0
17001,0
17002,3
17003,0
17004,0
17005,0
17006,0
17007,4
17008,0
17009,5
17010,0
17011,0
17012,1
17013,1
17014,5
17015,0
17016,6
17017,0
17018,0
17019,3
17020,2
17021,0
17022,0
17023,5
17024,0
17025,1
17026,3
17027,1
17028,2
17029,3
17030,5
17031,4
17032,0
17033,0
17034,0
17035,0
17036,4
17037,2
17038,0
17039,0
17040,2
17041,1
17042,0
17043,4
17044,2
17045,0
17046,3
17047,0
17048,2
17049,0
17050,1
17051,0
17052,4
17053,6
17054,3
17055,5
17056,0
17057,0
17058,0
17059,0
17060,1
17061,5
17062,3
17063,5
17064,2
17065,2
17066,0
17067,0
17068,0
17069,0
17070,4
17071,1
17072,4
17073,3
17074,0
17075,0
17076,4
17077,3
17078,0
17079,5
17080,0
17081,0
17082,1
17083,4
17084,3
17085,3
17086,4
17087,1
17088,0
17089,0
17090,4
17091,5
17092,5
17093,1
17094,1
17095,5
17096,5
17097,5
17098,3
17099,0
17100,1
17101,0
17102,5
17103,0
17104,4
17105,6
17106,3
17107,0
17108,0
17109,3
17110,0
17111,0
17112,1
17113,1
17114,0
17115,2
17116,2
17117,4
17118,1
17119,0
17120,5
17121,0
17122,3
17123,2
17124,0
17125,2
17126,1
17127,2
17128,0
17129,0
17130,1
17131,6
17132,1
17133,0
17134,3
17135,1
17136,6
17137,2
17138,1
17139,0
17140,4
17141,5
17142,0
17143,3
17144,4
17145,4
17146,5
17147,1
17148,2
17149,0
17150,3
17151,0
17152,6
17153,2
17154,1
17155,2
17156,5
17157,1
17158,4
17159,2
17160,2
17161,0
17162,6
17163,6
17164,0
17165,0
17166,2
17167,0
17168,0
17169,0
17170,0
17171,0
17172,0
17173,3
17174,5
17175,1
17176,2
17177,0
17178,0
17179,1
17180,5
17181,2
17182,0
17183,2
17184,6
17185,2
17186,4
17187,5
17188,4
17189,2
17190,5
17191,3
17192,1
17193,5
17194,0
17195,2
17196,0
17197,1
17198,2
17199,0
17200,1
17201,0
17202,5
17203,5
17204,5
17205,2
17206,0
17207,0
17208,2
17209,1
17210,1
17211,4
17212,5
17213,0
17214,3
17215,4
17216,0
17217,1
17218,6
17219,0
17220,1
17221,1
17222,6
17223,2
17224,0
17225,1
17226,0
17227,0
17228,4
17229,3
17230,5
17231,1
17232,0
17233,1
17234,0
17235,5
17236,4
17237,0
17238,1
17239,1
17240,2
17241,2
17242,3
17243,4
17244,0
17245,1
17246,6
17247,2
17248,3
17249,6
17250,3
17251,4
17252,2
17253,0
17254,5
17255,2
17256,2
17257,4
17258,1
17259,2
17260,0
17261,3
17262,0
17263,0
17264,5
17265,5
17266,2
17267,0
17268,0
17269,0
17270,1
17271,0
17272,3
17273,3
17274,0
17275,4
17276,4
17277,5
17278,3
17279,5
17280,2
17281,5
17282,0
17283,5
17284,4
17285,5
17286,2
17287,5
17288,1
17289,0
17290,2
17291,1
17292,0
17293,6
17294,4
17295,0
17296,0
17297,0
17298,0
17299,2
17300,0
17301,1
17302,6
17303,4
17304,6
17305,3
17306,1
17307,0
17308,1
17309,2
17310,0
17311,2
17312,0
17313,1
17314,0
17315,0
17316,5
17317,4
17318,4
17319,1
17320,4
17321,0
17322,0
17323,0
17324,0
17325,2
17326,2
17327,5
17328,1
17329,0
17330,1
17331,6
17332,6
17333,6
17334,3
17335,1
17336,1
17337,0
17338,3
17339,0
17340,4
17341,3
17342,3
17343,2
17344,3
17345,1
17346,5
17347,2
17348,0
17349,0
17350,3
17351,0
17352,0
17353,0
17354,0
17355,4
17356,6
17357,3
17358,0
17359,4
17360,0
17361,6
17362,0
17363,0
17364,5
17365,1
17366,3
17367,4
17368,0
17369,4
17370,2
17371,5
17372,0
17373,4
17374,4
17375,6
17376,5
17377,4
17378,3
17379,5
17380,0
17381,5
17382,0
17383,1
17384,0
17385,2
17386,1
17387,0
17388,0
17389,1
17390,1
17391,2
17392,0
17393,0
17394,0
17395,0
17396,2
17397,0
17398,1
17399,0
17400,1
17401,1
17402,1
17403,4
17404,1
17405,1
17406,3
17407,3
17408,0
17409,1
17410,0
17411,4
17412,0
17413,0
17414,5
17415,0
17416,6
17417,5
17418,1
17419,0
17420,2
17421,0
17422,2
17423,1
17424,0
17425,0
17426,5
17427,0
17428,1
17429,0
17430,5
17431,1
17432,0
17433,5
17434,4
17435,2
17436,4
17437,1
17438,0
17439,1
17440,5
17441,2
17442,1
17443,3
17444,0
17445,5
17446,5
17447,0
17448,3
17449,6
17450,0
17451,0
17452,5
17453,0
17454,2
17455,0
17456,0
17457,2
17458,6
17459,0
17460,1
17461,2
17462,5
17463,2
17464,1
17465,3
17466,4
17467,2
17468,0
17469,3
17470,0
17471,2
17472,6
17473,4
17474,0
17475,4
17476,4
17477,1
17478,3
17479,0
17480,6
17481,2
17482,5
17483,3
17484,0
17485,5
17486,1
17487,0
17488,0
17489,2
17490,0
17491,1
17492,4
17493,4
17494,1
17495,5
17496,2
17497,0
17498,3
17499,0
17500,0
17501,3
17502,3
17503,0
17504,4
17505,0
17506,2
17507,2
17508,0
17509,0
17510,2
17511,0
17512,4
17513,0
17514,0
17515,2
17516,4
17517,3
17518,0
17519,0
17520,4
17521,0
17522,5
17523,2
17524,0
17525,0
17526,1
17527,5
17528,3
17529,2
17530,0
17531,6
17532,0
17533,3
17534,4
17535,1
17536,0
17537,0
17538,0
17539,0
17540,5
17541,2
17542,0
17543,1
17544,2
17545,2
17546,3
17547,4
17548,3
17549,0
17550,2
17551,0
17552,0
17553,4
17554,0
17555,4
17556,0
17557,2
17558,2
17559,0
17560,4
17561,3
17562,2
17563,2
17564,4
17565,6
17566,0
17567,3
17568,1
17569,0
17570,0
17571,4
17572,1
17573,4
17574,2
17575,0
17576,1
17577,0
17578,3
17579,5
17580,0
17581,4
17582,3
17583,1
17584,0
17585,2
17586,4
17587,2
17588,5
17589,0
17590,0
17591,0
17592,4
17593,2
17594,1
17595,5
17596,4
17597,6
17598,5
17599,2
17600,0
17601,0
17602,4
17603,4
17604,4
17605,1
17606,0
17607,0
17608,5
17609,2
17610,0
17611,5
17612,0
17613,4
17614,0
17615,5
17616,3
17617,0
17618,0
17619,0
17620,0
17621,0
17622,0
17623,1
17624,1
17625,5
17626,0
17627,0
17628,5
17629,1
17630,0
17631,4
17632,0
17633,4
17634,5
17635,5
17636,5
17637,3
17638,5
17639,1
17640,6
17641,0
17642,5
17643,2
17644,4
17645,3
17646,2
17647,4
17648,0
17649,6
17650,6
17651,1
17652,0
17653,0
17654,0
17655,5
17656,0
17657,3
17658,2
17659,5
17660,0
17661,1
17662,0
17663,2
17664,2
17665,3
17666,5
17667,5
17668,5
17669,4
17670,0
17671,2
17672,4
17673,4
17674,3
17675,1
17676,0
17677,6
17678,0
17679,6
17680,0
17681,6
17682,1
17683,6
17684,2
17685,0
17686,3
17687,1
17688,0
17689,1
17690,0
17691,2
17692,5
17693,2
17694,4
17695,0
17696,0
17697,0
17698,1
17699,6
17700,0
17701,0
17702,3
17703,2
17704,1
17705,2
17706,3
17707,5
17708,2
17709,2
17710,4
17711,0
17712,5
17713,2
17714,0
17715,0
17716,5
17717,4
17718,0
17719,5
17720,0
17721,0
17722,3
17723,0
17724,0
17725,4
17726,5
17727,5
17728,5
17729,2
17730,4
17731,4
17732,1
17733,4
17734,5
17735,0
17736,3
17737,2
17738,1
17739,5
17740,4
17741,0
17742,0
17743,2
17744,0
17745,4
17746,0
17747,1
17748,5
17749,0
17750,5
17751,0
17752,3
17753,0
17754,2
17755,1
17756,1
17757,2
17758,5
17759,5
17760,2
17761,0
17762,0
17763,3
17764,0
17765,2
17766,2
17767,6
17768,0
17769,3
17770,5
17771,5
17772,1
17773,1
17774,4
17775,6
17776,1
17777,0
17778,6
17779,0
17780,0
17781,3
17782,3
17783,0
17784,2
17785,1
17786,1
17787,0
17788,4
17789,5
17790,3
17791,0
17792,0
17793,3
17794,0
17795,5
17796,5
17797,2
17798,1
17799,1
17800,0
17801,5
17802,0
17803,0
17804,5
17805,2
17806,0
17807,0
17808,3
17809,5
17810,1
17811,5
17812,0
17813,5
17814,1
17815,2
17816,0
17817,0
17818,2
17819,2
17820,4
17821,5
17822,5
17823,3
17824,2
17825,4
17826,0
17827,1
17828,5
17829,0
17830,3
17831,2
17832,5
17833,5
17834,0
17835,3
17836,1
17837,1
17838,0
17839,0
17840,5
17841,4
17842,0
17843,0
17844,4
17845,4
17846,5
17847,1
17848,0
17849,3
17850,3
17851,0
17852,1
17853,1
17854,2
17855,0
17856,4
17857,4
17858,4
17859,2
17860,1
17861,5
17862,5
17863,0
17864,2
17865,2
17866,0
17867,5
17868,2
17869,1
17870,4
17871,3
17872,3
17873,6
17874,0
17875,0
17876,4
17877,0
17878,0
17879,4
17880,0
17881,6
17882,5
17883,0
17884,0
17885,0
17886,4
17887,2
17888,0
17889,5
17890,0
17891,4
17892,2
17893,1
17894,3
17895,4
17896,0
17897,3
17898,0
17899,0
17900,0
17901,3
17902,0
17903,0
17904,1
17905,0
17906,5
17907,0
17908,2
17909,4
17910,3
17911,5
17912,5
17913,1
17914,3
17915,2
17916,5
17917,4
17918,1
17919,5
17920,1
17921,0
17922,5
17923,0
17924,0
17925,0
17926,1
17927,0
17928,3
17929,2
17930,4
17931,3
17932,0
17933,1
17934,0
17935,3
17936,2
17937,4
17938,5
17939,5
17940,2
17941,5
17942,0
17943,1
17944,5
17945,1
17946,3
17947,2
17948,1
17949,0
17950,2
17951,0
17952,4
17953,0
17954,0
17955,0
17956,3
17957,4
17958,4
17959,1
17960,2
17961,1
17962,6
17963,3
17964,3
17965,0
17966,5
17967,2
17968,4
17969,2
17970,0
17971,1
17972,2
17973,0
17974,2
17975,5
17976,1
17977,2
17978,2
17979,4
17980,5
17981,1
17982,5
17983,4
17984,3
17985,5
17986,0
17987,1
17988,5
17989,4
17990,0
17991,3
17992,4
17993,5
17994,0
17995,5
17996,2
17997,0
17998,2
17999,6
18000,3
18001,0
18002,0
18003,3
18004,1
18005,1
18006,3
18007,0
18008,6
18009,0
18010,0
18011,4
18012,4
18013,6
18014,3
18015,2
18016,1
18017,5
18018,5
18019,4
18020,5
18021,5
18022,4
18023,0
18024,0
18025,1
18026,3
18027,3
18028,1
18029,3
18030,4
18031,2
18032,1
18033,1
18034,3
18035,5
18036,0
18037,5
18038,4
18039,2
18040,5
18041,1
18042,0
18043,0
18044,5
18045,0
18046,5
18047,5
18048,0
18049,3
18050,5
18051,4
18052,0
18053,3
18054,4
18055,0
18056,0
18057,2
18058,1
18059,4
18060,0
18061,0
18062,1
18063,0
18064,3
18065,2
18066,0
18067,2
18068,0
18069,1
18070,0
18071,5
18072,3
18073,1
18074,2
18075,3
18076,5
18077,2
18078,6
18079,5
18080,4
18081,2
18082,0
18083,5
18084,0
18085,0
18086,2
18087,3
18088,6
18089,4
18090,2
18091,0
18092,4
18093,0
18094,3
18095,4
18096,3
18097,4
18098,2
18099,4
18100,2
18101,0
18102,5
18103,4
18104,1
18105,1
18106,6
18107,0
18108,3
18109,2
18110,0
18111,6
18112,0
18113,2
18114,0
18115,0
18116,0
18117,4
18118,5
18119,2
18120,5
18121,0
18122,4
18123,3
18124,1
18125,0
18126,4
18127,0
18128,0
18129,2
18130,5
18131,4
18132,6
18133,1
18134,3
18135,2
18136,0
18137,0
18138,2
18139,3
18140,2
18141,0
18142,0
18143,2
18144,1
18145,1
18146,3
18147,3
18148,3
18149,0
18150,1
18151,0
18152,0
18153,5
18154,0
18155,2
18156,0
18157,0
18158,3
18159,3
18160,0
18161,1
18162,5
18163,2
18164,0
18165,1
18166,4
18167,2
18168,1
18169,1
18170,4
18171,0
18172,3
18173,2
18174,6
18175,3
18176,0
18177,2
18178,1
18179,5
18180,5
18181,0
18182,0
18183,0
18184,0
18185,0
18186,0
18187,0
18188,6
18189,0
18190,4
18191,5
18192,2
18193,0
18194,0
18195,4
18196,3
18197,2
18198,2
18199,0
18200,0
18201,0
18202,0
18203,0
18204,0
18205,1
18206,5
18207,0
18208,4
18209,4
18210,4
18211,5
18212,3
18213,2
18214,5
18215,1
18216,0
18217,3
18218,2
18219,0
18220,3
18221,0
18222,2
18223,6
18224,4
18225,1
18226,0
18227,3
18228,0
18229,3
18230,5
18231,0
18232,0
18233,5
18234,0
18235,0
18236,1
18237,0
18238,4
18239,5
18240,3
18241,0
18242,0
18243,6
18244,6
18245,2
18246,0
18247,0
18248,2
18249,0
18250,2
18251,6
18252,1
18253,0
18254,5
18255,3
18256,1
18257,0
18258,6
18259,3
18260,2
18261,1
18262,2
18263,1
18264,6
18265,0
18266,3
18267,6
18268,5
18269,1
18270,0
18271,6
18272,2
18273,5
18274,0
18275,0
18276,5
18277,3
18278,0
18279,5
18280,0
18281,2
18282,1
18283,0
18284,6
18285,2
18286,0
18287,4
18288,6
18289,5
18290,4
18291,2
18292,4
18293,0
18294,3
18295,3
18296,0
18297,0
18298,0
18299,6
18300,3
18301,4
18302,4
18303,0
18304,1
18305,5
18306,0
18307,0
18308,2
18309,2
18310,1
18311,1
18312,0
18313,3
18314,2
18315,2
18316,5
18317,1
18318,4
18319,0
18320,0
18321,3
18322,6
18323,0
18324,0
18325,0
18326,1
18327,0
18328,0
18329,0
18330,1
18331,3
18332,1
18333,5
18334,2
18335,1
18336,4
18337,0
18338,5
18339,0
18340,3
18341,0
18342,1
18343,2
18344,2
18345,3
18346,1
18347,2
18348,2
18349,0
18350,0
18351,4
18352,0
18353,3
18354,1
18355,0
18356,0
18357,3
18358,2
18359,4
18360,6
18361,0
18362,0
18363,5
18364,6
18365,0
18366,0
18367,1
18368,1
18369,0
18370,1
18371,3
18372,1
18373,4
18374,3
18375,2
18376,3
18377,4
18378,3
18379,4
18380,1
18381,0
18382,0
18383,2
18384,0
18385,0
18386,3
18387,2
18388,0
18389,1
18390,2
18391,1
18392,3
18393,2
18394,5
18395,2
18396,1
18397,5
18398,6
18399,4
18400,0
18401,4
18402,3
18403,3
18404,3
18405,4
18406,4
18407,5
18408,0
18409,2
18410,5
18411,0
18412,4
18413,4
18414,2
18415,2
18416,0
18417,5
18418,5
18419,3
18420,3
18421,1
18422,1
18423,2
18424,2
18425,0
18426,5
18427,5
18428,3
18429,0
18430,3
18431,2
18432,2
18433,0
18434,1
18435,0
18436,0
18437,3
18438,4
18439,0
18440,2
18441,0
18442,1
18443,1
18444,0
18445,3
18446,5
18447,0
18448,6
18449,0
18450,2
18451,3
18452,0
18453,2
18454,2
18455,0
18456,1
18457,0
18458,6
18459,2
18460,3
18461,5
18462,1
18463,0
18464,1
18465,4
18466,6
18467,1
18468,0
18469,0
18470,3
18471,4
18472,1
18473,0
18474,0
18475,2
18476,4
18477,3
18478,5
18479,0
18480,1
18481,0
18482,2
18483,4
18484,0
18485,3
18486,2
18487,1
18488,5
18489,1
18490,1
18491,4
18492,5
18493,0
18494,1
18495,3
18496,1
18497,1
18498,2
18499,2
18500,4
18501,6
18502,0
18503,6
18504,3
18505,1
18506,3
18507,0
18508,2
18509,2
18510,4
18511,3
18512,0
18513,5
18514,0
18515,0
18516,2
18517,0
18518,2
18519,5
18520,1
18521,2
18522,0
18523,5
18524,1
18525,3
18526,4
18527,0
18528,0
18529,0
18530,5
18531,1
18532,2
18533,3
18534,4
18535,1
18536,5
18537,0
18538,2
18539,3
18540,1
18541,2
18542,2
18543,0
18544,4
18545,4
18546,6
18547,0
18548,0
18549,2
18550,0
18551,2
18552,2
18553,5
18554,1
18555,3
18556,2
18557,4
18558,3
18559,1
18560,2
18561,0
18562,5
18563,4
18564,4
18565,3
18566,4
18567,1
18568,3
18569,0
18570,3
18571,0
18572,3
18573,4
18574,5
18575,2
18576,0
18577,0
18578,0
18579,1
18580,4
18581,3
18582,0
18583,3
18584,0
18585,3
18586,5
18587,2
18588,0
18589,3
18590,0
18591,0
18592,4
18593,5
18594,3
18595,5
18596,4
18597,0
18598,2
18599,4
18600,3
18601,0
18602,0
18603,0
18604,2
18605,2
18606,1
18607,0
18608,2
18609,5
18610,0
18611,6
18612,0
18613,0
18614,1
18615,0
18616,2
18617,5
18618,2
18619,2
18620,0
18621,2
18622,2
18623,4
18624,0
18625,0
18626,0
18627,0
18628,0
18629,6
18630,0
18631,5
18632,5
18633,1
18634,0
18635,2
18636,0
18637,0
18638,0
18639,1
18640,5
18641,0
18642,2
18643,5
18644,3
18645,3
18646,0
18647,0
18648,2
18649,1
18650,3
18651,3
18652,6
18653,2
18654,1
18655,5
18656,2
18657,2
18658,2
18659,1
18660,0
18661,6
18662,5
18663,2
18664,5
18665,4
18666,0
18667,4
18668,1
18669,0
18670,4
18671,2
18672,3
18673,0
18674,2
18675,0
18676,0
18677,2
18678,4
18679,0
18680,3
18681,0
18682,4
18683,0
18684,5
18685,6
18686,1
18687,3
18688,0
18689,0
18690,0
18691,4
18692,2
18693,3
18694,4
18695,1
18696,0
18697,4
18698,2
18699,0
18700,5
18701,0
18702,6
18703,0
18704,2
18705,5
18706,1
18707,4
18708,2
18709,1
18710,1
18711,5
18712,3
18713,4
18714,4
18715,0
18716,1
18717,4
18718,0
18719,0
18720,5
18721,0
18722,2
18723,3
18724,1
18725,0
18726,2
18727,1
18728,5
18729,0
18730,1
18731,0
18732,3
18733,0
18734,2
18735,0
18736,0
18737,0
18738,3
18739,4
18740,4
18741,0
18742,5
18743,0
18744,5
18745,0
18746,0
18747,0
18748,1
18749,3
18750,2
18751,0
18752,4
18753,6
18754,2
18755,0
18756,4
18757,2
18758,5
18759,4
18760,2
18761,2
18762,4
18763,0
18764,5
18765,0
18766,6
18767,0
18768,0
18769,0
18770,1
18771,6
18772,2
18773,1
18774,4
18775,1
18776,5
18777,2
18778,2
18779,3
18780,2
18781,3
18782,1
18783,0
18784,0
18785,4
18786,2
18787,0
18788,3
18789,0
18790,0
18791,0
18792,1
18793,4
18794,3
18795,3
18796,5
18797,0
18798,6
18799,3
18800,5
18801,0
18802,0
18803,5
18804,0
18805,1
18806,0
18807,1
18808,5
18809,1
18810,0
18811,2
18812,0
18813,0
18814,5
18815,3
18816,3
18817,2
18818,0
18819,4
18820,2
18821,0
18822,0
18823,1
18824,1
18825,0
18826,5
18827,0
18828,4
18829,0
18830,3
18831,0
18832,0
18833,4
18834,0
18835,5
18836,0
18837,3
18838,2
18839,0
18840,3
18841,0
18842,0
18843,5
18844,6
18845,6
18846,0
18847,1
18848,2
18849,0
18850,4
18851,0
18852,4
18853,3
18854,5
18855,0
18856,1
18857,0
18858,2
18859,0
18860,5
18861,0
18862,5
18863,2
18864,0
18865,0
18866,2
18867,0
18868,4
18869,2
18870,3
18871,5
18872,3
18873,4
18874,4
18875,1
18876,0
18877,2
18878,6
18879,2
18880,0
18881,3
18882,2
18883,2
18884,3
18885,3
18886,0
18887,3
18888,0
18889,0
18890,5
18891,3
18892,2
18893,1
18894,4
18895,4
18896,2
18897,2
18898,2
18899,2
18900,1
18901,4
18902,4
18903,0
18904,0
18905,4
18906,0
18907,2
18908,2
18909,0
18910,0
18911,0
18912,3
18913,0
18914,0
18915,5
18916,0
18917,4
18918,2
18919,0
18920,3
18921,0
18922,2
18923,0
18924,6
18925,5
18926,5
18927,2
18928,0
18929,5
18930,1
18931,1
18932,0
18933,6
18934,2
18935,1
18936,4
18937,0
18938,4
18939,0
18940,0
18941,0
18942,4
18943,3
18944,0
18945,4
18946,4
18947,1
18948,5
18949,1
18950,4
18951,0
18952,0
18953,0
18954,4
18955,3
18956,1
18957,0
18958,2
18959,1
18960,6
18961,1
18962,1
18963,5
18964,0
18965,2
18966,0
18967,0
18968,3
18969,0
18970,0
18971,2
18972,4
18973,0
18974,4
18975,4
18976,1
18977,0
18978,2
18979,3
18980,3
18981,3
18982,5
18983,4
18984,4
18985,4
18986,0
18987,6
18988,0
18989,0
18990,3
18991,4
18992,0
18993,0
18994,0
18995,4
18996,0
18997,0
18998,1
18999,5
19000,5
19001,0
19002,1
19003,0
19004,4
19005,0
19006,5
19007,1
19008,0
19009,2
19010,5
19011,0
19012,4
19013,0
19014,0
19015,5
19016,0
19017,0
19018,3
19019,0
19020,4
19021,5
19022,6
19023,0
19024,0
19025,1
19026,0
19027,0
19028,0
19029,0
19030,5
19031,0
19032,2
19033,0
19034,4
19035,1
19036,4
19037,3
19038,0
19039,3
19040,1
19041,3
19042,5
19043,2
19044,3
19045,5
19046,5
19047,0
19048,4
19049,5
19050,5
19051,0
19052,0
19053,5
19054,4
19055,3
19056,0
19057,0
19058,2
19059,3
19060,3
19061,3
19062,0
19063,0
19064,2
19065,4
19066,1
19067,2
19068,2
19069,5
19070,0
19071,4
19072,0
19073,1
19074,0
19075,0
19076,0
19077,0
19078,6
19079,0
19080,2
19081,0
19082,5
19083,0
19084,0
19085,2
19086,6
19087,0
19088,4
19089,0
19090,4
19091,0
19092,2
19093,5
19094,3
19095,0
19096,6
19097,0
19098,0
19099,1
19100,2
19101,0
19102,0
19103,6
19104,0
19105,1
19106,5
19107,0
19108,2
19109,2
19110,0
19111,4
19112,5
19113,1
19114,4
19115,2
19116,3
19117,3
19118,3
19119,5
19120,1
19121,1
19122,0
19123,0
19124,3
19125,0
19126,4
19127,0
19128,5
19129,0
19130,1
19131,1
19132,0
19133,2
19134,0
19135,2
19136,3
19137,0
19138,2
19139,0
19140,5
19141,0
19142,4
19143,1
19144,0
19145,2
19146,4
19147,0
19148,5
19149,6
19150,6
19151,2
19152,3
19153,6
19154,0
19155,2
19156,2
19157,5
19158,1
19159,1
19160,0
19161,0
19162,0
19163,0
19164,3
19165,0
19166,3
19167,3
19168,4
19169,0
19170,1
19171,0
19172,0
19173,0
19174,1
19175,1
19176,2
19177,5
19178,2
19179,6
19180,0
19181,6
19182,4
19183,0
19184,0
19185,0
19186,6
19187,4
19188,2
19189,5
19190,6
19191,0
19192,6
19193,0
19194,0
19195,0
19196,5
19197,0
19198,0
19199,4
19200,0
19201,5
19202,2
19203,0
19204,0
19205,0
19206,0
19207,4
19208,0
19209,5
19210,0
19211,3
19212,2
19213,3
19214,1
19215,2
19216,0
19217,6
19218,6
19219,1
19220,3
19221,3
19222,5
19223,1
19224,0
19225,1
19226,2
19227,0
19228,1
19229,2
19230,3
19231,2
19232,0
19233,4
19234,6
19235,1
19236,5
19237,4
19238,3
19239,3
19240,2
19241,5
19242,2
19243,3
19244,0
19245,2
19246,1
19247,0
19248,0
19249,0
19250,0
19251,6
19252,2
19253,0
19254,2
19255,0
19256,0
19257,5
19258,2
19259,0
19260,3
19261,2
19262,4
19263,5
19264,0
19265,3
19266,5
19267,4
19268,6
19269,5
19270,0
19271,0
19272,0
19273,0
19274,2
19275,0
19276,3
19277,2
19278,3
19279,0
19280,2
19281,5
19282,5
19283,1
19284,0
19285,0
19286,0
19287,5
19288,5
19289,4
19290,0
19291,4
19292,0
19293,4
19294,0
19295,3
19296,2
19297,4
19298,4
19299,4
19300,0
19301,3
19302,0
19303,0
19304,0
19305,1
19306,4
19307,5
19308,5
19309,5
19310,1
19311,4
19312,1
19313,3
19314,3
19315,1
19316,0
19317,2
19318,1
19319,0
19320,0
19321,2
19322,0
19323,1
19324,6
19325,1
19326,1
19327,0
19328,3
19329,0
19330,2
19331,4
19332,3
19333,1
19334,2
19335,3
19336,1
19337,3
19338,3
19339,0
19340,2
19341,0
19342,2
19343,1
19344,5
19345,0
19346,4
19347,0
19348,1
19349,0
19350,0
19351,2
19352,2
19353,0
19354,0
19355,1
19356,2
19357,3
19358,3
19359,0
19360,1
19361,2
19362,2
19363,5
19364,0
19365,3
19366,0
19367,2
19368,2
19369,3
19370,0
19371,3
19372,4
19373,1
19374,2
19375,1
19376,0
19377,0
19378,2
19379,1
19380,2
19381,1
19382,0
19383,1
19384,1
19385,0
19386,1
19387,0
19388,0
19389,0
19390,4
19391,3
19392,5
19393,1
19394,4
19395,3
19396,5
19397,0
19398,4
19399,1
19400,4
19401,2
19402,0
19403,1
19404,0
19405,2
19406,3
19407,4
19408,0
19409,1
19410,6
19411,3
19412,0
19413,0
19414,0
19415,3
19416,5
19417,0
19418,0
19419,3
19420,5
19421,4
19422,1
19423,0
19424,4
19425,5
19426,1
19427,0
19428,0
19429,2
19430,5
19431,2
19432,5
19433,5
19434,0
19435,0
19436,6
19437,4
19438,2
19439,3
19440,5
19441,4
19442,1
19443,4
19444,2
19445,0
19446,4
19447,5
19448,2
19449,3
19450,0
19451,0
19452,3
19453,3
19454,2
19455,4
19456,2
19457,5
19458,0
19459,1
19460,2
19461,2
19462,1
19463,2
19464,6
19465,2
19466,4
19467,3
19468,2
19469,0
19470,4
19471,0
19472,3
19473,0
19474,0
19475,0
19476,5
19477,0
19478,0
19479,0
19480,2
19481,4
19482,0
19483,5
19484,1
19485,5
19486,4
19487,0
19488,0
19489,5
19490,1
19491,1
19492,5
19493,5
19494,1
19495,0
19496,0
19497,5
19498,3
19499,1
19500,2
19501,0
19502,0
19503,1
19504,2
19505,2
19506,2
19507,4
19508,4
19509,0
19510,5
19511,0
19512,1
19513,3
19514,0
19515,0
19516,6
19517,5
19518,5
19519,3
19520,5
19521,6
19522,2
19523,0
19524,0
19525,0
19526,1
19527,0
19528,5
19529,0
19530,1
19531,1
19532,3
19533,2
19534,2
19535,2
19536,3
19537,1
19538,4
19539,4
19540,0
19541,5
19542,1
19543,1
19544,1
19545,2
19546,0
19547,0
19548,3
19549,1
19550,1
19551,0
19552,2
19553,3
19554,0
19555,0
19556,0
19557,5
19558,3
19559,6
19560,0
19561,0
19562,0
19563,3
19564,5
19565,0
19566,0
19567,4
19568,0
19569,1
19570,2
19571,0
19572,3
19573,0
19574,0
19575,0
19576,3
19577,6
19578,5
19579,4
19580,0
19581,0
19582,0
19583,5
19584,5
19585,1
19586,0
19587,0
19588,6
19589,1
19590,0
19591,4
19592,0
19593,2
19594,5
19595,2
19596,5
19597,5
19598,0
19599,0
19600,0
19601,2
19602,0
19603,1
19604,0
19605,0
19606,4
19607,0
19608,0
19609,5
19610,2
19611,2
19612,4
19613,0
19614,1
19615,5
19616,0
19617,5
19618,5
19619,0
19620,4
19621,0
19622,0
19623,5
19624,0
19625,5
19626,3
19627,2
19628,0
19629,0
19630,1
19631,1
19632,2
19633,4
19634,5
19635,2
19636,4
19637,1
19638,2
19639,0
19640,3
19641,0
19642,3
19643,4
19644,2
19645,6
19646,0
19647,5
19648,1
19649,0
19650,0
19651,2
19652,1
19653,0
19654,5
19655,4
19656,3
19657,3
19658,2
19659,5
19660,3
19661,3
19662,0
19663,0
19664,2
19665,0
19666,0
19667,2
19668,6
19669,2
19670,5
19671,4
19672,4
19673,5
19674,3
19675,1
19676,0
19677,2
19678,0
19679,0
19680,1
19681,4
19682,4
19683,2
19684,0
19685,6
19686,0
19687,2
19688,2
19689,6
19690,2
19691,0
19692,5
19693,5
19694,1
19695,3
19696,6
19697,0
19698,0
19699,4
19700,2
19701,4
19702,2
19703,4
19704,0
19705,0
19706,5
19707,1
19708,4
19709,3
19710,4
19711,2
19712,2
19713,1
19714,0
19715,4
19716,0
19717,0
19718,0
19719,0
19720,0
19721,4
19722,0
19723,3
19724,0
19725,2
19726,0
19727,4
19728,5
19729,1
19730,5
19731,5
19732,2
19733,4
19734,4
19735,6
19736,4
19737,3
19738,0
19739,6
19740,0
19741,4
19742,2
19743,1
19744,2
19745,0
19746,0
19747,3
19748,1
19749,5
19750,3
19751,3
19752,0
19753,5
19754,1
19755,0
19756,1
19757,6
19758,5
19759,0
19760,0
19761,2
19762,0
19763,0
19764,0
19765,0
19766,2
19767,0
19768,1
19769,0
19770,0
19771,1
19772,5
19773,0
19774,3
19775,2
19776,0
19777,1
19778,3
19779,0
19780,5
19781,3
19782,0
19783,3
19784,3
19785,1
19786,4
19787,0
19788,0
19789,5
19790,5
19791,2
19792,0
19793,0
19794,3
19795,4
19796,0
19797,5
19798,6
19799,5
19800,3
19801,1
19802,5
19803,3
19804,3
19805,0
19806,4
19807,3
19808,0
19809,5
19810,6
19811,0
19812,5
19813,4
19814,0
19815,0
19816,3
19817,5
19818,4
19819,0
19820,0
19821,0
19822,0
19823,4
19824,0
19825,4
19826,2
19827,2
19828,0
19829,0
19830,4
19831,2
19832,2
19833,0
19834,5
19835,5
19836,1
19837,2
19838,1
19839,5
19840,5
19841,2
19842,5
19843,0
19844,1
19845,3
19846,2
19847,5
19848,2
19849,3
19850,1
19851,5
19852,4
19853,5
19854,0
19855,1
19856,0
19857,0
19858,0
19859,0
19860,3
19861,0
19862,0
19863,1
19864,5
19865,1
19866,3
19867,1
19868,2
19869,4
19870,2
19871,0
19872,4
19873,3
19874,1
19875,5
19876,5
19877,0
19878,2
19879,4
19880,1
19881,3
19882,0
19883,0
19884,1
19885,1
19886,6
19887,3
19888,2
19889,4
19890,3
19891,1
19892,6
19893,3
19894,1
19895,0
19896,0
19897,2
19898,1
19899,0
19900,3
19901,3
19902,3
19903,3
19904,0
19905,4
19906,1
19907,0
19908,4
19909,4
19910,0
19911,1
19912,0
19913,0
19914,2
19915,0
19916,4
19917,5
19918,0
19919,6
19920,6
19921,3
19922,0
19923,0
19924,0
19925,2
19926,5
19927,1
19928,1
19929,1
19930,6
19931,0
19932,0
19933,3
19934,5
19935,3
19936,2
19937,0
19938,0
19939,3
19940,4
19941,0
19942,2
19943,0
19944,3
19945,3
19946,1
19947,5
19948,5
19949,4
19950,4
19951,0
19952,3
19953,0
19954,1
19955,5
19956,3
19957,2
19958,0
19959,1
19960,4
19961,4
19962,6
19963,0
19964,0
19965,3
19966,2
19967,1
19968,0
19969,5
19970,2
19971,0
19972,3
19973,3
19974,0
19975,0
19976,0
19977,1
19978,0
19979,4
19980,0
19981,0
19982,0
19983,1
19984,4
19985,0
19986,4
19987,5
19988,0
19989,3
19990,0
19991,2
19992,3
19993,1
19994,3
19995,2
19996,4
19997,3
19998,0
19999,0
