Id,Predicted
0,5
1,2
2,0
3,0
4,0
5,2
6,1
7,0
8,4
9,0
10,0
11,1
12,5
13,2
14,0
15,2
16,1
17,3
18,0
19,0
20,5
21,4
22,2
23,1
24,0
25,0
26,4
27,0
28,0
29,0
30,0
31,0
32,0
33,5
34,5
35,0
36,2
37,2
38,0
39,0
40,1
41,0
42,0
43,5
44,5
45,5
46,1
47,0
48,5
49,1
50,5
51,0
52,5
53,0
54,3
55,0
56,5
57,0
58,5
59,0
60,0
61,0
62,4
63,1
64,0
65,2
66,5
67,5
68,0
69,5
70,2
71,5
72,4
73,0
74,0
75,2
76,2
77,5
78,0
79,1
80,1
81,0
82,2
83,4
84,0
85,0
86,0
87,0
88,1
89,0
90,3
91,0
92,3
93,5
94,5
95,5
96,5
97,0
98,1
99,0
100,0
101,0
102,4
103,1
104,0
105,5
106,0
107,0
108,3
109,0
110,0
111,0
112,0
113,0
114,5
115,0
116,2
117,0
118,1
119,3
120,4
121,0
122,1
123,2
124,5
125,0
126,5
127,5
128,1
129,5
130,0
131,0
132,5
133,0
134,4
135,5
136,0
137,0
138,0
139,0
140,5
141,5
142,0
143,3
144,0
145,0
146,0
147,5
148,0
149,1
150,0
151,5
152,0
153,0
154,5
155,2
156,5
157,2
158,1
159,0
160,5
161,5
162,1
163,2
164,1
165,5
166,5
167,0
168,0
169,4
170,0
171,5
172,3
173,3
174,5
175,0
176,0
177,3
178,0
179,0
180,0
181,1
182,5
183,5
184,5
185,0
186,3
187,5
188,1
189,5
190,0
191,0
192,0
193,1
194,0
195,1
196,2
197,3
198,2
199,0
200,1
201,0
202,2
203,1
204,0
205,1
206,0
207,2
208,0
209,4
210,0
211,5
212,5
213,0
214,0
215,3
216,5
217,0
218,0
219,5
220,0
221,4
222,0
223,1
224,5
225,5
226,0
227,5
228,0
229,0
230,0
231,5
232,0
233,4
234,0
235,1
236,0
237,5
238,1
239,0
240,0
241,5
242,5
243,0
244,0
245,5
246,0
247,4
248,0
249,0
250,0
251,5
252,0
253,0
254,1
255,0
256,2
257,0
258,0
259,1
260,1
261,0
262,1
263,5
264,5
265,3
266,0
267,0
268,0
269,1
270,1
271,2
272,2
273,5
274,5
275,5
276,5
277,2
278,2
279,0
280,5
281,0
282,0
283,2
284,0
285,0
286,0
287,0
288,5
289,4
290,0
291,5
292,0
293,5
294,0
295,0
296,0
297,2
298,0
299,0
300,0
301,3
302,0
303,5
304,1
305,2
306,0
307,3
308,0
309,0
310,2
311,4
312,0
313,5
314,1
315,0
316,5
317,0
318,5
319,5
320,0
321,0
322,5
323,5
324,5
325,5
326,5
327,5
328,5
329,0
330,4
331,5
332,4
333,2
334,5
335,3
336,0
337,5
338,0
339,3
340,0
341,0
342,1
343,0
344,4
345,0
346,5
347,0
348,0
349,0
350,2
351,5
352,0
353,0
354,0
355,5
356,1
357,0
358,4
359,5
360,0
361,0
362,0
363,5
364,5
365,5
366,5
367,0
368,3
369,4
370,5
371,0
372,2
373,0
374,1
375,5
376,0
377,3
378,0
379,3
380,0
381,1
382,4
383,5
384,0
385,4
386,1
387,0
388,0
389,4
390,0
391,5
392,3
393,5
394,4
395,0
396,0
397,2
398,0
399,0
400,2
401,0
402,0
403,2
404,0
405,5
406,1
407,0
408,0
409,0
410,0
411,0
412,3
413,0
414,5
415,0
416,2
417,0
418,0
419,4
420,0
421,1
422,1
423,0
424,0
425,0
426,1
427,0
428,0
429,5
430,0
431,5
432,0
433,1
434,1
435,4
436,5
437,2
438,5
439,4
440,0
441,1
442,1
443,5
444,0
445,0
446,0
447,1
448,5
449,1
450,5
451,5
452,5
453,2
454,4
455,1
456,0
457,0
458,0
459,0
460,3
461,1
462,0
463,0
464,0
465,2
466,1
467,2
468,0
469,5
470,1
471,0
472,0
473,0
474,0
475,0
476,0
477,1
478,0
479,2
480,3
481,4
482,0
483,2
484,0
485,4
486,4
487,4
488,2
489,0
490,4
491,5
492,1
493,2
494,5
495,1
496,1
497,2
498,5
499,0
500,0
501,4
502,0
503,0
504,4
505,5
506,5
507,0
508,5
509,0
510,0
511,0
512,3
513,1
514,5
515,5
516,5
517,0
518,5
519,1
520,5
521,5
522,5
523,1
524,3
525,0
526,0
527,4
528,2
529,0
530,0
531,0
532,2
533,3
534,2
535,1
536,2
537,2
538,0
539,3
540,1
541,0
542,0
543,0
544,0
545,5
546,2
547,0
548,0
549,5
550,0
551,5
552,5
553,1
554,0
555,2
556,0
557,5
558,5
559,4
560,0
561,0
562,0
563,4
564,5
565,3
566,0
567,0
568,5
569,1
570,5
571,1
572,0
573,5
574,0
575,5
576,0
577,0
578,0
579,4
580,5
581,2
582,1
583,5
584,0
585,2
586,0
587,0
588,2
589,3
590,5
591,2
592,2
593,5
594,3
595,1
596,0
597,1
598,4
599,5
600,5
601,4
602,0
603,5
604,5
605,0
606,0
607,0
608,0
609,0
610,2
611,5
612,1
613,5
614,5
615,2
616,5
617,1
618,4
619,0
620,0
621,5
622,4
623,2
624,6
625,5
626,0
627,0
628,0
629,0
630,5
631,5
632,5
633,3
634,0
635,5
636,0
637,0
638,0
639,2
640,4
641,5
642,4
643,0
644,0
645,2
646,0
647,2
648,0
649,5
650,0
651,0
652,2
653,1
654,0
655,5
656,0
657,0
658,0
659,5
660,0
661,0
662,0
663,0
664,0
665,0
666,3
667,2
668,2
669,5
670,5
671,0
672,5
673,0
674,3
675,0
676,5
677,0
678,1
679,2
680,0
681,0
682,4
683,0
684,2
685,5
686,5
687,0
688,1
689,0
690,5
691,3
692,2
693,0
694,5
695,0
696,5
697,5
698,0
699,0
700,0
701,4
702,0
703,4
704,2
705,5
706,3
707,0
708,5
709,0
710,1
711,1
712,2
713,0
714,5
715,4
716,5
717,5
718,0
719,0
720,0
721,0
722,5
723,2
724,1
725,0
726,4
727,0
728,5
729,5
730,0
731,2
732,3
733,0
734,5
735,0
736,0
737,5
738,4
739,0
740,5
741,0
742,5
743,0
744,5
745,0
746,1
747,0
748,2
749,2
750,3
751,5
752,2
753,3
754,0
755,0
756,4
757,5
758,4
759,5
760,5
761,0
762,0
763,1
764,0
765,0
766,0
767,5
768,5
769,1
770,0
771,5
772,5
773,2
774,2
775,2
776,0
777,0
778,1
779,1
780,2
781,0
782,4
783,1
784,5
785,2
786,0
787,0
788,1
789,0
790,1
791,0
792,0
793,2
794,0
795,0
796,6
797,1
798,5
799,1
800,0
801,0
802,3
803,1
804,3
805,5
806,5
807,5
808,2
809,3
810,6
811,3
812,4
813,2
814,0
815,2
816,5
817,0
818,0
819,2
820,0
821,4
822,4
823,2
824,2
825,2
826,0
827,5
828,2
829,0
830,0
831,0
832,2
833,0
834,0
835,5
836,2
837,5
838,0
839,3
840,5
841,1
842,5
843,0
844,0
845,5
846,0
847,0
848,5
849,1
850,2
851,1
852,0
853,0
854,4
855,5
856,0
857,0
858,5
859,0
860,0
861,0
862,0
863,0
864,5
865,0
866,0
867,3
868,0
869,0
870,2
871,0
872,0
873,0
874,5
875,2
876,3
877,1
878,0
879,1
880,4
881,0
882,1
883,0
884,0
885,5
886,0
887,0
888,0
889,0
890,2
891,5
892,0
893,5
894,4
895,1
896,1
897,2
898,1
899,4
900,0
901,0
902,5
903,0
904,4
905,0
906,5
907,0
908,5
909,2
910,1
911,3
912,0
913,2
914,4
915,4
916,0
917,1
918,0
919,5
920,4
921,1
922,0
923,1
924,5
925,5
926,0
927,0
928,4
929,1
930,0
931,0
932,0
933,5
934,5
935,5
936,5
937,1
938,1
939,5
940,0
941,0
942,2
943,0
944,4
945,5
946,5
947,0
948,0
949,1
950,3
951,5
952,0
953,3
954,0
955,0
956,0
957,5
958,0
959,4
960,1
961,3
962,0
963,4
964,1
965,4
966,6
967,0
968,4
969,1
970,5
971,5
972,0
973,5
974,0
975,0
976,4
977,2
978,4
979,0
980,0
981,0
982,3
983,0
984,4
985,3
986,0
987,1
988,3
989,0
990,2
991,0
992,2
993,5
994,5
995,1
996,4
997,4
998,3
999,5
1000,5
1001,0
1002,0
1003,0
1004,0
1005,5
1006,0
1007,0
1008,0
1009,5
1010,0
1011,4
1012,0
1013,0
1014,1
1015,1
1016,5
1017,1
1018,3
1019,5
1020,5
1021,3
1022,0
1023,3
1024,5
1025,5
1026,0
1027,1
1028,5
1029,0
1030,4
1031,1
1032,3
1033,1
1034,0
1035,5
1036,4
1037,0
1038,0
1039,2
1040,5
1041,0
1042,0
1043,2
1044,0
1045,5
1046,4
1047,4
1048,3
1049,0
1050,1
1051,2
1052,0
1053,0
1054,0
1055,0
1056,0
1057,4
1058,0
1059,0
1060,4
1061,5
1062,2
1063,5
1064,0
1065,3
1066,0
1067,0
1068,3
1069,0
1070,0
1071,0
1072,5
1073,0
1074,5
1075,0
1076,5
1077,5
1078,5
1079,0
1080,0
1081,5
1082,0
1083,1
1084,0
1085,5
1086,5
1087,2
1088,0
1089,5
1090,0
1091,5
1092,0
1093,0
1094,0
1095,3
1096,5
1097,2
1098,0
1099,3
1100,1
1101,2
1102,0
1103,5
1104,1
1105,0
1106,2
1107,0
1108,0
1109,3
1110,4
1111,5
1112,4
1113,0
1114,0
1115,0
1116,0
1117,0
1118,0
1119,4
1120,4
1121,4
1122,5
1123,1
1124,1
1125,5
1126,5
1127,0
1128,1
1129,1
1130,0
1131,4
1132,1
1133,1
1134,0
1135,0
1136,0
1137,1
1138,0
1139,5
1140,0
1141,1
1142,2
1143,0
1144,0
1145,2
1146,5
1147,1
1148,0
1149,5
1150,2
1151,1
1152,2
1153,5
1154,5
1155,2
1156,2
1157,1
1158,0
1159,0
1160,5
1161,0
1162,0
1163,1
1164,4
1165,2
1166,0
1167,0
1168,5
1169,3
1170,0
1171,5
1172,0
1173,0
1174,1
1175,0
1176,0
1177,1
1178,2
1179,0
1180,0
1181,5
1182,0
1183,5
1184,0
1185,0
1186,0
1187,5
1188,0
1189,2
1190,4
1191,5
1192,1
1193,0
1194,3
1195,0
1196,0
1197,0
1198,0
1199,3
1200,0
1201,5
1202,0
1203,0
1204,4
1205,3
1206,0
1207,3
1208,0
1209,4
1210,1
1211,0
1212,0
1213,0
1214,3
1215,1
1216,5
1217,0
1218,1
1219,0
1220,0
1221,5
1222,4
1223,5
1224,0
1225,0
1226,5
1227,1
1228,5
1229,5
1230,4
1231,1
1232,0
1233,5
1234,5
1235,4
1236,0
1237,0
1238,0
1239,1
1240,5
1241,0
1242,1
1243,5
1244,0
1245,1
1246,1
1247,1
1248,0
1249,0
1250,0
1251,3
1252,2
1253,1
1254,3
1255,0
1256,4
1257,4
1258,4
1259,0
1260,1
1261,0
1262,0
1263,0
1264,0
1265,0
1266,5
1267,2
1268,5
1269,2
1270,0
1271,0
1272,1
1273,4
1274,0
1275,0
1276,2
1277,0
1278,5
1279,0
1280,0
1281,1
1282,4
1283,5
1284,1
1285,1
1286,5
1287,4
1288,1
1289,0
1290,1
1291,5
1292,1
1293,1
1294,1
1295,2
1296,2
1297,5
1298,5
1299,0
1300,0
1301,0
1302,1
1303,5
1304,1
1305,0
1306,5
1307,0
1308,2
1309,3
1310,0
1311,0
1312,2
1313,0
1314,5
1315,5
1316,1
1317,1
1318,1
1319,0
1320,1
1321,4
1322,0
1323,0
1324,5
1325,5
1326,5
1327,0
1328,0
1329,0
1330,5
1331,5
1332,3
1333,2
1334,4
1335,4
1336,0
1337,2
1338,0
1339,5
1340,5
1341,0
1342,1
1343,5
1344,0
1345,4
1346,4
1347,1
1348,0
1349,0
1350,0
1351,3
1352,0
1353,0
1354,4
1355,5
1356,4
1357,5
1358,0
1359,0
1360,1
1361,0
1362,0
1363,4
1364,0
1365,1
1366,0
1367,5
1368,4
1369,0
1370,0
1371,1
1372,4
1373,5
1374,2
1375,0
1376,0
1377,1
1378,0
1379,0
1380,0
1381,2
1382,5
1383,1
1384,5
1385,5
1386,0
1387,5
1388,0
1389,0
1390,0
1391,0
1392,2
1393,0
1394,0
1395,0
1396,5
1397,5
1398,0
1399,5
1400,0
1401,0
1402,2
1403,0
1404,5
1405,3
1406,5
1407,0
1408,5
1409,0
1410,4
1411,5
1412,0
1413,0
1414,1
1415,0
1416,3
1417,0
1418,5
1419,0
1420,0
1421,4
1422,0
1423,5
1424,0
1425,0
1426,0
1427,2
1428,5
1429,1
1430,0
1431,3
1432,5
1433,1
1434,1
1435,0
1436,5
1437,5
1438,5
1439,0
1440,2
1441,1
1442,0
1443,5
1444,1
1445,0
1446,1
1447,0
1448,5
1449,2
1450,0
1451,0
1452,1
1453,1
1454,5
1455,2
1456,5
1457,0
1458,5
1459,2
1460,0
1461,2
1462,0
1463,3
1464,5
1465,0
1466,0
1467,3
1468,5
1469,0
1470,1
1471,0
1472,1
1473,1
1474,0
1475,0
1476,5
1477,0
1478,5
1479,2
1480,3
1481,3
1482,0
1483,5
1484,5
1485,5
1486,0
1487,2
1488,0
1489,5
1490,0
1491,1
1492,5
1493,5
1494,5
1495,4
1496,2
1497,5
1498,1
1499,3
1500,5
1501,2
1502,1
1503,2
1504,4
1505,0
1506,1
1507,3
1508,0
1509,2
1510,1
1511,4
1512,1
1513,0
1514,5
1515,0
1516,0
1517,5
1518,0
1519,3
1520,5
1521,0
1522,5
1523,5
1524,1
1525,0
1526,0
1527,2
1528,0
1529,0
1530,1
1531,5
1532,5
1533,5
1534,0
1535,0
1536,5
1537,0
1538,2
1539,5
1540,1
1541,0
1542,1
1543,5
1544,5
1545,5
1546,2
1547,0
1548,0
1549,5
1550,0
1551,0
1552,0
1553,5
1554,0
1555,5
1556,5
1557,2
1558,0
1559,2
1560,2
1561,0
1562,2
1563,0
1564,1
1565,0
1566,3
1567,0
1568,1
1569,5
1570,2
1571,4
1572,5
1573,0
1574,0
1575,2
1576,0
1577,3
1578,0
1579,0
1580,5
1581,0
1582,5
1583,0
1584,0
1585,0
1586,0
1587,5
1588,4
1589,0
1590,0
1591,5
1592,5
1593,0
1594,5
1595,0
1596,2
1597,0
1598,0
1599,0
1600,5
1601,0
1602,5
1603,3
1604,0
1605,1
1606,5
1607,5
1608,4
1609,0
1610,3
1611,0
1612,0
1613,1
1614,0
1615,2
1616,3
1617,0
1618,0
1619,3
1620,0
1621,2
1622,5
1623,2
1624,2
1625,1
1626,0
1627,5
1628,1
1629,5
1630,3
1631,0
1632,0
1633,0
1634,0
1635,0
1636,5
1637,0
1638,0
1639,5
1640,5
1641,0
1642,5
1643,0
1644,5
1645,2
1646,0
1647,0
1648,2
1649,0
1650,2
1651,5
1652,0
1653,1
1654,3
1655,1
1656,5
1657,0
1658,5
1659,2
1660,4
1661,0
1662,2
1663,1
1664,0
1665,0
1666,5
1667,0
1668,0
1669,4
1670,5
1671,0
1672,0
1673,0
1674,5
1675,4
1676,2
1677,0
1678,5
1679,4
1680,5
1681,5
1682,0
1683,0
1684,0
1685,1
1686,0
1687,5
1688,0
1689,1
1690,2
1691,5
1692,1
1693,0
1694,2
1695,0
1696,1
1697,4
1698,4
1699,0
1700,0
1701,2
1702,5
1703,2
1704,2
1705,0
1706,1
1707,5
1708,1
1709,0
1710,1
1711,5
1712,1
1713,5
1714,0
1715,0
1716,0
1717,3
1718,0
1719,5
1720,0
1721,0
1722,5
1723,2
1724,1
1725,1
1726,0
1727,0
1728,5
1729,0
1730,0
1731,2
1732,5
1733,2
1734,0
1735,0
1736,3
1737,2
1738,5
1739,5
1740,0
1741,0
1742,0
1743,5
1744,4
1745,4
1746,0
1747,1
1748,1
1749,5
1750,0
1751,2
1752,0
1753,0
1754,5
1755,5
1756,5
1757,0
1758,0
1759,0
1760,0
1761,5
1762,0
1763,0
1764,4
1765,3
1766,5
1767,1
1768,0
1769,1
1770,0
1771,5
1772,4
1773,1
1774,5
1775,5
1776,5
1777,0
1778,5
1779,0
1780,5
1781,1
1782,0
1783,2
1784,2
1785,2
1786,0
1787,1
1788,5
1789,3
1790,0
1791,3
1792,5
1793,0
1794,0
1795,2
1796,1
1797,5
1798,0
1799,0
1800,5
1801,0
1802,0
1803,1
1804,3
1805,0
1806,0
1807,5
1808,0
1809,0
1810,0
1811,2
1812,5
1813,0
1814,0
1815,5
1816,0
1817,2
1818,0
1819,2
1820,1
1821,0
1822,5
1823,5
1824,0
1825,1
1826,5
1827,0
1828,2
1829,2
1830,5
1831,5
1832,3
1833,5
1834,1
1835,2
1836,1
1837,1
1838,0
1839,0
1840,5
1841,0
1842,1
1843,4
1844,2
1845,2
1846,0
1847,2
1848,0
1849,5
1850,2
1851,0
1852,0
1853,1
1854,5
1855,0
1856,0
1857,0
1858,1
1859,0
1860,1
1861,0
1862,2
1863,5
1864,0
1865,1
1866,0
1867,1
1868,0
1869,2
1870,5
1871,2
1872,0
1873,0
1874,5
1875,0
1876,0
1877,5
1878,0
1879,0
1880,0
1881,0
1882,2
1883,0
1884,2
1885,3
1886,1
1887,0
1888,1
1889,0
1890,5
1891,5
1892,4
1893,1
1894,1
1895,0
1896,0
1897,1
1898,0
1899,1
1900,5
1901,3
1902,0
1903,0
1904,5
1905,5
1906,5
1907,0
1908,0
1909,4
1910,5
1911,0
1912,5
1913,0
1914,0
1915,1
1916,2
1917,0
1918,0
1919,2
1920,4
1921,4
1922,1
1923,0
1924,4
1925,0
1926,4
1927,5
1928,1
1929,5
1930,4
1931,1
1932,2
1933,5
1934,0
1935,5
1936,0
1937,3
1938,5
1939,5
1940,0
1941,4
1942,0
1943,4
1944,0
1945,3
1946,0
1947,2
1948,0
1949,5
1950,0
1951,5
1952,1
1953,1
1954,5
1955,0
1956,5
1957,0
1958,0
1959,0
1960,3
1961,3
1962,5
1963,0
1964,5
1965,5
1966,4
1967,5
1968,3
1969,1
1970,5
1971,5
1972,1
1973,0
1974,1
1975,0
1976,0
1977,5
1978,1
1979,0
1980,2
1981,0
1982,3
1983,0
1984,5
1985,0
1986,1
1987,0
1988,0
1989,4
1990,0
1991,3
1992,5
1993,0
1994,5
1995,0
1996,3
1997,5
1998,5
1999,3
2000,0
2001,0
2002,1
2003,1
2004,0
2005,0
2006,1
2007,1
2008,5
2009,1
2010,5
2011,5
2012,0
2013,0
2014,5
2015,0
2016,5
2017,1
2018,3
2019,0
2020,0
2021,5
2022,0
2023,5
2024,2
2025,0
2026,1
2027,3
2028,2
2029,5
2030,0
2031,4
2032,0
2033,0
2034,0
2035,1
2036,5
2037,0
2038,5
2039,5
2040,2
2041,1
2042,0
2043,0
2044,4
2045,4
2046,1
2047,0
2048,4
2049,5
2050,0
2051,0
2052,0
2053,2
2054,0
2055,0
2056,2
2057,2
2058,0
2059,4
2060,0
2061,5
2062,2
2063,0
2064,0
2065,0
2066,4
2067,5
2068,0
2069,0
2070,5
2071,4
2072,1
2073,0
2074,0
2075,5
2076,4
2077,4
2078,5
2079,0
2080,0
2081,0
2082,4
2083,4
2084,0
2085,0
2086,2
2087,5
2088,5
2089,0
2090,4
2091,4
2092,1
2093,0
2094,5
2095,5
2096,0
2097,0
2098,0
2099,1
2100,5
2101,2
2102,5
2103,1
2104,0
2105,2
2106,5
2107,0
2108,1
2109,3
2110,5
2111,5
2112,1
2113,0
2114,5
2115,0
2116,5
2117,4
2118,0
2119,4
2120,5
2121,2
2122,1
2123,0
2124,4
2125,2
2126,0
2127,5
2128,4
2129,0
2130,0
2131,0
2132,2
2133,0
2134,1
2135,1
2136,2
2137,0
2138,5
2139,2
2140,5
2141,3
2142,6
2143,5
2144,1
2145,0
2146,0
2147,0
2148,0
2149,0
2150,3
2151,0
2152,0
2153,0
2154,1
2155,2
2156,0
2157,5
2158,1
2159,4
2160,2
2161,0
2162,5
2163,0
2164,0
2165,5
2166,5
2167,5
2168,0
2169,0
2170,0
2171,4
2172,0
2173,5
2174,5
2175,0
2176,0
2177,2
2178,0
2179,2
2180,1
2181,5
2182,5
2183,3
2184,0
2185,0
2186,1
2187,1
2188,3
2189,0
2190,3
2191,2
2192,0
2193,0
2194,2
2195,5
2196,5
2197,4
2198,0
2199,1
2200,1
2201,5
2202,0
2203,4
2204,5
2205,4
2206,0
2207,5
2208,3
2209,0
2210,5
2211,0
2212,1
2213,5
2214,1
2215,3
2216,0
2217,0
2218,0
2219,3
2220,0
2221,0
2222,4
2223,0
2224,1
2225,1
2226,0
2227,0
2228,5
2229,0
2230,5
2231,0
2232,2
2233,0
2234,0
2235,1
2236,0
2237,1
2238,0
2239,0
2240,1
2241,0
2242,1
2243,0
2244,0
2245,1
2246,5
2247,0
2248,5
2249,5
2250,5
2251,1
2252,1
2253,0
2254,1
2255,3
2256,5
2257,1
2258,0
2259,4
2260,3
2261,1
2262,5
2263,5
2264,1
2265,4
2266,0
2267,1
2268,4
2269,1
2270,1
2271,5
2272,0
2273,5
2274,0
2275,5
2276,1
2277,5
2278,0
2279,1
2280,5
2281,4
2282,5
2283,0
2284,3
2285,0
2286,2
2287,0
2288,0
2289,5
2290,1
2291,0
2292,0
2293,4
2294,5
2295,0
2296,3
2297,1
2298,1
2299,0
2300,0
2301,0
2302,4
2303,0
2304,1
2305,0
2306,5
2307,5
2308,0
2309,0
2310,2
2311,2
2312,0
2313,0
2314,5
2315,2
2316,0
2317,5
2318,0
2319,2
2320,2
2321,0
2322,0
2323,0
2324,5
2325,0
2326,0
2327,5
2328,2
2329,5
2330,2
2331,2
2332,0
2333,4
2334,0
2335,0
2336,4
2337,5
2338,0
2339,0
2340,2
2341,2
2342,0
2343,0
2344,5
2345,5
2346,1
2347,2
2348,0
2349,2
2350,5
2351,5
2352,5
2353,5
2354,5
2355,5
2356,0
2357,0
2358,0
2359,0
2360,0
2361,0
2362,5
2363,1
2364,5
2365,0
2366,4
2367,5
2368,5
2369,0
2370,1
2371,5
2372,2
2373,0
2374,3
2375,1
2376,5
2377,5
2378,5
2379,0
2380,0
2381,4
2382,2
2383,0
2384,0
2385,0
2386,0
2387,0
2388,0
2389,1
2390,5
2391,5
2392,5
2393,0
2394,0
2395,5
2396,5
2397,4
2398,4
2399,0
2400,1
2401,1
2402,0
2403,5
2404,5
2405,0
2406,5
2407,5
2408,1
2409,0
2410,2
2411,5
2412,1
2413,5
2414,5
2415,0
2416,4
2417,0
2418,2
2419,3
2420,5
2421,3
2422,2
2423,0
2424,1
2425,0
2426,0
2427,0
2428,2
2429,0
2430,5
2431,0
2432,5
2433,0
2434,3
2435,5
2436,0
2437,5
2438,5
2439,0
2440,2
2441,0
2442,0
2443,0
2444,0
2445,1
2446,1
2447,1
2448,0
2449,2
2450,5
2451,2
2452,2
2453,0
2454,1
2455,3
2456,0
2457,5
2458,3
2459,1
2460,1
2461,3
2462,0
2463,0
2464,0
2465,5
2466,5
2467,2
2468,3
2469,0
2470,4
2471,5
2472,0
2473,0
2474,1
2475,2
2476,0
2477,0
2478,5
2479,0
2480,0
2481,3
2482,0
2483,1
2484,5
2485,2
2486,4
2487,5
2488,0
2489,2
2490,0
2491,0
2492,0
2493,3
2494,4
2495,0
2496,3
2497,0
2498,2
2499,5
2500,4
2501,5
2502,0
2503,1
2504,0
2505,5
2506,0
2507,0
2508,4
2509,2
2510,3
2511,4
2512,5
2513,4
2514,0
2515,4
2516,3
2517,2
2518,5
2519,5
2520,0
2521,0
2522,4
2523,0
2524,0
2525,1
2526,4
2527,0
2528,4
2529,2
2530,0
2531,0
2532,0
2533,2
2534,0
2535,1
2536,5
2537,0
2538,0
2539,5
2540,2
2541,5
2542,0
2543,5
2544,3
2545,0
2546,0
2547,0
2548,3
2549,0
2550,5
2551,5
2552,0
2553,5
2554,0
2555,0
2556,4
2557,1
2558,5
2559,4
2560,0
2561,2
2562,2
2563,0
2564,0
2565,0
2566,0
2567,2
2568,0
2569,6
2570,2
2571,0
2572,4
2573,4
2574,4
2575,0
2576,0
2577,5
2578,0
2579,3
2580,4
2581,5
2582,0
2583,1
2584,5
2585,2
2586,0
2587,0
2588,0
2589,3
2590,0
2591,5
2592,5
2593,0
2594,0
2595,3
2596,0
2597,5
2598,0
2599,1
2600,5
2601,6
2602,0
2603,0
2604,4
2605,2
2606,2
2607,2
2608,4
2609,0
2610,3
2611,0
2612,5
2613,0
2614,1
2615,0
2616,0
2617,3
2618,0
2619,0
2620,0
2621,0
2622,0
2623,0
2624,4
2625,0
2626,1
2627,1
2628,0
2629,2
2630,0
2631,2
2632,0
2633,0
2634,0
2635,3
2636,0
2637,5
2638,5
2639,2
2640,0
2641,0
2642,2
2643,5
2644,0
2645,1
2646,3
2647,0
2648,0
2649,5
2650,0
2651,5
2652,5
2653,0
2654,0
2655,0
2656,5
2657,0
2658,0
2659,5
2660,0
2661,1
2662,3
2663,0
2664,5
2665,0
2666,1
2667,3
2668,2
2669,5
2670,0
2671,1
2672,5
2673,5
2674,5
2675,2
2676,5
2677,5
2678,0
2679,5
2680,1
2681,2
2682,5
2683,1
2684,0
2685,1
2686,0
2687,0
2688,2
2689,5
2690,0
2691,0
2692,0
2693,2
2694,0
2695,0
2696,4
2697,1
2698,0
2699,5
2700,0
2701,0
2702,0
2703,5
2704,0
2705,0
2706,1
2707,0
2708,0
2709,0
2710,0
2711,5
2712,0
2713,1
2714,0
2715,4
2716,2
2717,0
2718,1
2719,1
2720,0
2721,1
2722,1
2723,2
2724,5
2725,5
2726,2
2727,5
2728,0
2729,1
2730,0
2731,0
2732,0
2733,2
2734,5
2735,0
2736,0
2737,1
2738,0
2739,5
2740,5
2741,0
2742,2
2743,0
2744,3
2745,0
2746,5
2747,5
2748,1
2749,2
2750,0
2751,5
2752,0
2753,4
2754,0
2755,5
2756,3
2757,5
2758,0
2759,5
2760,0
2761,5
2762,3
2763,5
2764,5
2765,0
2766,0
2767,2
2768,4
2769,0
2770,5
2771,0
2772,0
2773,0
2774,0
2775,0
2776,4
2777,1
2778,5
2779,0
2780,5
2781,1
2782,0
2783,5
2784,0
2785,2
2786,0
2787,0
2788,0
2789,0
2790,2
2791,4
2792,5
2793,0
2794,5
2795,5
2796,6
2797,5
2798,0
2799,3
2800,0
2801,0
2802,0
2803,2
2804,5
2805,5
2806,0
2807,4
2808,1
2809,1
2810,2
2811,0
2812,0
2813,0
2814,3
2815,0
2816,5
2817,4
2818,5
2819,0
2820,0
2821,0
2822,0
2823,0
2824,3
2825,0
2826,5
2827,5
2828,1
2829,5
2830,1
2831,0
2832,4
2833,0
2834,4
2835,0
2836,5
2837,1
2838,2
2839,1
2840,0
2841,5
2842,2
2843,5
2844,0
2845,5
2846,0
2847,5
2848,0
2849,0
2850,0
2851,2
2852,0
2853,0
2854,4
2855,4
2856,5
2857,2
2858,5
2859,0
2860,0
2861,3
2862,5
2863,1
2864,0
2865,4
2866,5
2867,0
2868,3
2869,0
2870,0
2871,5
2872,5
2873,1
2874,0
2875,4
2876,0
2877,0
2878,0
2879,0
2880,5
2881,5
2882,2
2883,0
2884,1
2885,5
2886,1
2887,0
2888,0
2889,2
2890,0
2891,2
2892,1
2893,1
2894,4
2895,5
2896,0
2897,2
2898,0
2899,0
2900,1
2901,4
2902,0
2903,1
2904,0
2905,5
2906,0
2907,1
2908,2
2909,4
2910,1
2911,1
2912,2
2913,0
2914,5
2915,0
2916,1
2917,5
2918,5
2919,2
2920,5
2921,6
2922,5
2923,5
2924,0
2925,4
2926,0
2927,0
2928,0
2929,3
2930,5
2931,5
2932,1
2933,1
2934,3
2935,0
2936,0
2937,5
2938,0
2939,0
2940,0
2941,1
2942,5
2943,0
2944,0
2945,5
2946,0
2947,0
2948,2
2949,5
2950,0
2951,1
2952,5
2953,0
2954,0
2955,5
2956,5
2957,2
2958,0
2959,4
2960,0
2961,0
2962,0
2963,4
2964,0
2965,0
2966,0
2967,0
2968,0
2969,0
2970,0
2971,5
2972,5
2973,1
2974,5
2975,3
2976,0
2977,3
2978,0
2979,5
2980,0
2981,1
2982,5
2983,0
2984,1
2985,0
2986,4
2987,4
2988,0
2989,0
2990,1
2991,0
2992,1
2993,2
2994,0
2995,0
2996,0
2997,0
2998,0
2999,2
3000,1
3001,5
3002,5
3003,2
3004,5
3005,0
3006,2
3007,0
3008,5
3009,1
3010,2
3011,0
3012,1
3013,0
3014,5
3015,0
3016,2
3017,0
3018,5
3019,5
3020,0
3021,0
3022,0
3023,5
3024,2
3025,5
3026,2
3027,0
3028,5
3029,5
3030,3
3031,0
3032,3
3033,1
3034,1
3035,3
3036,4
3037,2
3038,2
3039,0
3040,1
3041,2
3042,3
3043,5
3044,1
3045,0
3046,0
3047,4
3048,0
3049,1
3050,0
3051,4
3052,3
3053,5
3054,0
3055,2
3056,5
3057,2
3058,5
3059,0
3060,5
3061,5
3062,0
3063,0
3064,1
3065,0
3066,0
3067,0
3068,0
3069,5
3070,5
3071,2
3072,0
3073,1
3074,0
3075,0
3076,0
3077,2
3078,5
3079,5
3080,0
3081,5
3082,5
3083,0
3084,0
3085,5
3086,0
3087,5
3088,5
3089,0
3090,2
3091,5
3092,0
3093,1
3094,0
3095,0
3096,0
3097,1
3098,2
3099,2
3100,5
3101,2
3102,0
3103,5
3104,0
3105,0
3106,5
3107,0
3108,3
3109,2
3110,0
3111,0
3112,0
3113,5
3114,0
3115,0
3116,0
3117,5
3118,0
3119,0
3120,5
3121,1
3122,0
3123,0
3124,1
3125,2
3126,1
3127,0
3128,1
3129,0
3130,4
3131,1
3132,5
3133,0
3134,2
3135,0
3136,1
3137,0
3138,4
3139,0
3140,2
3141,2
3142,1
3143,0
3144,0
3145,5
3146,2
3147,0
3148,2
3149,3
3150,0
3151,5
3152,0
3153,0
3154,0
3155,0
3156,0
3157,5
3158,5
3159,0
3160,4
3161,5
3162,0
3163,5
3164,2
3165,5
3166,0
3167,0
3168,5
3169,0
3170,5
3171,4
3172,1
3173,0
3174,5
3175,0
3176,3
3177,5
3178,0
3179,0
3180,5
3181,1
3182,5
3183,3
3184,5
3185,1
3186,1
3187,1
3188,5
3189,3
3190,5
3191,2
3192,4
3193,0
3194,0
3195,0
3196,1
3197,5
3198,5
3199,0
3200,2
3201,2
3202,5
3203,0
3204,1
3205,0
3206,2
3207,0
3208,5
3209,1
3210,0
3211,4
3212,1
3213,0
3214,5
3215,0
3216,0
3217,3
3218,0
3219,6
3220,2
3221,4
3222,4
3223,5
3224,5
3225,2
3226,1
3227,0
3228,0
3229,4
3230,3
3231,1
3232,3
3233,2
3234,0
3235,0
3236,0
3237,0
3238,0
3239,5
3240,5
3241,1
3242,2
3243,0
3244,3
3245,1
3246,4
3247,0
3248,0
3249,3
3250,0
3251,0
3252,3
3253,3
3254,2
3255,5
3256,0
3257,5
3258,1
3259,5
3260,3
3261,1
3262,0
3263,5
3264,4
3265,0
3266,1
3267,0
3268,0
3269,0
3270,0
3271,3
3272,0
3273,1
3274,0
3275,4
3276,0
3277,0
3278,5
3279,5
3280,0
3281,1
3282,2
3283,0
3284,5
3285,5
3286,5
3287,0
3288,5
3289,5
3290,2
3291,5
3292,5
3293,3
3294,0
3295,1
3296,0
3297,5
3298,0
3299,0
3300,2
3301,3
3302,5
3303,0
3304,2
3305,0
3306,0
3307,0
3308,0
3309,5
3310,2
3311,5
3312,1
3313,5
3314,0
3315,1
3316,5
3317,4
3318,4
3319,0
3320,0
3321,0
3322,5
3323,4
3324,0
3325,5
3326,1
3327,2
3328,0
3329,0
3330,4
3331,2
3332,2
3333,5
3334,2
3335,2
3336,5
3337,5
3338,2
3339,0
3340,5
3341,1
3342,0
3343,0
3344,0
3345,0
3346,4
3347,1
3348,1
3349,0
3350,0
3351,3
3352,0
3353,0
3354,0
3355,0
3356,0
3357,1
3358,0
3359,4
3360,3
3361,0
3362,5
3363,0
3364,5
3365,3
3366,3
3367,5
3368,0
3369,0
3370,4
3371,1
3372,0
3373,1
3374,5
3375,0
3376,5
3377,2
3378,0
3379,5
3380,0
3381,0
3382,1
3383,0
3384,5
3385,0
3386,2
3387,0
3388,0
3389,0
3390,0
3391,0
3392,0
3393,0
3394,0
3395,3
3396,5
3397,0
3398,5
3399,1
3400,0
3401,0
3402,5
3403,4
3404,0
3405,0
3406,0
3407,0
3408,0
3409,0
3410,0
3411,0
3412,2
3413,5
3414,5
3415,4
3416,5
3417,0
3418,1
3419,0
3420,2
3421,2
3422,0
3423,3
3424,5
3425,0
3426,4
3427,0
3428,2
3429,0
3430,3
3431,0
3432,0
3433,1
3434,0
3435,5
3436,5
3437,5
3438,5
3439,0
3440,0
3441,5
3442,2
3443,1
3444,1
3445,3
3446,5
3447,0
3448,0
3449,0
3450,3
3451,1
3452,4
3453,0
3454,5
3455,4
3456,0
3457,3
3458,0
3459,5
3460,5
3461,0
3462,0
3463,5
3464,0
3465,5
3466,0
3467,1
3468,3
3469,5
3470,0
3471,5
3472,0
3473,0
3474,5
3475,5
3476,0
3477,2
3478,3
3479,5
3480,0
3481,3
3482,2
3483,5
3484,1
3485,0
3486,1
3487,3
3488,2
3489,1
3490,5
3491,6
3492,1
3493,0
3494,0
3495,0
3496,2
3497,5
3498,5
3499,4
3500,3
3501,5
3502,5
3503,0
3504,5
3505,5
3506,2
3507,0
3508,3
3509,4
3510,1
3511,5
3512,4
3513,0
3514,5
3515,1
3516,0
3517,1
3518,3
3519,4
3520,0
3521,4
3522,0
3523,5
3524,4
3525,3
3526,0
3527,0
3528,5
3529,5
3530,0
3531,0
3532,5
3533,0
3534,1
3535,0
3536,5
3537,0
3538,0
3539,0
3540,0
3541,0
3542,1
3543,5
3544,2
3545,3
3546,0
3547,5
3548,0
3549,0
3550,0
3551,5
3552,0
3553,1
3554,0
3555,5
3556,3
3557,0
3558,0
3559,1
3560,5
3561,5
3562,5
3563,1
3564,1
3565,5
3566,0
3567,0
3568,0
3569,4
3570,5
3571,0
3572,0
3573,0
3574,1
3575,0
3576,0
3577,0
3578,2
3579,0
3580,0
3581,3
3582,2
3583,0
3584,5
3585,2
3586,0
3587,3
3588,0
3589,0
3590,2
3591,0
3592,4
3593,0
3594,0
3595,0
3596,5
3597,0
3598,5
3599,1
3600,0
3601,0
3602,1
3603,5
3604,0
3605,4
3606,1
3607,0
3608,1
3609,0
3610,0
3611,0
3612,5
3613,5
3614,0
3615,4
3616,0
3617,5
3618,5
3619,5
3620,5
3621,0
3622,5
3623,2
3624,1
3625,1
3626,0
3627,1
3628,0
3629,5
3630,0
3631,5
3632,0
3633,0
3634,5
3635,1
3636,0
3637,1
3638,0
3639,0
3640,0
3641,1
3642,5
3643,5
3644,0
3645,0
3646,5
3647,0
3648,0
3649,0
3650,0
3651,0
3652,0
3653,0
3654,0
3655,2
3656,4
3657,2
3658,0
3659,0
3660,0
3661,0
3662,5
3663,4
3664,4
3665,3
3666,0
3667,5
3668,2
3669,0
3670,2
3671,2
3672,0
3673,0
3674,0
3675,0
3676,5
3677,0
3678,0
3679,4
3680,0
3681,5
3682,0
3683,2
3684,2
3685,0
3686,4
3687,0
3688,5
3689,0
3690,1
3691,0
3692,0
3693,0
3694,5
3695,5
3696,5
3697,0
3698,1
3699,0
3700,0
3701,5
3702,5
3703,5
3704,0
3705,2
3706,5
3707,0
3708,0
3709,4
3710,2
3711,5
3712,0
3713,5
3714,0
3715,0
3716,4
3717,5
3718,0
3719,1
3720,5
3721,1
3722,2
3723,0
3724,0
3725,0
3726,4
3727,5
3728,0
3729,5
3730,5
3731,5
3732,0
3733,0
3734,1
3735,2
3736,0
3737,1
3738,0
3739,2
3740,5
3741,5
3742,0
3743,0
3744,5
3745,1
3746,0
3747,0
3748,5
3749,5
3750,0
3751,3
3752,1
3753,1
3754,2
3755,0
3756,5
3757,0
3758,0
3759,0
3760,5
3761,0
3762,4
3763,2
3764,5
3765,0
3766,0
3767,2
3768,0
3769,0
3770,4
3771,1
3772,0
3773,3
3774,0
3775,2
3776,0
3777,5
3778,1
3779,2
3780,5
3781,3
3782,5
3783,5
3784,4
3785,0
3786,0
3787,1
3788,5
3789,1
3790,5
3791,0
3792,6
3793,5
3794,5
3795,0
3796,0
3797,0
3798,2
3799,0
3800,0
3801,2
3802,0
3803,0
3804,5
3805,1
3806,1
3807,0
3808,3
3809,0
3810,0
3811,0
3812,0
3813,0
3814,0
3815,1
3816,5
3817,0
3818,0
3819,2
3820,5
3821,1
3822,5
3823,5
3824,0
3825,1
3826,2
3827,0
3828,0
3829,0
3830,4
3831,5
3832,4
3833,0
3834,0
3835,1
3836,5
3837,0
3838,1
3839,0
3840,5
3841,0
3842,0
3843,0
3844,5
3845,0
3846,0
3847,0
3848,0
3849,6
3850,1
3851,0
3852,5
3853,5
3854,1
3855,2
3856,0
3857,1
3858,0
3859,0
3860,0
3861,0
3862,5
3863,5
3864,0
3865,0
3866,0
3867,0
3868,2
3869,0
3870,0
3871,5
3872,0
3873,4
3874,4
3875,0
3876,2
3877,1
3878,0
3879,0
3880,5
3881,5
3882,5
3883,5
3884,0
3885,0
3886,0
3887,0
3888,3
3889,1
3890,0
3891,0
3892,0
3893,2
3894,0
3895,5
3896,0
3897,0
3898,2
3899,0
3900,0
3901,5
3902,5
3903,0
3904,1
3905,1
3906,0
3907,5
3908,5
3909,0
3910,0
3911,5
3912,1
3913,0
3914,0
3915,2
3916,2
3917,5
3918,1
3919,0
3920,0
3921,2
3922,5
3923,0
3924,2
3925,0
3926,0
3927,3
3928,1
3929,5
3930,3
3931,0
3932,1
3933,5
3934,5
3935,0
3936,0
3937,1
3938,0
3939,5
3940,0
3941,0
3942,1
3943,3
3944,0
3945,0
3946,1
3947,5
3948,0
3949,2
3950,0
3951,0
3952,0
3953,1
3954,5
3955,5
3956,0
3957,0
3958,5
3959,1
3960,0
3961,0
3962,1
3963,5
3964,2
3965,3
3966,0
3967,4
3968,2
3969,5
3970,3
3971,1
3972,0
3973,2
3974,0
3975,0
3976,0
3977,0
3978,5
3979,4
3980,5
3981,1
3982,0
3983,2
3984,0
3985,0
3986,0
3987,5
3988,3
3989,1
3990,2
3991,0
3992,1
3993,0
3994,5
3995,1
3996,0
3997,5
3998,3
3999,5
4000,5
4001,1
4002,0
4003,5
4004,1
4005,0
4006,5
4007,0
4008,5
4009,0
4010,0
4011,5
4012,1
4013,0
4014,5
4015,0
4016,1
4017,5
4018,0
4019,5
4020,3
4021,5
4022,1
4023,2
4024,4
4025,0
4026,3
4027,5
4028,0
4029,0
4030,1
4031,2
4032,0
4033,0
4034,4
4035,0
4036,5
4037,3
4038,5
4039,5
4040,0
4041,0
4042,2
4043,5
4044,5
4045,0
4046,3
4047,1
4048,0
4049,2
4050,0
4051,4
4052,0
4053,1
4054,1
4055,0
4056,5
4057,1
4058,0
4059,0
4060,2
4061,5
4062,0
4063,0
4064,0
4065,0
4066,4
4067,5
4068,3
4069,5
4070,0
4071,0
4072,5
4073,5
4074,4
4075,0
4076,0
4077,5
4078,0
4079,0
4080,0
4081,4
4082,0
4083,1
4084,5
4085,5
4086,0
4087,1
4088,0
4089,5
4090,0
4091,2
4092,0
4093,2
4094,0
4095,0
4096,0
4097,0
4098,5
4099,2
4100,5
4101,1
4102,1
4103,0
4104,0
4105,0
4106,3
4107,3
4108,2
4109,0
4110,0
4111,1
4112,0
4113,5
4114,4
4115,0
4116,5
4117,1
4118,0
4119,0
4120,0
4121,0
4122,5
4123,5
4124,1
4125,0
4126,0
4127,0
4128,4
4129,5
4130,5
4131,0
4132,0
4133,2
4134,0
4135,0
4136,1
4137,1
4138,0
4139,0
4140,0
4141,1
4142,0
4143,2
4144,0
4145,1
4146,4
4147,5
4148,5
4149,1
4150,0
4151,5
4152,5
4153,0
4154,1
4155,3
4156,0
4157,0
4158,0
4159,1
4160,0
4161,0
4162,1
4163,5
4164,0
4165,1
4166,5
4167,0
4168,0
4169,3
4170,5
4171,3
4172,5
4173,0
4174,1
4175,5
4176,0
4177,0
4178,3
4179,1
4180,0
4181,0
4182,5
4183,3
4184,4
4185,0
4186,1
4187,0
4188,1
4189,0
4190,5
4191,0
4192,4
4193,5
4194,5
4195,5
4196,2
4197,5
4198,0
4199,0
4200,0
4201,0
4202,0
4203,3
4204,5
4205,0
4206,0
4207,0
4208,1
4209,5
4210,0
4211,5
4212,5
4213,2
4214,4
4215,3
4216,1
4217,0
4218,0
4219,5
4220,0
4221,5
4222,0
4223,5
4224,0
4225,0
4226,0
4227,5
4228,4
4229,0
4230,0
4231,2
4232,0
4233,0
4234,5
4235,3
4236,5
4237,0
4238,4
4239,2
4240,0
4241,0
4242,2
4243,1
4244,4
4245,0
4246,5
4247,0
4248,0
4249,4
4250,4
4251,0
4252,4
4253,1
4254,1
4255,2
4256,5
4257,0
4258,2
4259,1
4260,0
4261,4
4262,0
4263,0
4264,5
4265,0
4266,0
4267,0
4268,0
4269,2
4270,2
4271,3
4272,0
4273,0
4274,5
4275,5
4276,0
4277,5
4278,0
4279,5
4280,0
4281,5
4282,0
4283,4
4284,5
4285,1
4286,0
4287,3
4288,0
4289,0
4290,2
4291,5
4292,0
4293,0
4294,5
4295,4
4296,0
4297,2
4298,1
4299,0
4300,0
4301,4
4302,2
4303,0
4304,1
4305,0
4306,0
4307,3
4308,0
4309,1
4310,5
4311,5
4312,0
4313,5
4314,0
4315,0
4316,1
4317,5
4318,0
4319,5
4320,3
4321,0
4322,0
4323,0
4324,0
4325,4
4326,0
4327,0
4328,0
4329,0
4330,2
4331,0
4332,1
4333,4
4334,5
4335,5
4336,4
4337,0
4338,0
4339,1
4340,4
4341,0
4342,2
4343,0
4344,5
4345,0
4346,1
4347,0
4348,0
4349,5
4350,5
4351,0
4352,3
4353,5
4354,1
4355,0
4356,1
4357,0
4358,5
4359,5
4360,0
4361,5
4362,5
4363,5
4364,0
4365,5
4366,5
4367,4
4368,5
4369,1
4370,0
4371,2
4372,1
4373,2
4374,5
4375,5
4376,0
4377,0
4378,1
4379,2
4380,2
4381,0
4382,0
4383,5
4384,5
4385,0
4386,0
4387,0
4388,0
4389,0
4390,5
4391,5
4392,1
4393,3
4394,0
4395,0
4396,0
4397,3
4398,4
4399,0
4400,0
4401,5
4402,0
4403,0
4404,2
4405,0
4406,1
4407,2
4408,0
4409,4
4410,0
4411,4
4412,0
4413,4
4414,2
4415,2
4416,0
4417,5
4418,3
4419,0
4420,0
4421,1
4422,0
4423,0
4424,0
4425,0
4426,1
4427,0
4428,0
4429,4
4430,0
4431,0
4432,0
4433,0
4434,0
4435,0
4436,4
4437,2
4438,4
4439,2
4440,0
4441,2
4442,5
4443,0
4444,4
4445,0
4446,0
4447,5
4448,5
4449,0
4450,0
4451,5
4452,5
4453,4
4454,0
4455,0
4456,5
4457,1
4458,1
4459,4
4460,5
4461,0
4462,2
4463,2
4464,5
4465,5
4466,1
4467,1
4468,0
4469,0
4470,0
4471,0
4472,4
4473,5
4474,0
4475,3
4476,2
4477,0
4478,5
4479,5
4480,5
4481,2
4482,5
4483,5
4484,4
4485,5
4486,2
4487,3
4488,0
4489,0
4490,0
4491,0
4492,0
4493,5
4494,5
4495,0
4496,3
4497,0
4498,0
4499,5
4500,1
4501,0
4502,2
4503,0
4504,2
4505,5
4506,0
4507,0
4508,5
4509,1
4510,0
4511,2
4512,4
4513,3
4514,0
4515,1
4516,4
4517,0
4518,0
4519,2
4520,5
4521,1
4522,0
4523,4
4524,2
4525,0
4526,4
4527,0
4528,0
4529,0
4530,0
4531,3
4532,0
4533,4
4534,0
4535,2
4536,0
4537,2
4538,0
4539,5
4540,3
4541,0
4542,2
4543,0
4544,1
4545,1
4546,0
4547,5
4548,0
4549,0
4550,0
4551,0
4552,5
4553,0
4554,5
4555,2
4556,5
4557,2
4558,4
4559,4
4560,0
4561,4
4562,5
4563,5
4564,1
4565,0
4566,4
4567,3
4568,5
4569,4
4570,0
4571,2
4572,2
4573,0
4574,5
4575,2
4576,1
4577,5
4578,5
4579,0
4580,3
4581,5
4582,0
4583,4
4584,5
4585,5
4586,0
4587,5
4588,4
4589,5
4590,5
4591,3
4592,3
4593,2
4594,0
4595,0
4596,0
4597,2
4598,1
4599,0
4600,1
4601,0
4602,4
4603,2
4604,1
4605,3
4606,5
4607,0
4608,0
4609,5
4610,0
4611,0
4612,1
4613,4
4614,1
4615,0
4616,0
4617,4
4618,2
4619,5
4620,5
4621,0
4622,0
4623,1
4624,2
4625,4
4626,1
4627,5
4628,0
4629,0
4630,0
4631,4
4632,5
4633,1
4634,5
4635,1
4636,0
4637,0
4638,0
4639,0
4640,0
4641,1
4642,6
4643,3
4644,5
4645,0
4646,5
4647,0
4648,4
4649,5
4650,0
4651,2
4652,5
4653,0
4654,4
4655,5
4656,0
4657,0
4658,5
4659,1
4660,5
4661,0
4662,2
4663,5
4664,2
4665,5
4666,0
4667,5
4668,5
4669,0
4670,5
4671,1
4672,4
4673,0
4674,1
4675,0
4676,0
4677,2
4678,2
4679,0
4680,5
4681,2
4682,3
4683,4
4684,0
4685,0
4686,5
4687,1
4688,0
4689,1
4690,1
4691,5
4692,0
4693,5
4694,0
4695,1
4696,0
4697,0
4698,0
4699,2
4700,0
4701,0
4702,0
4703,0
4704,1
4705,0
4706,0
4707,5
4708,1
4709,5
4710,0
4711,4
4712,4
4713,0
4714,1
4715,5
4716,4
4717,0
4718,1
4719,0
4720,5
4721,5
4722,0
4723,0
4724,5
4725,0
4726,0
4727,4
4728,1
4729,1
4730,0
4731,1
4732,4
4733,0
4734,0
4735,5
4736,0
4737,0
4738,1
4739,2
4740,4
4741,2
4742,0
4743,0
4744,0
4745,2
4746,5
4747,1
4748,4
4749,2
4750,0
4751,5
4752,5
4753,5
4754,0
4755,1
4756,0
4757,0
4758,0
4759,0
4760,0
4761,0
4762,0
4763,0
4764,4
4765,5
4766,5
4767,5
4768,0
4769,5
4770,1
4771,0
4772,2
4773,5
4774,2
4775,5
4776,5
4777,3
4778,0
4779,5
4780,0
4781,5
4782,0
4783,0
4784,0
4785,0
4786,4
4787,0
4788,5
4789,1
4790,4
4791,0
4792,1
4793,1
4794,0
4795,0
4796,0
4797,5
4798,0
4799,5
4800,0
4801,0
4802,3
4803,0
4804,5
4805,0
4806,5
4807,0
4808,0
4809,5
4810,1
4811,0
4812,1
4813,0
4814,1
4815,1
4816,1
4817,0
4818,5
4819,1
4820,5
4821,2
4822,1
4823,2
4824,0
4825,3
4826,0
4827,0
4828,3
4829,0
4830,1
4831,5
4832,0
4833,0
4834,1
4835,2
4836,0
4837,0
4838,1
4839,0
4840,2
4841,1
4842,4
4843,1
4844,0
4845,5
4846,5
4847,0
4848,5
4849,0
4850,1
4851,0
4852,3
4853,0
4854,0
4855,5
4856,0
4857,0
4858,1
4859,0
4860,5
4861,5
4862,0
4863,4
4864,2
4865,0
4866,5
4867,0
4868,1
4869,0
4870,4
4871,2
4872,5
4873,0
4874,1
4875,3
4876,0
4877,0
4878,2
4879,0
4880,1
4881,5
4882,5
4883,0
4884,0
4885,0
4886,0
4887,0
4888,0
4889,0
4890,5
4891,1
4892,0
4893,5
4894,4
4895,5
4896,5
4897,5
4898,0
4899,5
4900,0
4901,1
4902,4
4903,5
4904,0
4905,3
4906,5
4907,0
4908,0
4909,0
4910,3
4911,0
4912,1
4913,3
4914,0
4915,0
4916,2
4917,5
4918,5
4919,1
4920,1
4921,5
4922,0
4923,0
4924,5
4925,2
4926,5
4927,2
4928,1
4929,2
4930,0
4931,5
4932,2
4933,4
4934,0
4935,0
4936,1
4937,5
4938,5
4939,4
4940,0
4941,5
4942,1
4943,0
4944,0
4945,0
4946,0
4947,0
4948,5
4949,5
4950,0
4951,2
4952,5
4953,2
4954,0
4955,2
4956,5
4957,0
4958,5
4959,5
4960,0
4961,5
4962,0
4963,0
4964,5
4965,5
4966,2
4967,2
4968,0
4969,2
4970,0
4971,5
4972,0
4973,0
4974,1
4975,5
4976,4
4977,0
4978,0
4979,5
4980,0
4981,3
4982,1
4983,2
4984,0
4985,1
4986,0
4987,4
4988,5
4989,2
4990,0
4991,0
4992,0
4993,4
4994,0
4995,0
4996,0
4997,0
4998,0
4999,2
5000,2
5001,4
5002,0
5003,4
5004,1
5005,0
5006,1
5007,5
5008,4
5009,0
5010,5
5011,5
5012,5
5013,2
5014,3
5015,0
5016,0
5017,2
5018,0
5019,0
5020,1
5021,0
5022,0
5023,4
5024,2
5025,1
5026,6
5027,2
5028,0
5029,4
5030,0
5031,5
5032,5
5033,0
5034,2
5035,0
5036,3
5037,1
5038,0
5039,5
5040,4
5041,0
5042,5
5043,0
5044,0
5045,3
5046,0
5047,5
5048,3
5049,0
5050,2
5051,5
5052,4
5053,5
5054,0
5055,0
5056,0
5057,1
5058,0
5059,0
5060,0
5061,5
5062,5
5063,0
5064,0
5065,5
5066,0
5067,0
5068,2
5069,5
5070,5
5071,1
5072,5
5073,3
5074,0
5075,3
5076,0
5077,5
5078,0
5079,2
5080,5
5081,5
5082,0
5083,0
5084,5
5085,5
5086,1
5087,5
5088,0
5089,0
5090,1
5091,2
5092,0
5093,3
5094,3
5095,5
5096,4
5097,5
5098,0
5099,0
5100,2
5101,5
5102,5
5103,1
5104,0
5105,5
5106,5
5107,5
5108,2
5109,5
5110,0
5111,5
5112,0
5113,0
5114,1
5115,1
5116,5
5117,2
5118,0
5119,2
5120,1
5121,1
5122,0
5123,0
5124,0
5125,3
5126,0
5127,0
5128,0
5129,1
5130,2
5131,5
5132,0
5133,0
5134,0
5135,4
5136,5
5137,0
5138,0
5139,5
5140,0
5141,5
5142,1
5143,5
5144,1
5145,5
5146,2
5147,0
5148,5
5149,0
5150,3
5151,0
5152,0
5153,4
5154,5
5155,4
5156,5
5157,0
5158,3
5159,3
5160,0
5161,0
5162,5
5163,3
5164,5
5165,4
5166,1
5167,5
5168,4
5169,0
5170,2
5171,0
5172,5
5173,1
5174,0
5175,1
5176,4
5177,0
5178,0
5179,4
5180,0
5181,4
5182,2
5183,5
5184,0
5185,1
5186,2
5187,1
5188,0
5189,0
5190,0
5191,0
5192,0
5193,0
5194,5
5195,2
5196,2
5197,4
5198,0
5199,0
5200,0
5201,0
5202,5
5203,2
5204,0
5205,5
5206,5
5207,0
5208,0
5209,0
5210,0
5211,1
5212,0
5213,0
5214,5
5215,0
5216,0
5217,2
5218,1
5219,5
5220,5
5221,1
5222,5
5223,5
5224,0
5225,0
5226,1
5227,0
5228,2
5229,0
5230,5
5231,5
5232,1
5233,0
5234,1
5235,5
5236,0
5237,0
5238,1
5239,5
5240,2
5241,2
5242,4
5243,2
5244,4
5245,1
5246,1
5247,5
5248,0
5249,4
5250,2
5251,0
5252,5
5253,0
5254,5
5255,5
5256,0
5257,0
5258,1
5259,0
5260,4
5261,0
5262,5
5263,5
5264,0
5265,0
5266,1
5267,0
5268,1
5269,4
5270,5
5271,1
5272,5
5273,0
5274,1
5275,1
5276,4
5277,1
5278,5
5279,0
5280,3
5281,1
5282,0
5283,0
5284,5
5285,4
5286,5
5287,2
5288,1
5289,5
5290,0
5291,2
5292,1
5293,5
5294,0
5295,5
5296,0
5297,0
5298,4
5299,1
5300,5
5301,0
5302,0
5303,0
5304,1
5305,5
5306,3
5307,5
5308,2
5309,5
5310,5
5311,0
5312,0
5313,0
5314,5
5315,1
5316,0
5317,0
5318,3
5319,1
5320,1
5321,0
5322,0
5323,0
5324,5
5325,0
5326,0
5327,0
5328,3
5329,4
5330,4
5331,5
5332,2
5333,5
5334,4
5335,3
5336,0
5337,0
5338,4
5339,2
5340,0
5341,0
5342,3
5343,1
5344,5
5345,0
5346,0
5347,0
5348,0
5349,5
5350,0
5351,2
5352,6
5353,3
5354,0
5355,0
5356,0
5357,1
5358,0
5359,4
5360,5
5361,2
5362,1
5363,0
5364,5
5365,3
5366,1
5367,2
5368,2
5369,1
5370,5
5371,0
5372,5
5373,5
5374,4
5375,0
5376,5
5377,1
5378,0
5379,5
5380,0
5381,2
5382,1
5383,2
5384,5
5385,0
5386,4
5387,3
5388,5
5389,1
5390,5
5391,5
5392,1
5393,5
5394,4
5395,1
5396,0
5397,5
5398,5
5399,0
5400,2
5401,0
5402,1
5403,0
5404,0
5405,0
5406,5
5407,0
5408,0
5409,2
5410,5
5411,0
5412,5
5413,1
5414,5
5415,4
5416,5
5417,0
5418,0
5419,0
5420,0
5421,0
5422,0
5423,1
5424,0
5425,4
5426,4
5427,2
5428,1
5429,5
5430,3
5431,5
5432,5
5433,0
5434,5
5435,4
5436,4
5437,5
5438,2
5439,5
5440,2
5441,5
5442,0
5443,2
5444,5
5445,0
5446,5
5447,0
5448,5
5449,4
5450,0
5451,0
5452,0
5453,0
5454,1
5455,5
5456,5
5457,5
5458,2
5459,0
5460,1
5461,4
5462,0
5463,0
5464,1
5465,2
5466,4
5467,3
5468,5
5469,0
5470,5
5471,0
5472,5
5473,0
5474,0
5475,5
5476,2
5477,0
5478,0
5479,0
5480,4
5481,5
5482,0
5483,0
5484,0
5485,0
5486,0
5487,0
5488,0
5489,0
5490,0
5491,4
5492,0
5493,3
5494,2
5495,5
5496,0
5497,4
5498,3
5499,0
5500,5
5501,0
5502,2
5503,2
5504,2
5505,0
5506,0
5507,1
5508,2
5509,1
5510,4
5511,0
5512,0
5513,0
5514,0
5515,2
5516,1
5517,0
5518,5
5519,2
5520,0
5521,5
5522,2
5523,2
5524,1
5525,0
5526,0
5527,5
5528,0
5529,5
5530,4
5531,0
5532,0
5533,0
5534,5
5535,5
5536,5
5537,2
5538,0
5539,0
5540,0
5541,5
5542,2
5543,2
5544,5
5545,4
5546,6
5547,0
5548,0
5549,0
5550,0
5551,0
5552,0
5553,4
5554,4
5555,1
5556,4
5557,0
5558,0
5559,0
5560,5
5561,3
5562,5
5563,5
5564,5
5565,5
5566,1
5567,0
5568,5
5569,5
5570,0
5571,0
5572,1
5573,0
5574,0
5575,4
5576,1
5577,0
5578,0
5579,1
5580,1
5581,5
5582,0
5583,2
5584,5
5585,2
5586,1
5587,5
5588,4
5589,0
5590,2
5591,2
5592,0
5593,0
5594,5
5595,0
5596,5
5597,0
5598,5
5599,0
5600,0
5601,0
5602,3
5603,0
5604,5
5605,0
5606,0
5607,5
5608,0
5609,0
5610,0
5611,0
5612,0
5613,1
5614,5
5615,0
5616,1
5617,5
5618,3
5619,5
5620,5
5621,4
5622,2
5623,0
5624,5
5625,5
5626,5
5627,2
5628,3
5629,0
5630,5
5631,1
5632,2
5633,4
5634,0
5635,0
5636,5
5637,0
5638,0
5639,0
5640,0
5641,1
5642,0
5643,1
5644,0
5645,0
5646,0
5647,0
5648,0
5649,0
5650,0
5651,0
5652,0
5653,0
5654,0
5655,0
5656,0
5657,0
5658,0
5659,5
5660,0
5661,0
5662,1
5663,2
5664,0
5665,1
5666,5
5667,0
5668,4
5669,0
5670,0
5671,5
5672,0
5673,0
5674,5
5675,2
5676,0
5677,5
5678,2
5679,1
5680,0
5681,1
5682,4
5683,0
5684,5
5685,5
5686,0
5687,5
5688,2
5689,1
5690,5
5691,0
5692,1
5693,0
5694,0
5695,3
5696,1
5697,0
5698,1
5699,5
5700,5
5701,0
5702,0
5703,2
5704,0
5705,0
5706,5
5707,0
5708,0
5709,1
5710,1
5711,0
5712,0
5713,5
5714,0
5715,5
5716,1
5717,5
5718,3
5719,0
5720,0
5721,1
5722,5
5723,1
5724,0
5725,0
5726,5
5727,0
5728,4
5729,2
5730,0
5731,0
5732,2
5733,0
5734,0
5735,2
5736,4
5737,0
5738,1
5739,0
5740,5
5741,0
5742,2
5743,1
5744,5
5745,0
5746,0
5747,0
5748,1
5749,0
5750,0
5751,0
5752,0
5753,0
5754,2
5755,0
5756,0
5757,1
5758,4
5759,5
5760,0
5761,5
5762,0
5763,5
5764,4
5765,0
5766,2
5767,5
5768,2
5769,0
5770,2
5771,1
5772,2
5773,0
5774,1
5775,1
5776,0
5777,2
5778,2
5779,1
5780,5
5781,2
5782,4
5783,2
5784,0
5785,5
5786,0
5787,2
5788,4
5789,5
5790,0
5791,0
5792,2
5793,2
5794,5
5795,4
5796,0
5797,2
5798,5
5799,1
5800,5
5801,0
5802,2
5803,0
5804,0
5805,1
5806,0
5807,0
5808,4
5809,1
5810,0
5811,5
5812,0
5813,0
5814,1
5815,0
5816,1
5817,5
5818,4
5819,0
5820,0
5821,0
5822,1
5823,0
5824,1
5825,5
5826,0
5827,0
5828,1
5829,5
5830,1
5831,3
5832,5
5833,2
5834,5
5835,0
5836,5
5837,5
5838,0
5839,5
5840,5
5841,0
5842,5
5843,2
5844,0
5845,0
5846,5
5847,0
5848,3
5849,3
5850,5
5851,0
5852,4
5853,0
5854,0
5855,5
5856,0
5857,5
5858,1
5859,0
5860,0
5861,0
5862,0
5863,0
5864,3
5865,3
5866,1
5867,5
5868,0
5869,0
5870,5
5871,1
5872,5
5873,5
5874,2
5875,5
5876,2
5877,5
5878,5
5879,1
5880,5
5881,0
5882,5
5883,5
5884,2
5885,5
5886,0
5887,4
5888,5
5889,5
5890,0
5891,0
5892,5
5893,0
5894,4
5895,1
5896,3
5897,0
5898,5
5899,2
5900,3
5901,4
5902,0
5903,5
5904,5
5905,0
5906,0
5907,2
5908,0
5909,0
5910,2
5911,0
5912,0
5913,1
5914,0
5915,2
5916,0
5917,0
5918,0
5919,5
5920,5
5921,0
5922,0
5923,5
5924,2
5925,4
5926,0
5927,2
5928,3
5929,5
5930,2
5931,0
5932,0
5933,1
5934,0
5935,0
5936,5
5937,0
5938,1
5939,5
5940,0
5941,5
5942,2
5943,3
5944,1
5945,0
5946,2
5947,0
5948,5
5949,5
5950,0
5951,1
5952,2
5953,5
5954,2
5955,0
5956,1
5957,5
5958,0
5959,3
5960,0
5961,1
5962,1
5963,0
5964,0
5965,5
5966,2
5967,0
5968,5
5969,0
5970,5
5971,0
5972,5
5973,1
5974,0
5975,0
5976,0
5977,5
5978,0
5979,0
5980,5
5981,5
5982,5
5983,0
5984,0
5985,0
5986,3
5987,0
5988,0
5989,0
5990,5
5991,3
5992,3
5993,1
5994,0
5995,5
5996,1
5997,0
5998,4
5999,5
6000,0
6001,5
6002,2
6003,0
6004,4
6005,0
6006,0
6007,5
6008,1
6009,0
6010,0
6011,0
6012,4
6013,0
6014,2
6015,5
6016,4
6017,5
6018,2
6019,4
6020,0
6021,0
6022,0
6023,0
6024,1
6025,5
6026,0
6027,5
6028,4
6029,5
6030,0
6031,0
6032,0
6033,0
6034,4
6035,2
6036,1
6037,2
6038,5
6039,2
6040,4
6041,2
6042,0
6043,5
6044,0
6045,0
6046,5
6047,2
6048,5
6049,0
6050,0
6051,1
6052,1
6053,5
6054,0
6055,4
6056,4
6057,1
6058,4
6059,5
6060,5
6061,3
6062,5
6063,5
6064,0
6065,0
6066,0
6067,5
6068,5
6069,5
6070,0
6071,4
6072,0
6073,5
6074,3
6075,0
6076,5
6077,0
6078,2
6079,0
6080,1
6081,0
6082,0
6083,1
6084,0
6085,1
6086,2
6087,5
6088,0
6089,2
6090,2
6091,0
6092,0
6093,5
6094,0
6095,0
6096,0
6097,0
6098,4
6099,0
6100,0
6101,1
6102,0
6103,2
6104,5
6105,0
6106,0
6107,2
6108,0
6109,4
6110,1
6111,0
6112,5
6113,1
6114,0
6115,3
6116,4
6117,0
6118,0
6119,0
6120,5
6121,3
6122,0
6123,0
6124,0
6125,0
6126,4
6127,0
6128,1
6129,2
6130,5
6131,5
6132,1
6133,2
6134,0
6135,1
6136,5
6137,3
6138,0
6139,0
6140,1
6141,0
6142,0
6143,2
6144,3
6145,2
6146,0
6147,0
6148,4
6149,0
6150,5
6151,0
6152,4
6153,4
6154,0
6155,0
6156,5
6157,2
6158,0
6159,1
6160,5
6161,3
6162,0
6163,1
6164,0
6165,1
6166,1
6167,0
6168,0
6169,5
6170,0
6171,2
6172,0
6173,0
6174,0
6175,4
6176,0
6177,4
6178,0
6179,0
6180,5
6181,0
6182,5
6183,2
6184,1
6185,3
6186,2
6187,0
6188,1
6189,3
6190,0
6191,4
6192,0
6193,2
6194,0
6195,5
6196,0
6197,5
6198,5
6199,0
6200,5
6201,0
6202,4
6203,5
6204,0
6205,1
6206,1
6207,1
6208,0
6209,0
6210,0
6211,0
6212,0
6213,5
6214,0
6215,4
6216,2
6217,2
6218,1
6219,4
6220,1
6221,0
6222,0
6223,1
6224,5
6225,0
6226,1
6227,2
6228,1
6229,0
6230,1
6231,0
6232,0
6233,1
6234,0
6235,2
6236,3
6237,0
6238,1
6239,4
6240,5
6241,5
6242,0
6243,0
6244,5
6245,2
6246,3
6247,5
6248,0
6249,0
6250,2
6251,5
6252,0
6253,0
6254,5
6255,5
6256,0
6257,3
6258,0
6259,1
6260,1
6261,0
6262,0
6263,0
6264,0
6265,2
6266,1
6267,0
6268,4
6269,0
6270,5
6271,0
6272,0
6273,1
6274,5
6275,2
6276,1
6277,5
6278,0
6279,5
6280,5
6281,3
6282,2
6283,5
6284,0
6285,0
6286,5
6287,0
6288,0
6289,2
6290,1
6291,1
6292,2
6293,0
6294,0
6295,0
6296,5
6297,4
6298,4
6299,2
6300,0
6301,0
6302,3
6303,0
6304,0
6305,2
6306,5
6307,5
6308,0
6309,1
6310,4
6311,0
6312,1
6313,0
6314,0
6315,3
6316,0
6317,1
6318,0
6319,0
6320,0
6321,5
6322,0
6323,4
6324,0
6325,1
6326,5
6327,5
6328,1
6329,2
6330,0
6331,1
6332,2
6333,5
6334,0
6335,1
6336,5
6337,5
6338,4
6339,2
6340,0
6341,5
6342,0
6343,0
6344,0
6345,0
6346,1
6347,1
6348,1
6349,5
6350,0
6351,0
6352,1
6353,0
6354,5
6355,2
6356,5
6357,5
6358,0
6359,0
6360,0
6361,3
6362,0
6363,5
6364,2
6365,0
6366,0
6367,3
6368,0
6369,5
6370,0
6371,2
6372,0
6373,2
6374,5
6375,5
6376,5
6377,0
6378,0
6379,0
6380,5
6381,2
6382,5
6383,0
6384,0
6385,0
6386,5
6387,0
6388,0
6389,0
6390,0
6391,0
6392,0
6393,5
6394,5
6395,0
6396,5
6397,0
6398,0
6399,2
6400,0
6401,0
6402,5
6403,2
6404,0
6405,5
6406,5
6407,0
6408,0
6409,5
6410,5
6411,0
6412,0
6413,5
6414,4
6415,5
6416,0
6417,3
6418,5
6419,3
6420,0
6421,1
6422,5
6423,2
6424,5
6425,0
6426,0
6427,0
6428,0
6429,5
6430,0
6431,0
6432,5
6433,0
6434,5
6435,2
6436,5
6437,0
6438,0
6439,0
6440,2
6441,5
6442,0
6443,0
6444,3
6445,5
6446,2
6447,1
6448,1
6449,5
6450,5
6451,0
6452,2
6453,5
6454,2
6455,1
6456,1
6457,5
6458,2
6459,0
6460,1
6461,1
6462,0
6463,5
6464,2
6465,0
6466,0
6467,0
6468,4
6469,5
6470,1
6471,3
6472,0
6473,2
6474,1
6475,0
6476,0
6477,1
6478,4
6479,0
6480,0
6481,5
6482,0
6483,0
6484,5
6485,0
6486,0
6487,0
6488,4
6489,0
6490,5
6491,0
6492,0
6493,5
6494,0
6495,1
6496,0
6497,0
6498,4
6499,0
6500,2
6501,0
6502,4
6503,5
6504,2
6505,0
6506,0
6507,0
6508,4
6509,0
6510,5
6511,3
6512,5
6513,0
6514,0
6515,1
6516,1
6517,3
6518,1
6519,5
6520,4
6521,0
6522,5
6523,0
6524,0
6525,1
6526,0
6527,3
6528,2
6529,3
6530,0
6531,0
6532,5
6533,5
6534,2
6535,0
6536,2
6537,0
6538,0
6539,5
6540,5
6541,2
6542,2
6543,0
6544,0
6545,0
6546,0
6547,5
6548,4
6549,5
6550,1
6551,0
6552,1
6553,0
6554,0
6555,3
6556,2
6557,0
6558,5
6559,5
6560,1
6561,1
6562,5
6563,0
6564,0
6565,0
6566,0
6567,0
6568,5
6569,2
6570,1
6571,5
6572,2
6573,1
6574,0
6575,0
6576,0
6577,2
6578,0
6579,3
6580,5
6581,0
6582,0
6583,5
6584,3
6585,0
6586,1
6587,5
6588,0
6589,0
6590,1
6591,2
6592,2
6593,2
6594,2
6595,1
6596,0
6597,3
6598,3
6599,0
6600,0
6601,0
6602,0
6603,0
6604,2
6605,5
6606,0
6607,0
6608,3
6609,0
6610,5
6611,5
6612,1
6613,4
6614,0
6615,0
6616,1
6617,0
6618,4
6619,1
6620,0
6621,4
6622,0
6623,0
6624,1
6625,0
6626,0
6627,2
6628,0
6629,0
6630,0
6631,2
6632,0
6633,2
6634,1
6635,0
6636,3
6637,0
6638,3
6639,5
6640,0
6641,3
6642,5
6643,2
6644,2
6645,5
6646,0
6647,0
6648,1
6649,0
6650,1
6651,5
6652,0
6653,1
6654,0
6655,1
6656,3
6657,2
6658,5
6659,2
6660,0
6661,0
6662,1
6663,3
6664,5
6665,5
6666,1
6667,0
6668,0
6669,4
6670,5
6671,5
6672,4
6673,5
6674,0
6675,5
6676,4
6677,5
6678,4
6679,3
6680,1
6681,2
6682,0
6683,0
6684,3
6685,5
6686,0
6687,5
6688,3
6689,3
6690,0
6691,0
6692,0
6693,0
6694,0
6695,5
6696,1
6697,5
6698,0
6699,0
6700,0
6701,0
6702,0
6703,1
6704,0
6705,0
6706,5
6707,0
6708,0
6709,2
6710,5
6711,0
6712,5
6713,0
6714,0
6715,1
6716,1
6717,3
6718,4
6719,2
6720,5
6721,0
6722,5
6723,0
6724,5
6725,0
6726,5
6727,5
6728,0
6729,0
6730,5
6731,0
6732,0
6733,1
6734,5
6735,0
6736,1
6737,5
6738,0
6739,0
6740,3
6741,4
6742,0
6743,0
6744,0
6745,1
6746,5
6747,0
6748,2
6749,0
6750,1
6751,1
6752,3
6753,4
6754,0
6755,4
6756,1
6757,1
6758,1
6759,0
6760,0
6761,3
6762,0
6763,0
6764,5
6765,5
6766,5
6767,2
6768,1
6769,5
6770,0
6771,2
6772,0
6773,3
6774,5
6775,2
6776,3
6777,0
6778,5
6779,5
6780,0
6781,0
6782,0
6783,5
6784,1
6785,0
6786,2
6787,0
6788,0
6789,5
6790,0
6791,4
6792,0
6793,0
6794,0
6795,0
6796,2
6797,5
6798,0
6799,3
6800,5
6801,0
6802,5
6803,5
6804,2
6805,1
6806,0
6807,5
6808,5
6809,0
6810,0
6811,5
6812,3
6813,3
6814,1
6815,0
6816,0
6817,5
6818,0
6819,0
6820,4
6821,1
6822,0
6823,1
6824,4
6825,0
6826,0
6827,4
6828,2
6829,0
6830,2
6831,5
6832,0
6833,5
6834,3
6835,0
6836,5
6837,4
6838,0
6839,0
6840,0
6841,3
6842,5
6843,5
6844,0
6845,2
6846,0
6847,1
6848,0
6849,4
6850,4
6851,4
6852,2
6853,5
6854,5
6855,1
6856,5
6857,5
6858,0
6859,0
6860,4
6861,4
6862,0
6863,3
6864,6
6865,0
6866,0
6867,5
6868,5
6869,0
6870,0
6871,0
6872,3
6873,0
6874,0
6875,4
6876,0
6877,0
6878,2
6879,2
6880,0
6881,4
6882,2
6883,5
6884,5
6885,0
6886,3
6887,5
6888,2
6889,0
6890,0
6891,0
6892,4
6893,0
6894,0
6895,0
6896,1
6897,0
6898,3
6899,1
6900,0
6901,2
6902,5
6903,5
6904,5
6905,0
6906,5
6907,2
6908,5
6909,0
6910,1
6911,2
6912,0
6913,0
6914,2
6915,5
6916,1
6917,5
6918,1
6919,5
6920,2
6921,2
6922,0
6923,0
6924,4
6925,0
6926,0
6927,1
6928,1
6929,0
6930,5
6931,1
6932,0
6933,0
6934,0
6935,0
6936,5
6937,0
6938,0
6939,5
6940,5
6941,2
6942,4
6943,0
6944,0
6945,5
6946,4
6947,0
6948,2
6949,0
6950,3
6951,0
6952,0
6953,0
6954,1
6955,5
6956,0
6957,4
6958,1
6959,0
6960,0
6961,4
6962,0
6963,4
6964,4
6965,0
6966,0
6967,5
6968,0
6969,1
6970,1
6971,4
6972,2
6973,0
6974,2
6975,3
6976,5
6977,2
6978,0
6979,1
6980,5
6981,1
6982,0
6983,1
6984,3
6985,0
6986,1
6987,0
6988,1
6989,5
6990,4
6991,1
6992,0
6993,2
6994,5
6995,5
6996,5
6997,4
6998,3
6999,5
7000,0
7001,5
7002,5
7003,2
7004,0
7005,5
7006,0
7007,0
7008,0
7009,0
7010,5
7011,5
7012,5
7013,0
7014,5
7015,0
7016,5
7017,3
7018,0
7019,0
7020,5
7021,0
7022,0
7023,0
7024,0
7025,4
7026,5
7027,0
7028,0
7029,4
7030,0
7031,5
7032,0
7033,1
7034,2
7035,2
7036,5
7037,5
7038,1
7039,5
7040,1
7041,1
7042,4
7043,5
7044,2
7045,5
7046,0
7047,0
7048,0
7049,0
7050,6
7051,5
7052,4
7053,1
7054,0
7055,5
7056,0
7057,1
7058,0
7059,4
7060,1
7061,3
7062,2
7063,2
7064,0
7065,3
7066,5
7067,0
7068,0
7069,0
7070,1
7071,5
7072,2
7073,5
7074,0
7075,2
7076,4
7077,4
7078,1
7079,2
7080,5
7081,4
7082,4
7083,4
7084,0
7085,0
7086,1
7087,1
7088,0
7089,1
7090,0
7091,5
7092,0
7093,4
7094,2
7095,0
7096,0
7097,0
7098,4
7099,0
7100,0
7101,0
7102,2
7103,5
7104,5
7105,5
7106,0
7107,5
7108,3
7109,0
7110,0
7111,1
7112,0
7113,0
7114,0
7115,0
7116,5
7117,5
7118,4
7119,1
7120,5
7121,5
7122,5
7123,4
7124,0
7125,4
7126,1
7127,2
7128,3
7129,1
7130,5
7131,5
7132,1
7133,4
7134,5
7135,0
7136,2
7137,5
7138,2
7139,0
7140,1
7141,5
7142,0
7143,0
7144,5
7145,2
7146,5
7147,0
7148,0
7149,0
7150,2
7151,5
7152,5
7153,0
7154,5
7155,5
7156,5
7157,4
7158,1
7159,0
7160,4
7161,4
7162,4
7163,0
7164,1
7165,0
7166,5
7167,1
7168,5
7169,2
7170,0
7171,5
7172,0
7173,5
7174,1
7175,5
7176,4
7177,0
7178,0
7179,1
7180,1
7181,1
7182,2
7183,3
7184,0
7185,0
7186,0
7187,0
7188,5
7189,1
7190,0
7191,2
7192,1
7193,0
7194,5
7195,0
7196,4
7197,0
7198,5
7199,1
7200,4
7201,5
7202,0
7203,5
7204,0
7205,3
7206,2
7207,1
7208,4
7209,0
7210,0
7211,0
7212,1
7213,5
7214,5
7215,0
7216,1
7217,0
7218,5
7219,0
7220,5
7221,5
7222,0
7223,3
7224,1
7225,0
7226,3
7227,1
7228,0
7229,0
7230,2
7231,0
7232,2
7233,0
7234,0
7235,1
7236,5
7237,0
7238,4
7239,0
7240,0
7241,0
7242,0
7243,1
7244,0
7245,2
7246,0
7247,2
7248,1
7249,5
7250,2
7251,1
7252,0
7253,0
7254,1
7255,1
7256,0
7257,1
7258,1
7259,0
7260,3
7261,0
7262,0
7263,0
7264,0
7265,0
7266,0
7267,1
7268,4
7269,0
7270,0
7271,5
7272,0
7273,2
7274,0
7275,1
7276,2
7277,0
7278,0
7279,4
7280,1
7281,5
7282,5
7283,0
7284,0
7285,1
7286,0
7287,5
7288,5
7289,0
7290,4
7291,4
7292,5
7293,5
7294,5
7295,3
7296,2
7297,0
7298,5
7299,0
7300,5
7301,0
7302,0
7303,5
7304,5
7305,0
7306,1
7307,2
7308,0
7309,0
7310,0
7311,0
7312,1
7313,0
7314,0
7315,0
7316,0
7317,2
7318,1
7319,0
7320,2
7321,0
7322,0
7323,0
7324,0
7325,0
7326,5
7327,0
7328,1
7329,4
7330,0
7331,1
7332,0
7333,0
7334,3
7335,5
7336,0
7337,5
7338,0
7339,1
7340,0
7341,0
7342,4
7343,5
7344,2
7345,0
7346,5
7347,2
7348,0
7349,1
7350,4
7351,0
7352,0
7353,2
7354,5
7355,0
7356,2
7357,6
7358,5
7359,3
7360,4
7361,5
7362,0
7363,5
7364,5
7365,0
7366,4
7367,5
7368,1
7369,4
7370,2
7371,0
7372,2
7373,5
7374,0
7375,2
7376,0
7377,1
7378,5
7379,2
7380,2
7381,0
7382,5
7383,2
7384,0
7385,4
7386,2
7387,0
7388,0
7389,0
7390,0
7391,3
7392,0
7393,5
7394,5
7395,3
7396,0
7397,5
7398,5
7399,0
7400,1
7401,3
7402,0
7403,0
7404,0
7405,2
7406,0
7407,0
7408,4
7409,2
7410,0
7411,5
7412,0
7413,0
7414,0
7415,5
7416,5
7417,0
7418,0
7419,1
7420,0
7421,0
7422,5
7423,0
7424,2
7425,4
7426,5
7427,5
7428,0
7429,0
7430,1
7431,5
7432,0
7433,0
7434,0
7435,1
7436,0
7437,1
7438,5
7439,5
7440,3
7441,0
7442,0
7443,0
7444,0
7445,3
7446,0
7447,0
7448,3
7449,4
7450,0
7451,1
7452,0
7453,0
7454,1
7455,0
7456,5
7457,3
7458,5
7459,1
7460,5
7461,0
7462,5
7463,3
7464,5
7465,0
7466,2
7467,1
7468,0
7469,5
7470,3
7471,4
7472,2
7473,0
7474,0
7475,0
7476,5
7477,0
7478,0
7479,0
7480,0
7481,5
7482,0
7483,5
7484,0
7485,0
7486,1
7487,2
7488,5
7489,5
7490,0
7491,5
7492,4
7493,0
7494,0
7495,5
7496,0
7497,0
7498,2
7499,0
7500,2
7501,5
7502,4
7503,0
7504,5
7505,2
7506,5
7507,0
7508,2
7509,5
7510,2
7511,5
7512,4
7513,0
7514,1
7515,0
7516,0
7517,0
7518,0
7519,1
7520,0
7521,1
7522,5
7523,0
7524,5
7525,5
7526,0
7527,5
7528,0
7529,1
7530,0
7531,0
7532,5
7533,0
7534,0
7535,5
7536,0
7537,1
7538,4
7539,0
7540,0
7541,3
7542,2
7543,0
7544,4
7545,4
7546,0
7547,1
7548,5
7549,1
7550,2
7551,0
7552,0
7553,2
7554,5
7555,2
7556,1
7557,0
7558,0
7559,5
7560,0
7561,0
7562,0
7563,5
7564,0
7565,0
7566,5
7567,0
7568,0
7569,0
7570,0
7571,2
7572,1
7573,5
7574,0
7575,5
7576,0
7577,0
7578,0
7579,0
7580,1
7581,0
7582,0
7583,0
7584,4
7585,0
7586,0
7587,5
7588,3
7589,0
7590,5
7591,0
7592,0
7593,5
7594,0
7595,0
7596,0
7597,5
7598,0
7599,5
7600,5
7601,1
7602,4
7603,0
7604,1
7605,4
7606,0
7607,5
7608,0
7609,0
7610,0
7611,1
7612,5
7613,4
7614,1
7615,5
7616,3
7617,5
7618,0
7619,5
7620,1
7621,1
7622,0
7623,0
7624,5
7625,2
7626,2
7627,5
7628,3
7629,5
7630,0
7631,0
7632,0
7633,2
7634,0
7635,1
7636,1
7637,5
7638,3
7639,5
7640,2
7641,4
7642,1
7643,1
7644,0
7645,0
7646,4
7647,5
7648,1
7649,5
7650,5
7651,3
7652,5
7653,1
7654,4
7655,5
7656,4
7657,0
7658,3
7659,1
7660,5
7661,0
7662,0
7663,0
7664,0
7665,0
7666,0
7667,2
7668,4
7669,0
7670,0
7671,0
7672,5
7673,5
7674,0
7675,0
7676,5
7677,3
7678,0
7679,1
7680,2
7681,1
7682,2
7683,1
7684,5
7685,1
7686,0
7687,1
7688,0
7689,5
7690,5
7691,2
7692,0
7693,0
7694,0
7695,0
7696,0
7697,2
7698,0
7699,5
7700,0
7701,5
7702,5
7703,0
7704,5
7705,0
7706,5
7707,4
7708,0
7709,1
7710,5
7711,5
7712,0
7713,5
7714,0
7715,5
7716,3
7717,0
7718,0
7719,0
7720,1
7721,0
7722,2
7723,0
7724,4
7725,5
7726,5
7727,1
7728,0
7729,2
7730,5
7731,2
7732,1
7733,0
7734,0
7735,2
7736,2
7737,4
7738,0
7739,0
7740,0
7741,0
7742,3
7743,0
7744,5
7745,0
7746,4
7747,0
7748,0
7749,5
7750,2
7751,2
7752,5
7753,1
7754,0
7755,0
7756,0
7757,2
7758,0
7759,0
7760,0
7761,0
7762,5
7763,5
7764,5
7765,5
7766,0
7767,5
7768,0
7769,4
7770,2
7771,5
7772,5
7773,5
7774,1
7775,5
7776,5
7777,0
7778,1
7779,0
7780,0
7781,1
7782,1
7783,2
7784,5
7785,1
7786,3
7787,1
7788,0
7789,0
7790,0
7791,0
7792,5
7793,0
7794,2
7795,2
7796,0
7797,5
7798,0
7799,0
7800,5
7801,4
7802,5
7803,2
7804,0
7805,3
7806,5
7807,4
7808,0
7809,0
7810,0
7811,2
7812,5
7813,0
7814,2
7815,5
7816,0
7817,0
7818,0
7819,1
7820,1
7821,0
7822,5
7823,5
7824,1
7825,3
7826,5
7827,0
7828,0
7829,5
7830,5
7831,5
7832,2
7833,5
7834,0
7835,0
7836,5
7837,5
7838,1
7839,5
7840,0
7841,0
7842,5
7843,0
7844,1
7845,0
7846,0
7847,0
7848,0
7849,1
7850,0
7851,0
7852,5
7853,4
7854,0
7855,0
7856,3
7857,3
7858,5
7859,0
7860,0
7861,5
7862,0
7863,1
7864,5
7865,1
7866,5
7867,3
7868,1
7869,0
7870,1
7871,0
7872,0
7873,0
7874,5
7875,2
7876,0
7877,2
7878,0
7879,5
7880,5
7881,2
7882,1
7883,1
7884,0
7885,0
7886,0
7887,0
7888,1
7889,1
7890,1
7891,2
7892,4
7893,0
7894,3
7895,0
7896,0
7897,1
7898,5
7899,0
7900,2
7901,4
7902,0
7903,0
7904,0
7905,1
7906,4
7907,0
7908,0
7909,4
7910,0
7911,5
7912,5
7913,0
7914,2
7915,4
7916,5
7917,5
7918,6
7919,5
7920,0
7921,0
7922,5
7923,3
7924,2
7925,2
7926,0
7927,3
7928,0
7929,1
7930,5
7931,2
7932,1
7933,0
7934,0
7935,0
7936,0
7937,5
7938,5
7939,0
7940,0
7941,5
7942,1
7943,0
7944,0
7945,2
7946,0
7947,5
7948,3
7949,5
7950,5
7951,0
7952,2
7953,2
7954,1
7955,4
7956,0
7957,0
7958,0
7959,0
7960,0
7961,5
7962,0
7963,5
7964,5
7965,0
7966,3
7967,1
7968,2
7969,5
7970,5
7971,0
7972,3
7973,0
7974,5
7975,0
7976,5
7977,1
7978,0
7979,2
7980,4
7981,5
7982,0
7983,0
7984,5
7985,5
7986,1
7987,0
7988,0
7989,0
7990,2
7991,0
7992,2
7993,0
7994,0
7995,0
7996,5
7997,3
7998,5
7999,5
8000,3
8001,5
8002,3
8003,5
8004,5
8005,3
8006,0
8007,5
8008,0
8009,0
8010,5
8011,2
8012,4
8013,0
8014,0
8015,1
8016,0
8017,2
8018,5
8019,5
8020,0
8021,4
8022,5
8023,2
8024,0
8025,5
8026,5
8027,0
8028,3
8029,0
8030,2
8031,2
8032,0
8033,0
8034,5
8035,0
8036,0
8037,5
8038,1
8039,5
8040,0
8041,5
8042,0
8043,1
8044,0
8045,0
8046,5
8047,1
8048,5
8049,1
8050,3
8051,0
8052,2
8053,1
8054,1
8055,0
8056,5
8057,0
8058,5
8059,2
8060,0
8061,0
8062,5
8063,1
8064,0
8065,0
8066,4
8067,0
8068,5
8069,1
8070,0
8071,0
8072,0
8073,0
8074,5
8075,1
8076,0
8077,5
8078,0
8079,0
8080,2
8081,0
8082,0
8083,2
8084,0
8085,0
8086,3
8087,1
8088,0
8089,0
8090,1
8091,0
8092,0
8093,0
8094,5
8095,0
8096,2
8097,3
8098,5
8099,0
8100,0
8101,0
8102,0
8103,0
8104,1
8105,5
8106,0
8107,0
8108,0
8109,1
8110,5
8111,5
8112,4
8113,0
8114,3
8115,5
8116,5
8117,3
8118,5
8119,3
8120,6
8121,0
8122,0
8123,1
8124,5
8125,0
8126,4
8127,1
8128,4
8129,3
8130,1
8131,4
8132,2
8133,5
8134,0
8135,0
8136,5
8137,0
8138,0
8139,5
8140,2
8141,0
8142,0
8143,0
8144,1
8145,3
8146,4
8147,0
8148,5
8149,2
8150,4
8151,0
8152,5
8153,4
8154,0
8155,0
8156,1
8157,2
8158,1
8159,1
8160,5
8161,5
8162,2
8163,1
8164,4
8165,0
8166,1
8167,1
8168,0
8169,0
8170,5
8171,2
8172,0
8173,2
8174,5
8175,5
8176,1
8177,5
8178,5
8179,0
8180,5
8181,4
8182,0
8183,1
8184,1
8185,2
8186,0
8187,5
8188,1
8189,0
8190,3
8191,5
8192,1
8193,1
8194,2
8195,4
8196,5
8197,3
8198,1
8199,2
8200,0
8201,0
8202,3
8203,0
8204,1
8205,5
8206,0
8207,5
8208,2
8209,0
8210,0
8211,1
8212,4
8213,2
8214,2
8215,0
8216,0
8217,0
8218,0
8219,0
8220,5
8221,5
8222,0
8223,0
8224,4
8225,0
8226,5
8227,0
8228,1
8229,0
8230,0
8231,1
8232,0
8233,0
8234,1
8235,0
8236,5
8237,3
8238,1
8239,5
8240,5
8241,2
8242,0
8243,2
8244,3
8245,5
8246,0
8247,1
8248,3
8249,0
8250,4
8251,0
8252,0
8253,0
8254,0
8255,0
8256,2
8257,0
8258,0
8259,5
8260,4
8261,3
8262,0
8263,0
8264,0
8265,3
8266,2
8267,0
8268,5
8269,0
8270,2
8271,0
8272,0
8273,5
8274,5
8275,3
8276,0
8277,5
8278,0
8279,0
8280,0
8281,0
8282,0
8283,5
8284,0
8285,0
8286,4
8287,5
8288,2
8289,5
8290,0
8291,2
8292,5
8293,0
8294,1
8295,4
8296,2
8297,5
8298,3
8299,4
8300,0
8301,3
8302,3
8303,0
8304,5
8305,3
8306,0
8307,0
8308,0
8309,0
8310,2
8311,5
8312,0
8313,2
8314,0
8315,2
8316,1
8317,5
8318,1
8319,3
8320,0
8321,5
8322,3
8323,0
8324,0
8325,0
8326,2
8327,0
8328,0
8329,5
8330,5
8331,5
8332,0
8333,0
8334,3
8335,0
8336,0
8337,1
8338,0
8339,1
8340,3
8341,0
8342,5
8343,3
8344,0
8345,4
8346,0
8347,3
8348,2
8349,0
8350,0
8351,2
8352,3
8353,5
8354,4
8355,0
8356,5
8357,0
8358,1
8359,2
8360,0
8361,0
8362,0
8363,1
8364,3
8365,5
8366,2
8367,0
8368,3
8369,0
8370,0
8371,5
8372,0
8373,0
8374,5
8375,5
8376,2
8377,1
8378,2
8379,2
8380,2
8381,0
8382,5
8383,5
8384,3
8385,0
8386,2
8387,5
8388,0
8389,0
8390,0
8391,5
8392,0
8393,5
8394,0
8395,0
8396,0
8397,0
8398,5
8399,0
8400,5
8401,4
8402,2
8403,3
8404,2
8405,4
8406,5
8407,0
8408,0
8409,0
8410,1
8411,2
8412,2
8413,5
8414,0
8415,0
8416,5
8417,0
8418,5
8419,2
8420,2
8421,5
8422,2
8423,0
8424,0
8425,0
8426,0
8427,0
8428,1
8429,0
8430,3
8431,0
8432,2
8433,0
8434,5
8435,0
8436,0
8437,0
8438,2
8439,0
8440,5
8441,1
8442,0
8443,5
8444,0
8445,5
8446,1
8447,5
8448,5
8449,3
8450,1
8451,1
8452,0
8453,0
8454,0
8455,2
8456,5
8457,0
8458,0
8459,5
8460,1
8461,0
8462,2
8463,3
8464,0
8465,0
8466,0
8467,0
8468,0
8469,2
8470,0
8471,1
8472,5
8473,2
8474,0
8475,4
8476,4
8477,0
8478,1
8479,5
8480,0
8481,0
8482,5
8483,0
8484,5
8485,0
8486,0
8487,1
8488,0
8489,0
8490,0
8491,0
8492,0
8493,0
8494,0
8495,5
8496,0
8497,5
8498,2
8499,1
8500,4
8501,5
8502,0
8503,2
8504,0
8505,1
8506,1
8507,1
8508,0
8509,0
8510,2
8511,1
8512,5
8513,0
8514,0
8515,3
8516,5
8517,2
8518,1
8519,5
8520,0
8521,2
8522,5
8523,5
8524,0
8525,0
8526,5
8527,0
8528,2
8529,2
8530,0
8531,4
8532,0
8533,0
8534,1
8535,0
8536,0
8537,2
8538,4
8539,4
8540,1
8541,0
8542,2
8543,4
8544,0
8545,2
8546,0
8547,0
8548,3
8549,0
8550,1
8551,5
8552,0
8553,5
8554,2
8555,1
8556,0
8557,0
8558,5
8559,3
8560,0
8561,0
8562,1
8563,5
8564,1
8565,5
8566,2
8567,0
8568,5
8569,2
8570,2
8571,5
8572,0
8573,2
8574,0
8575,4
8576,2
8577,5
8578,0
8579,0
8580,0
8581,5
8582,5
8583,1
8584,5
8585,0
8586,5
8587,0
8588,0
8589,5
8590,1
8591,0
8592,5
8593,0
8594,1
8595,5
8596,0
8597,0
8598,0
8599,0
8600,1
8601,0
8602,0
8603,0
8604,1
8605,5
8606,0
8607,0
8608,0
8609,0
8610,0
8611,0
8612,3
8613,6
8614,0
8615,5
8616,0
8617,0
8618,5
8619,0
8620,1
8621,5
8622,0
8623,5
8624,0
8625,1
8626,0
8627,0
8628,0
8629,1
8630,0
8631,0
8632,0
8633,5
8634,0
8635,5
8636,5
8637,5
8638,5
8639,1
8640,0
8641,3
8642,5
8643,0
8644,2
8645,0
8646,0
8647,5
8648,0
8649,4
8650,0
8651,0
8652,0
8653,0
8654,0
8655,2
8656,1
8657,1
8658,5
8659,0
8660,1
8661,0
8662,0
8663,4
8664,1
8665,0
8666,2
8667,2
8668,0
8669,1
8670,2
8671,2
8672,0
8673,4
8674,0
8675,5
8676,5
8677,0
8678,2
8679,1
8680,0
8681,0
8682,0
8683,0
8684,5
8685,1
8686,1
8687,0
8688,0
8689,0
8690,5
8691,5
8692,0
8693,2
8694,1
8695,0
8696,2
8697,5
8698,0
8699,2
8700,0
8701,4
8702,0
8703,2
8704,0
8705,5
8706,2
8707,4
8708,4
8709,4
8710,3
8711,0
8712,0
8713,5
8714,0
8715,5
8716,2
8717,1
8718,4
8719,0
8720,0
8721,2
8722,5
8723,5
8724,0
8725,0
8726,2
8727,1
8728,5
8729,4
8730,5
8731,0
8732,0
8733,5
8734,0
8735,5
8736,5
8737,4
8738,0
8739,4
8740,4
8741,1
8742,3
8743,0
8744,0
8745,1
8746,0
8747,0
8748,0
8749,0
8750,0
8751,4
8752,1
8753,1
8754,0
8755,0
8756,0
8757,5
8758,0
8759,5
8760,0
8761,0
8762,5
8763,2
8764,5
8765,1
8766,1
8767,0
8768,0
8769,0
8770,0
8771,5
8772,0
8773,4
8774,4
8775,0
8776,3
8777,0
8778,0
8779,0
8780,0
8781,1
8782,5
8783,5
8784,0
8785,5
8786,2
8787,0
8788,1
8789,0
8790,4
8791,4
8792,2
8793,0
8794,5
8795,3
8796,5
8797,5
8798,2
8799,4
8800,0
8801,0
8802,4
8803,5
8804,0
8805,0
8806,0
8807,0
8808,0
8809,0
8810,3
8811,1
8812,1
8813,4
8814,1
8815,0
8816,0
8817,3
8818,0
8819,5
8820,2
8821,5
8822,0
8823,4
8824,0
8825,4
8826,0
8827,0
8828,5
8829,5
8830,6
8831,0
8832,0
8833,0
8834,3
8835,0
8836,5
8837,0
8838,0
8839,2
8840,4
8841,5
8842,3
8843,3
8844,1
8845,2
8846,3
8847,2
8848,0
8849,4
8850,0
8851,1
8852,1
8853,1
8854,0
8855,0
8856,0
8857,0
8858,0
8859,0
8860,0
8861,5
8862,2
8863,1
8864,5
8865,0
8866,0
8867,1
8868,0
8869,5
8870,2
8871,4
8872,0
8873,5
8874,4
8875,0
8876,0
8877,0
8878,5
8879,5
8880,1
8881,0
8882,5
8883,0
8884,5
8885,0
8886,4
8887,4
8888,2
8889,5
8890,0
8891,0
8892,1
8893,1
8894,1
8895,5
8896,1
8897,0
8898,2
8899,0
8900,5
8901,1
8902,0
8903,0
8904,0
8905,2
8906,4
8907,0
8908,0
8909,0
8910,3
8911,4
8912,1
8913,2
8914,0
8915,0
8916,5
8917,0
8918,2
8919,2
8920,0
8921,0
8922,5
8923,3
8924,1
8925,5
8926,0
8927,0
8928,5
8929,3
8930,0
8931,0
8932,5
8933,4
8934,1
8935,5
8936,0
8937,4
8938,0
8939,1
8940,0
8941,1
8942,0
8943,0
8944,2
8945,2
8946,0
8947,1
8948,0
8949,0
8950,5
8951,0
8952,1
8953,3
8954,5
8955,0
8956,0
8957,5
8958,2
8959,5
8960,0
8961,4
8962,4
8963,1
8964,0
8965,0
8966,4
8967,0
8968,1
8969,0
8970,5
8971,0
8972,0
8973,5
8974,2
8975,1
8976,1
8977,2
8978,0
8979,0
8980,2
8981,0
8982,0
8983,0
8984,2
8985,5
8986,4
8987,2
8988,0
8989,2
8990,3
8991,4
8992,0
8993,0
8994,5
8995,5
8996,3
8997,0
8998,5
8999,0
9000,2
9001,2
9002,0
9003,2
9004,3
9005,0
9006,0
9007,2
9008,5
9009,2
9010,0
9011,0
9012,5
9013,2
9014,1
9015,1
9016,0
9017,5
9018,0
9019,1
9020,0
9021,2
9022,3
9023,1
9024,5
9025,4
9026,1
9027,1
9028,5
9029,0
9030,5
9031,5
9032,0
9033,5
9034,5
9035,2
9036,5
9037,0
9038,5
9039,5
9040,5
9041,5
9042,4
9043,1
9044,3
9045,1
9046,4
9047,5
9048,5
9049,0
9050,1
9051,2
9052,4
9053,3
9054,0
9055,5
9056,5
9057,0
9058,0
9059,5
9060,4
9061,5
9062,1
9063,5
9064,0
9065,1
9066,0
9067,0
9068,1
9069,5
9070,5
9071,5
9072,5
9073,0
9074,0
9075,4
9076,0
9077,3
9078,1
9079,0
9080,5
9081,5
9082,5
9083,0
9084,0
9085,0
9086,3
9087,0
9088,0
9089,4
9090,0
9091,5
9092,4
9093,1
9094,0
9095,0
9096,3
9097,4
9098,4
9099,3
9100,5
9101,1
9102,2
9103,1
9104,0
9105,5
9106,0
9107,1
9108,0
9109,5
9110,5
9111,5
9112,5
9113,3
9114,4
9115,5
9116,5
9117,0
9118,0
9119,0
9120,5
9121,0
9122,4
9123,5
9124,3
9125,5
9126,3
9127,0
9128,0
9129,0
9130,0
9131,0
9132,0
9133,0
9134,4
9135,5
9136,1
9137,0
9138,0
9139,1
9140,0
9141,3
9142,0
9143,1
9144,1
9145,0
9146,0
9147,5
9148,1
9149,5
9150,1
9151,2
9152,3
9153,0
9154,2
9155,4
9156,0
9157,3
9158,5
9159,0
9160,5
9161,1
9162,1
9163,1
9164,2
9165,0
9166,1
9167,0
9168,0
9169,5
9170,4
9171,0
9172,5
9173,0
9174,2
9175,5
9176,3
9177,5
9178,0
9179,0
9180,5
9181,0
9182,0
9183,1
9184,0
9185,0
9186,0
9187,4
9188,5
9189,5
9190,2
9191,0
9192,5
9193,0
9194,0
9195,0
9196,0
9197,0
9198,0
9199,5
9200,1
9201,1
9202,5
9203,0
9204,1
9205,5
9206,0
9207,5
9208,0
9209,5
9210,1
9211,0
9212,0
9213,1
9214,0
9215,5
9216,1
9217,0
9218,0
9219,4
9220,0
9221,2
9222,2
9223,5
9224,4
9225,0
9226,5
9227,5
9228,0
9229,5
9230,6
9231,1
9232,0
9233,5
9234,6
9235,5
9236,0
9237,5
9238,2
9239,0
9240,0
9241,2
9242,4
9243,0
9244,0
9245,0
9246,0
9247,1
9248,5
9249,0
9250,0
9251,0
9252,4
9253,0
9254,0
9255,0
9256,0
9257,1
9258,5
9259,5
9260,3
9261,0
9262,5
9263,0
9264,1
9265,0
9266,0
9267,5
9268,0
9269,0
9270,2
9271,0
9272,0
9273,1
9274,3
9275,0
9276,3
9277,0
9278,5
9279,0
9280,0
9281,0
9282,1
9283,5
9284,0
9285,0
9286,1
9287,0
9288,5
9289,0
9290,0
9291,4
9292,2
9293,5
9294,1
9295,1
9296,0
9297,0
9298,0
9299,4
9300,2
9301,5
9302,5
9303,1
9304,1
9305,0
9306,2
9307,1
9308,0
9309,0
9310,0
9311,0
9312,4
9313,5
9314,2
9315,5
9316,5
9317,5
9318,2
9319,4
9320,5
9321,2
9322,5
9323,0
9324,0
9325,1
9326,5
9327,0
9328,1
9329,5
9330,0
9331,0
9332,0
9333,0
9334,0
9335,0
9336,3
9337,0
9338,5
9339,0
9340,0
9341,5
9342,0
9343,1
9344,0
9345,1
9346,0
9347,0
9348,5
9349,2
9350,0
9351,1
9352,5
9353,1
9354,0
9355,1
9356,0
9357,0
9358,4
9359,5
9360,0
9361,1
9362,3
9363,0
9364,0
9365,0
9366,1
9367,2
9368,2
9369,5
9370,0
9371,2
9372,0
9373,2
9374,5
9375,0
9376,4
9377,5
9378,4
9379,0
9380,0
9381,5
9382,2
9383,1
9384,4
9385,0
9386,0
9387,0
9388,0
9389,1
9390,5
9391,1
9392,0
9393,0
9394,1
9395,2
9396,0
9397,0
9398,5
9399,0
9400,2
9401,4
9402,4
9403,2
9404,0
9405,3
9406,5
9407,2
9408,1
9409,5
9410,0
9411,1
9412,1
9413,5
9414,5
9415,2
9416,0
9417,1
9418,5
9419,1
9420,0
9421,2
9422,0
9423,0
9424,5
9425,0
9426,1
9427,0
9428,3
9429,5
9430,0
9431,4
9432,0
9433,0
9434,0
9435,5
9436,5
9437,5
9438,3
9439,0
9440,2
9441,2
9442,5
9443,1
9444,0
9445,0
9446,0
9447,0
9448,2
9449,0
9450,1
9451,5
9452,0
9453,5
9454,1
9455,0
9456,0
9457,0
9458,3
9459,5
9460,3
9461,5
9462,5
9463,0
9464,5
9465,2
9466,4
9467,0
9468,5
9469,0
9470,5
9471,4
9472,5
9473,4
9474,2
9475,0
9476,5
9477,0
9478,0
9479,0
9480,0
9481,4
9482,1
9483,0
9484,0
9485,0
9486,5
9487,5
9488,0
9489,0
9490,5
9491,0
9492,5
9493,5
9494,0
9495,0
9496,5
9497,5
9498,1
9499,1
9500,4
9501,1
9502,4
9503,4
9504,3
9505,5
9506,0
9507,1
9508,0
9509,0
9510,5
9511,0
9512,0
9513,1
9514,0
9515,0
9516,4
9517,5
9518,5
9519,5
9520,1
9521,5
9522,2
9523,0
9524,0
9525,0
9526,5
9527,0
9528,0
9529,4
9530,2
9531,5
9532,1
9533,0
9534,5
9535,5
9536,0
9537,4
9538,4
9539,5
9540,4
9541,2
9542,4
9543,5
9544,2
9545,0
9546,5
9547,2
9548,5
9549,5
9550,5
9551,0
9552,3
9553,1
9554,0
9555,5
9556,0
9557,2
9558,5
9559,0
9560,1
9561,0
9562,1
9563,0
9564,2
9565,5
9566,5
9567,2
9568,3
9569,1
9570,0
9571,0
9572,4
9573,0
9574,5
9575,0
9576,0
9577,0
9578,0
9579,5
9580,0
9581,0
9582,3
9583,1
9584,3
9585,0
9586,0
9587,0
9588,0
9589,0
9590,4
9591,2
9592,3
9593,0
9594,0
9595,0
9596,4
9597,2
9598,2
9599,0
9600,0
9601,0
9602,0
9603,2
9604,0
9605,5
9606,5
9607,5
9608,0
9609,1
9610,5
9611,4
9612,0
9613,5
9614,0
9615,5
9616,2
9617,0
9618,5
9619,0
9620,1
9621,5
9622,0
9623,4
9624,4
9625,3
9626,0
9627,5
9628,2
9629,2
9630,2
9631,0
9632,5
9633,0
9634,1
9635,1
9636,5
9637,0
9638,4
9639,0
9640,3
9641,0
9642,2
9643,1
9644,2
9645,0
9646,0
9647,0
9648,4
9649,0
9650,4
9651,5
9652,2
9653,1
9654,4
9655,5
9656,1
9657,5
9658,5
9659,0
9660,0
9661,5
9662,3
9663,0
9664,2
9665,0
9666,3
9667,5
9668,0
9669,1
9670,4
9671,0
9672,2
9673,5
9674,5
9675,0
9676,4
9677,0
9678,0
9679,1
9680,5
9681,5
9682,1
9683,0
9684,0
9685,0
9686,2
9687,1
9688,1
9689,5
9690,0
9691,0
9692,0
9693,3
9694,3
9695,0
9696,0
9697,0
9698,5
9699,0
9700,5
9701,0
9702,0
9703,2
9704,5
9705,5
9706,5
9707,3
9708,2
9709,2
9710,0
9711,0
9712,0
9713,4
9714,2
9715,4
9716,3
9717,2
9718,1
9719,0
9720,3
9721,0
9722,0
9723,0
9724,4
9725,4
9726,5
9727,5
9728,0
9729,5
9730,5
9731,0
9732,0
9733,1
9734,1
9735,5
9736,0
9737,5
9738,4
9739,2
9740,0
9741,5
9742,0
9743,0
9744,0
9745,1
9746,1
9747,1
9748,0
9749,4
9750,0
9751,1
9752,0
9753,4
9754,4
9755,1
9756,0
9757,0
9758,1
9759,0
9760,3
9761,5
9762,4
9763,0
9764,5
9765,4
9766,2
9767,0
9768,0
9769,3
9770,2
9771,0
9772,1
9773,0
9774,0
9775,1
9776,2
9777,0
9778,5
9779,0
9780,5
9781,1
9782,5
9783,2
9784,5
9785,0
9786,0
9787,0
9788,2
9789,5
9790,0
9791,1
9792,0
9793,2
9794,4
9795,0
9796,3
9797,5
9798,0
9799,5
9800,3
9801,2
9802,5
9803,0
9804,1
9805,2
9806,0
9807,4
9808,0
9809,0
9810,5
9811,0
9812,0
9813,0
9814,5
9815,5
9816,1
9817,0
9818,1
9819,3
9820,0
9821,4
9822,0
9823,2
9824,2
9825,0
9826,5
9827,1
9828,5
9829,0
9830,5
9831,2
9832,0
9833,2
9834,0
9835,5
9836,0
9837,4
9838,0
9839,1
9840,5
9841,4
9842,0
9843,5
9844,3
9845,1
9846,5
9847,1
9848,2
9849,5
9850,0
9851,0
9852,1
9853,5
9854,0
9855,5
9856,5
9857,5
9858,2
9859,2
9860,5
9861,5
9862,3
9863,0
9864,5
9865,1
9866,0
9867,1
9868,1
9869,2
9870,5
9871,0
9872,3
9873,5
9874,5
9875,0
9876,0
9877,2
9878,5
9879,0
9880,5
9881,5
9882,4
9883,0
9884,4
9885,4
9886,2
9887,5
9888,1
9889,0
9890,0
9891,3
9892,5
9893,5
9894,5
9895,0
9896,1
9897,4
9898,5
9899,0
9900,0
9901,5
9902,1
9903,0
9904,2
9905,1
9906,2
9907,0
9908,1
9909,5
9910,1
9911,0
9912,5
9913,0
9914,5
9915,0
9916,0
9917,0
9918,5
9919,5
9920,0
9921,0
9922,5
9923,2
9924,5
9925,4
9926,3
9927,2
9928,4
9929,3
9930,5
9931,0
9932,0
9933,5
9934,0
9935,5
9936,1
9937,0
9938,1
9939,2
9940,0
9941,2
9942,4
9943,0
9944,0
9945,1
9946,1
9947,5
9948,0
9949,3
9950,1
9951,2
9952,5
9953,5
9954,0
9955,0
9956,0
9957,2
9958,0
9959,1
9960,1
9961,4
9962,1
9963,5
9964,5
9965,5
9966,0
9967,6
9968,5
9969,5
9970,0
9971,4
9972,0
9973,0
9974,0
9975,0
9976,5
9977,5
9978,4
9979,3
9980,5
9981,4
9982,1
9983,4
9984,0
9985,0
9986,0
9987,0
9988,4
9989,1
9990,0
9991,1
9992,5
9993,3
9994,0
9995,2
9996,0
9997,5
9998,0
9999,2
10000,0
10001,5
10002,5
10003,0
10004,5
10005,5
10006,3
10007,0
10008,0
10009,1
10010,1
10011,5
10012,1
10013,5
10014,0
10015,5
10016,0
10017,0
10018,1
10019,0
10020,3
10021,4
10022,5
10023,0
10024,0
10025,0
10026,0
10027,2
10028,5
10029,3
10030,0
10031,0
10032,0
10033,0
10034,4
10035,2
10036,2
10037,0
10038,0
10039,0
10040,0
10041,5
10042,4
10043,5
10044,2
10045,0
10046,1
10047,0
10048,2
10049,5
10050,2
10051,4
10052,1
10053,4
10054,2
10055,0
10056,0
10057,5
10058,0
10059,0
10060,3
10061,0
10062,0
10063,0
10064,0
10065,0
10066,5
10067,2
10068,0
10069,5
10070,5
10071,2
10072,0
10073,2
10074,0
10075,0
10076,5
10077,5
10078,5
10079,0
10080,3
10081,0
10082,0
10083,4
10084,5
10085,0
10086,1
10087,5
10088,4
10089,5
10090,3
10091,0
10092,1
10093,0
10094,5
10095,1
10096,2
10097,0
10098,0
10099,0
10100,0
10101,0
10102,0
10103,4
10104,0
10105,0
10106,0
10107,2
10108,5
10109,5
10110,5
10111,2
10112,5
10113,0
10114,0
10115,1
10116,0
10117,5
10118,0
10119,5
10120,0
10121,2
10122,1
10123,0
10124,0
10125,0
10126,4
10127,5
10128,5
10129,4
10130,3
10131,1
10132,5
10133,4
10134,5
10135,0
10136,5
10137,1
10138,1
10139,1
10140,0
10141,1
10142,0
10143,4
10144,0
10145,0
10146,5
10147,0
10148,0
10149,2
10150,4
10151,0
10152,5
10153,2
10154,1
10155,5
10156,1
10157,0
10158,2
10159,0
10160,5
10161,0
10162,2
10163,2
10164,1
10165,0
10166,1
10167,5
10168,1
10169,5
10170,1
10171,2
10172,1
10173,0
10174,1
10175,5
10176,2
10177,0
10178,0
10179,0
10180,3
10181,0
10182,2
10183,1
10184,1
10185,0
10186,4
10187,5
10188,4
10189,5
10190,5
10191,0
10192,0
10193,0
10194,5
10195,1
10196,5
10197,5
10198,2
10199,0
10200,2
10201,4
10202,1
10203,0
10204,1
10205,0
10206,2
10207,3
10208,0
10209,6
10210,0
10211,0
10212,5
10213,5
10214,5
10215,1
10216,4
10217,0
10218,0
10219,4
10220,0
10221,0
10222,0
10223,0
10224,1
10225,2
10226,1
10227,0
10228,0
10229,0
10230,0
10231,0
10232,0
10233,4
10234,0
10235,0
10236,4
10237,3
10238,5
10239,5
10240,0
10241,1
10242,2
10243,1
10244,2
10245,5
10246,1
10247,0
10248,0
10249,5
10250,0
10251,0
10252,0
10253,3
10254,2
10255,2
10256,0
10257,0
10258,5
10259,0
10260,3
10261,0
10262,0
10263,0
10264,2
10265,5
10266,0
10267,5
10268,2
10269,0
10270,4
10271,1
10272,5
10273,0
10274,5
10275,5
10276,1
10277,1
10278,5
10279,5
10280,0
10281,0
10282,6
10283,4
10284,0
10285,5
10286,0
10287,5
10288,0
10289,5
10290,0
10291,4
10292,2
10293,4
10294,5
10295,0
10296,5
10297,5
10298,5
10299,0
10300,0
10301,4
10302,2
10303,0
10304,5
10305,5
10306,0
10307,0
10308,1
10309,5
10310,0
10311,0
10312,4
10313,0
10314,2
10315,1
10316,1
10317,0
10318,5
10319,5
10320,0
10321,0
10322,0
10323,5
10324,5
10325,1
10326,1
10327,0
10328,5
10329,1
10330,5
10331,3
10332,0
10333,0
10334,5
10335,0
10336,5
10337,0
10338,2
10339,5
10340,1
10341,1
10342,1
10343,0
10344,3
10345,0
10346,5
10347,5
10348,0
10349,0
10350,2
10351,4
10352,1
10353,0
10354,2
10355,1
10356,0
10357,0
10358,0
10359,5
10360,4
10361,0
10362,1
10363,5
10364,1
10365,5
10366,2
10367,6
10368,5
10369,5
10370,0
10371,5
10372,0
10373,0
10374,3
10375,0
10376,1
10377,2
10378,5
10379,2
10380,1
10381,0
10382,0
10383,5
10384,0
10385,5
10386,0
10387,0
10388,2
10389,5
10390,5
10391,0
10392,5
10393,0
10394,0
10395,0
10396,0
10397,3
10398,1
10399,4
10400,2
10401,0
10402,0
10403,0
10404,1
10405,0
10406,5
10407,1
10408,0
10409,0
10410,5
10411,4
10412,1
10413,5
10414,0
10415,0
10416,2
10417,4
10418,1
10419,4
10420,0
10421,5
10422,4
10423,1
10424,0
10425,5
10426,0
10427,1
10428,5
10429,1
10430,0
10431,5
10432,0
10433,5
10434,0
10435,4
10436,3
10437,0
10438,1
10439,5
10440,5
10441,2
10442,0
10443,1
10444,0
10445,0
10446,5
10447,1
10448,0
10449,1
10450,5
10451,4
10452,5
10453,2
10454,0
10455,5
10456,5
10457,4
10458,5
10459,5
10460,0
10461,5
10462,0
10463,5
10464,3
10465,5
10466,0
10467,0
10468,5
10469,0
10470,5
10471,0
10472,5
10473,5
10474,2
10475,0
10476,1
10477,0
10478,1
10479,0
10480,0
10481,0
10482,5
10483,0
10484,0
10485,5
10486,5
10487,0
10488,0
10489,6
10490,0
10491,5
10492,0
10493,1
10494,0
10495,0
10496,5
10497,0
10498,5
10499,0
10500,2
10501,4
10502,5
10503,5
10504,0
10505,1
10506,5
10507,0
10508,2
10509,2
10510,2
10511,0
10512,0
10513,3
10514,5
10515,0
10516,0
10517,0
10518,5
10519,3
10520,1
10521,1
10522,5
10523,0
10524,0
10525,0
10526,5
10527,2
10528,0
10529,0
10530,5
10531,1
10532,0
10533,0
10534,2
10535,2
10536,1
10537,5
10538,0
10539,0
10540,0
10541,0
10542,4
10543,0
10544,0
10545,2
10546,2
10547,1
10548,0
10549,1
10550,2
10551,5
10552,0
10553,4
10554,0
10555,0
10556,5
10557,0
10558,0
10559,6
10560,4
10561,1
10562,0
10563,0
10564,0
10565,0
10566,0
10567,2
10568,0
10569,5
10570,5
10571,2
10572,5
10573,5
10574,4
10575,3
10576,0
10577,5
10578,3
10579,0
10580,5
10581,0
10582,2
10583,0
10584,0
10585,3
10586,5
10587,0
10588,1
10589,1
10590,3
10591,5
10592,0
10593,0
10594,5
10595,0
10596,0
10597,2
10598,4
10599,4
10600,0
10601,1
10602,5
10603,5
10604,0
10605,2
10606,1
10607,1
10608,0
10609,1
10610,0
10611,2
10612,2
10613,0
10614,0
10615,0
10616,4
10617,2
10618,0
10619,2
10620,0
10621,1
10622,0
10623,4
10624,0
10625,3
10626,0
10627,5
10628,2
10629,0
10630,0
10631,0
10632,5
10633,0
10634,0
10635,5
10636,0
10637,1
10638,0
10639,5
10640,0
10641,1
10642,0
10643,2
10644,5
10645,0
10646,5
10647,0
10648,5
10649,5
10650,0
10651,5
10652,4
10653,0
10654,5
10655,0
10656,0
10657,0
10658,5
10659,5
10660,0
10661,5
10662,0
10663,0
10664,5
10665,0
10666,0
10667,3
10668,0
10669,1
10670,5
10671,3
10672,3
10673,0
10674,0
10675,5
10676,5
10677,0
10678,3
10679,4
10680,0
10681,5
10682,2
10683,2
10684,2
10685,0
10686,1
10687,0
10688,0
10689,4
10690,1
10691,0
10692,0
10693,0
10694,0
10695,2
10696,5
10697,0
10698,0
10699,5
10700,0
10701,2
10702,5
10703,0
10704,1
10705,0
10706,2
10707,4
10708,0
10709,0
10710,0
10711,0
10712,4
10713,1
10714,3
10715,0
10716,2
10717,0
10718,1
10719,5
10720,0
10721,2
10722,1
10723,2
10724,5
10725,0
10726,0
10727,2
10728,4
10729,5
10730,5
10731,2
10732,5
10733,0
10734,1
10735,1
10736,0
10737,5
10738,5
10739,1
10740,0
10741,1
10742,2
10743,0
10744,5
10745,2
10746,2
10747,0
10748,1
10749,0
10750,1
10751,1
10752,4
10753,4
10754,0
10755,5
10756,0
10757,0
10758,0
10759,1
10760,0
10761,5
10762,5
10763,0
10764,5
10765,5
10766,5
10767,4
10768,2
10769,0
10770,2
10771,1
10772,5
10773,0
10774,0
10775,0
10776,0
10777,0
10778,5
10779,0
10780,5
10781,0
10782,1
10783,2
10784,4
10785,0
10786,4
10787,1
10788,5
10789,4
10790,1
10791,0
10792,1
10793,0
10794,2
10795,3
10796,0
10797,5
10798,5
10799,3
10800,2
10801,0
10802,6
10803,0
10804,1
10805,5
10806,0
10807,2
10808,1
10809,0
10810,0
10811,3
10812,0
10813,2
10814,5
10815,2
10816,0
10817,5
10818,4
10819,0
10820,1
10821,5
10822,4
10823,1
10824,0
10825,0
10826,5
10827,1
10828,0
10829,1
10830,0
10831,0
10832,5
10833,0
10834,2
10835,0
10836,1
10837,4
10838,1
10839,5
10840,0
10841,4
10842,0
10843,1
10844,0
10845,0
10846,0
10847,2
10848,0
10849,1
10850,0
10851,1
10852,5
10853,0
10854,5
10855,5
10856,0
10857,0
10858,1
10859,0
10860,1
10861,0
10862,5
10863,5
10864,0
10865,1
10866,0
10867,0
10868,1
10869,5
10870,5
10871,4
10872,2
10873,1
10874,5
10875,0
10876,1
10877,2
10878,0
10879,1
10880,5
10881,2
10882,4
10883,0
10884,0
10885,2
10886,5
10887,0
10888,0
10889,2
10890,2
10891,4
10892,5
10893,5
10894,2
10895,0
10896,5
10897,0
10898,0
10899,4
10900,1
10901,3
10902,0
10903,1
10904,0
10905,0
10906,2
10907,2
10908,0
10909,0
10910,5
10911,5
10912,0
10913,0
10914,0
10915,0
10916,1
10917,0
10918,0
10919,0
10920,5
10921,1
10922,5
10923,5
10924,0
10925,2
10926,2
10927,6
10928,5
10929,5
10930,0
10931,1
10932,2
10933,0
10934,0
10935,5
10936,4
10937,0
10938,0
10939,2
10940,5
10941,0
10942,0
10943,0
10944,0
10945,0
10946,1
10947,5
10948,0
10949,5
10950,1
10951,3
10952,5
10953,1
10954,0
10955,0
10956,1
10957,0
10958,3
10959,0
10960,0
10961,1
10962,2
10963,5
10964,2
10965,1
10966,5
10967,5
10968,0
10969,0
10970,5
10971,1
10972,1
10973,5
10974,0
10975,0
10976,5
10977,0
10978,1
10979,3
10980,0
10981,0
10982,5
10983,2
10984,5
10985,5
10986,1
10987,1
10988,0
10989,2
10990,5
10991,3
10992,0
10993,0
10994,2
10995,1
10996,2
10997,5
10998,5
10999,5
11000,0
11001,0
11002,0
11003,1
11004,0
11005,0
11006,0
11007,0
11008,5
11009,0
11010,2
11011,0
11012,4
11013,0
11014,0
11015,5
11016,0
11017,0
11018,1
11019,5
11020,5
11021,1
11022,5
11023,0
11024,2
11025,2
11026,2
11027,5
11028,0
11029,3
11030,0
11031,5
11032,2
11033,0
11034,5
11035,0
11036,0
11037,5
11038,0
11039,0
11040,1
11041,5
11042,5
11043,5
11044,4
11045,1
11046,0
11047,5
11048,0
11049,2
11050,3
11051,5
11052,1
11053,0
11054,5
11055,2
11056,2
11057,0
11058,0
11059,4
11060,0
11061,1
11062,1
11063,0
11064,4
11065,2
11066,0
11067,0
11068,0
11069,5
11070,0
11071,0
11072,0
11073,0
11074,0
11075,3
11076,2
11077,1
11078,0
11079,2
11080,0
11081,5
11082,1
11083,4
11084,0
11085,5
11086,5
11087,0
11088,0
11089,3
11090,0
11091,0
11092,5
11093,5
11094,0
11095,1
11096,0
11097,2
11098,5
11099,0
11100,0
11101,0
11102,0
11103,2
11104,0
11105,0
11106,0
11107,1
11108,0
11109,1
11110,0
11111,5
11112,3
11113,0
11114,0
11115,4
11116,5
11117,2
11118,0
11119,5
11120,2
11121,0
11122,0
11123,0
11124,5
11125,5
11126,0
11127,1
11128,5
11129,2
11130,1
11131,0
11132,0
11133,0
11134,5
11135,2
11136,5
11137,5
11138,0
11139,4
11140,2
11141,0
11142,1
11143,0
11144,5
11145,2
11146,5
11147,5
11148,2
11149,5
11150,5
11151,1
11152,2
11153,1
11154,0
11155,1
11156,1
11157,3
11158,5
11159,5
11160,0
11161,2
11162,0
11163,0
11164,5
11165,1
11166,5
11167,1
11168,3
11169,1
11170,5
11171,0
11172,2
11173,2
11174,0
11175,5
11176,0
11177,1
11178,0
11179,2
11180,4
11181,5
11182,2
11183,5
11184,1
11185,5
11186,5
11187,5
11188,0
11189,0
11190,5
11191,0
11192,0
11193,2
11194,1
11195,3
11196,5
11197,4
11198,5
11199,5
11200,5
11201,0
11202,1
11203,5
11204,0
11205,0
11206,5
11207,0
11208,0
11209,2
11210,3
11211,0
11212,5
11213,1
11214,0
11215,2
11216,0
11217,0
11218,0
11219,1
11220,0
11221,0
11222,1
11223,4
11224,5
11225,0
11226,0
11227,0
11228,0
11229,0
11230,1
11231,0
11232,5
11233,5
11234,5
11235,3
11236,2
11237,0
11238,0
11239,0
11240,0
11241,5
11242,0
11243,0
11244,3
11245,0
11246,5
11247,2
11248,0
11249,0
11250,4
11251,0
11252,3
11253,6
11254,0
11255,1
11256,3
11257,5
11258,0
11259,0
11260,0
11261,0
11262,0
11263,0
11264,4
11265,5
11266,0
11267,0
11268,0
11269,1
11270,1
11271,5
11272,0
11273,1
11274,5
11275,0
11276,4
11277,5
11278,5
11279,4
11280,4
11281,0
11282,5
11283,0
11284,1
11285,0
11286,1
11287,5
11288,1
11289,5
11290,3
11291,0
11292,5
11293,5
11294,1
11295,4
11296,4
11297,5
11298,4
11299,0
11300,5
11301,5
11302,3
11303,0
11304,1
11305,5
11306,0
11307,0
11308,5
11309,0
11310,1
11311,0
11312,0
11313,0
11314,1
11315,0
11316,5
11317,4
11318,0
11319,5
11320,4
11321,2
11322,0
11323,0
11324,0
11325,0
11326,0
11327,2
11328,2
11329,5
11330,2
11331,5
11332,5
11333,4
11334,0
11335,5
11336,1
11337,0
11338,1
11339,5
11340,3
11341,1
11342,5
11343,5
11344,2
11345,0
11346,0
11347,1
11348,5
11349,0
11350,0
11351,5
11352,0
11353,3
11354,0
11355,4
11356,4
11357,0
11358,0
11359,1
11360,5
11361,0
11362,1
11363,4
11364,0
11365,5
11366,0
11367,4
11368,2
11369,0
11370,0
11371,5
11372,0
11373,3
11374,0
11375,0
11376,2
11377,0
11378,5
11379,0
11380,0
11381,2
11382,1
11383,5
11384,1
11385,2
11386,5
11387,0
11388,0
11389,0
11390,0
11391,5
11392,3
11393,4
11394,4
11395,5
11396,5
11397,0
11398,0
11399,0
11400,3
11401,0
11402,5
11403,5
11404,0
11405,1
11406,5
11407,0
11408,5
11409,3
11410,0
11411,1
11412,5
11413,0
11414,5
11415,0
11416,2
11417,0
11418,0
11419,0
11420,1
11421,0
11422,0
11423,1
11424,2
11425,0
11426,1
11427,5
11428,4
11429,0
11430,0
11431,0
11432,1
11433,5
11434,2
11435,0
11436,2
11437,0
11438,0
11439,0
11440,0
11441,1
11442,0
11443,0
11444,0
11445,5
11446,5
11447,4
11448,0
11449,5
11450,4
11451,4
11452,0
11453,0
11454,0
11455,5
11456,2
11457,1
11458,5
11459,2
11460,5
11461,3
11462,4
11463,5
11464,0
11465,0
11466,2
11467,1
11468,0
11469,3
11470,0
11471,0
11472,5
11473,0
11474,2
11475,1
11476,2
11477,1
11478,3
11479,0
11480,4
11481,5
11482,0
11483,0
11484,0
11485,5
11486,4
11487,3
11488,4
11489,1
11490,0
11491,5
11492,0
11493,0
11494,5
11495,1
11496,3
11497,0
11498,5
11499,0
11500,0
11501,0
11502,0
11503,5
11504,3
11505,5
11506,0
11507,5
11508,4
11509,0
11510,5
11511,5
11512,1
11513,0
11514,5
11515,3
11516,0
11517,2
11518,5
11519,5
11520,0
11521,5
11522,4
11523,0
11524,0
11525,5
11526,1
11527,5
11528,0
11529,0
11530,2
11531,3
11532,0
11533,5
11534,2
11535,0
11536,1
11537,2
11538,5
11539,5
11540,0
11541,1
11542,0
11543,2
11544,2
11545,1
11546,5
11547,4
11548,0
11549,0
11550,0
11551,0
11552,0
11553,0
11554,0
11555,0
11556,0
11557,0
11558,0
11559,0
11560,0
11561,0
11562,5
11563,4
11564,0
11565,1
11566,2
11567,0
11568,0
11569,1
11570,5
11571,0
11572,0
11573,4
11574,5
11575,2
11576,0
11577,0
11578,2
11579,0
11580,0
11581,5
11582,1
11583,1
11584,0
11585,1
11586,0
11587,4
11588,0
11589,5
11590,2
11591,5
11592,5
11593,1
11594,0
11595,0
11596,0
11597,5
11598,5
11599,4
11600,3
11601,0
11602,1
11603,0
11604,0
11605,0
11606,0
11607,1
11608,0
11609,0
11610,5
11611,0
11612,0
11613,1
11614,0
11615,0
11616,1
11617,0
11618,2
11619,1
11620,0
11621,2
11622,4
11623,0
11624,0
11625,0
11626,4
11627,1
11628,0
11629,0
11630,2
11631,0
11632,0
11633,5
11634,1
11635,0
11636,0
11637,2
11638,0
11639,0
11640,3
11641,5
11642,2
11643,5
11644,5
11645,5
11646,3
11647,0
11648,0
11649,2
11650,5
11651,0
11652,2
11653,4
11654,0
11655,4
11656,5
11657,0
11658,2
11659,0
11660,4
11661,6
11662,4
11663,0
11664,2
11665,0
11666,1
11667,3
11668,0
11669,4
11670,1
11671,5
11672,5
11673,1
11674,3
11675,5
11676,2
11677,0
11678,5
11679,2
11680,0
11681,4
11682,1
11683,1
11684,2
11685,0
11686,1
11687,3
11688,0
11689,4
11690,5
11691,0
11692,0
11693,5
11694,5
11695,1
11696,0
11697,0
11698,0
11699,0
11700,0
11701,3
11702,5
11703,5
11704,5
11705,4
11706,5
11707,0
11708,0
11709,2
11710,0
11711,0
11712,2
11713,0
11714,0
11715,2
11716,5
11717,0
11718,3
11719,3
11720,0
11721,2
11722,0
11723,0
11724,0
11725,4
11726,5
11727,1
11728,1
11729,5
11730,0
11731,0
11732,5
11733,5
11734,3
11735,0
11736,0
11737,3
11738,1
11739,5
11740,1
11741,0
11742,1
11743,0
11744,5
11745,0
11746,0
11747,1
11748,0
11749,2
11750,0
11751,0
11752,5
11753,5
11754,5
11755,1
11756,3
11757,5
11758,0
11759,0
11760,0
11761,5
11762,1
11763,2
11764,1
11765,2
11766,1
11767,5
11768,1
11769,0
11770,0
11771,5
11772,0
11773,1
11774,1
11775,0
11776,4
11777,2
11778,5
11779,5
11780,1
11781,5
11782,2
11783,2
11784,0
11785,1
11786,1
11787,0
11788,0
11789,4
11790,0
11791,2
11792,0
11793,5
11794,0
11795,0
11796,4
11797,0
11798,0
11799,0
11800,5
11801,0
11802,0
11803,3
11804,0
11805,0
11806,0
11807,5
11808,0
11809,5
11810,0
11811,5
11812,1
11813,0
11814,5
11815,4
11816,1
11817,5
11818,0
11819,0
11820,0
11821,0
11822,5
11823,5
11824,3
11825,0
11826,2
11827,0
11828,1
11829,0
11830,1
11831,0
11832,5
11833,0
11834,0
11835,0
11836,0
11837,0
11838,0
11839,0
11840,2
11841,2
11842,5
11843,5
11844,0
11845,4
11846,4
11847,0
11848,1
11849,2
11850,0
11851,5
11852,0
11853,1
11854,3
11855,5
11856,0
11857,2
11858,2
11859,5
11860,1
11861,4
11862,0
11863,0
11864,0
11865,5
11866,0
11867,0
11868,5
11869,0
11870,1
11871,1
11872,5
11873,0
11874,0
11875,2
11876,0
11877,4
11878,5
11879,2
11880,0
11881,5
11882,5
11883,0
11884,2
11885,0
11886,5
11887,2
11888,1
11889,0
11890,3
11891,0
11892,0
11893,0
11894,2
11895,2
11896,5
11897,2
11898,5
11899,5
11900,0
11901,0
11902,0
11903,4
11904,5
11905,0
11906,3
11907,2
11908,5
11909,1
11910,5
11911,5
11912,0
11913,2
11914,2
11915,0
11916,0
11917,5
11918,5
11919,0
11920,5
11921,0
11922,1
11923,0
11924,0
11925,2
11926,5
11927,0
11928,0
11929,0
11930,0
11931,2
11932,0
11933,1
11934,0
11935,2
11936,4
11937,0
11938,0
11939,1
11940,3
11941,0
11942,0
11943,5
11944,2
11945,2
11946,0
11947,3
11948,1
11949,2
11950,0
11951,2
11952,5
11953,0
11954,4
11955,5
11956,3
11957,2
11958,0
11959,5
11960,6
11961,0
11962,0
11963,0
11964,0
11965,0
11966,5
11967,0
11968,2
11969,5
11970,0
11971,0
11972,5
11973,2
11974,5
11975,5
11976,2
11977,0
11978,0
11979,0
11980,0
11981,2
11982,1
11983,0
11984,0
11985,0
11986,3
11987,0
11988,5
11989,5
11990,3
11991,0
11992,5
11993,0
11994,5
11995,5
11996,5
11997,5
11998,0
11999,0
12000,5
12001,4
12002,5
12003,0
12004,5
12005,0
12006,0
12007,0
12008,0
12009,0
12010,3
12011,5
12012,0
12013,2
12014,0
12015,0
12016,0
12017,3
12018,0
12019,0
12020,0
12021,2
12022,5
12023,1
12024,0
12025,0
12026,1
12027,0
12028,1
12029,5
12030,5
12031,0
12032,5
12033,0
12034,0
12035,5
12036,1
12037,1
12038,0
12039,5
12040,0
12041,0
12042,0
12043,5
12044,2
12045,1
12046,4
12047,0
12048,2
12049,2
12050,5
12051,0
12052,5
12053,1
12054,5
12055,4
12056,5
12057,1
12058,0
12059,2
12060,5
12061,0
12062,5
12063,5
12064,5
12065,5
12066,5
12067,1
12068,0
12069,5
12070,1
12071,0
12072,0
12073,0
12074,0
12075,1
12076,0
12077,5
12078,0
12079,0
12080,5
12081,4
12082,2
12083,4
12084,0
12085,5
12086,1
12087,3
12088,0
12089,1
12090,0
12091,1
12092,0
12093,1
12094,1
12095,1
12096,5
12097,0
12098,5
12099,0
12100,0
12101,4
12102,0
12103,1
12104,1
12105,0
12106,5
12107,0
12108,0
12109,3
12110,1
12111,5
12112,5
12113,5
12114,0
12115,4
12116,5
12117,1
12118,2
12119,2
12120,1
12121,5
12122,5
12123,2
12124,0
12125,2
12126,1
12127,2
12128,1
12129,0
12130,1
12131,1
12132,0
12133,5
12134,0
12135,4
12136,0
12137,1
12138,0
12139,0
12140,0
12141,0
12142,5
12143,0
12144,4
12145,4
12146,5
12147,3
12148,0
12149,0
12150,2
12151,0
12152,1
12153,5
12154,2
12155,0
12156,5
12157,0
12158,1
12159,2
12160,0
12161,0
12162,1
12163,5
12164,5
12165,0
12166,1
12167,2
12168,5
12169,5
12170,5
12171,0
12172,0
12173,0
12174,0
12175,0
12176,5
12177,5
12178,2
12179,4
12180,1
12181,0
12182,1
12183,0
12184,2
12185,5
12186,5
12187,1
12188,5
12189,0
12190,0
12191,1
12192,2
12193,0
12194,0
12195,0
12196,2
12197,0
12198,0
12199,3
12200,2
12201,5
12202,0
12203,2
12204,0
12205,2
12206,2
12207,0
12208,0
12209,5
12210,1
12211,2
12212,2
12213,5
12214,1
12215,1
12216,0
12217,1
12218,5
12219,1
12220,5
12221,2
12222,0
12223,0
12224,1
12225,1
12226,0
12227,0
12228,1
12229,0
12230,2
12231,0
12232,4
12233,0
12234,0
12235,0
12236,1
12237,0
12238,0
12239,0
12240,5
12241,0
12242,5
12243,1
12244,0
12245,2
12246,5
12247,0
12248,0
12249,0
12250,5
12251,5
12252,0
12253,1
12254,1
12255,4
12256,0
12257,4
12258,0
12259,0
12260,5
12261,5
12262,2
12263,1
12264,0
12265,0
12266,2
12267,0
12268,5
12269,0
12270,3
12271,1
12272,5
12273,0
12274,0
12275,0
12276,0
12277,1
12278,2
12279,0
12280,0
12281,4
12282,1
12283,5
12284,0
12285,1
12286,4
12287,5
12288,1
12289,2
12290,5
12291,2
12292,5
12293,0
12294,4
12295,2
12296,5
12297,1
12298,5
12299,0
12300,0
12301,5
12302,4
12303,1
12304,1
12305,5
12306,5
12307,2
12308,0
12309,4
12310,0
12311,2
12312,5
12313,3
12314,4
12315,1
12316,0
12317,0
12318,3
12319,0
12320,0
12321,0
12322,5
12323,4
12324,0
12325,5
12326,5
12327,5
12328,0
12329,5
12330,2
12331,5
12332,0
12333,1
12334,5
12335,4
12336,0
12337,0
12338,5
12339,0
12340,0
12341,0
12342,0
12343,0
12344,4
12345,5
12346,2
12347,5
12348,1
12349,0
12350,0
12351,0
12352,0
12353,5
12354,0
12355,0
12356,0
12357,0
12358,0
12359,2
12360,1
12361,0
12362,1
12363,0
12364,0
12365,5
12366,2
12367,5
12368,1
12369,4
12370,6
12371,0
12372,0
12373,0
12374,5
12375,0
12376,5
12377,0
12378,5
12379,2
12380,0
12381,1
12382,0
12383,0
12384,0
12385,1
12386,5
12387,2
12388,0
12389,4
12390,1
12391,0
12392,2
12393,0
12394,6
12395,4
12396,5
12397,5
12398,2
12399,3
12400,0
12401,0
12402,0
12403,2
12404,5
12405,4
12406,5
12407,1
12408,1
12409,3
12410,0
12411,4
12412,5
12413,3
12414,0
12415,1
12416,3
12417,3
12418,0
12419,1
12420,5
12421,2
12422,0
12423,5
12424,3
12425,1
12426,0
12427,1
12428,1
12429,0
12430,2
12431,1
12432,0
12433,0
12434,2
12435,0
12436,0
12437,0
12438,5
12439,3
12440,0
12441,2
12442,0
12443,2
12444,1
12445,5
12446,4
12447,0
12448,5
12449,0
12450,1
12451,0
12452,1
12453,5
12454,5
12455,0
12456,1
12457,0
12458,2
12459,5
12460,5
12461,0
12462,0
12463,1
12464,0
12465,0
12466,0
12467,5
12468,5
12469,2
12470,5
12471,0
12472,5
12473,2
12474,2
12475,0
12476,2
12477,3
12478,0
12479,5
12480,0
12481,0
12482,0
12483,0
12484,5
12485,5
12486,0
12487,0
12488,0
12489,2
12490,1
12491,1
12492,2
12493,0
12494,0
12495,0
12496,1
12497,5
12498,5
12499,5
12500,5
12501,0
12502,0
12503,1
12504,0
12505,1
12506,0
12507,5
12508,4
12509,0
12510,5
12511,3
12512,2
12513,0
12514,4
12515,0
12516,1
12517,5
12518,3
12519,5
12520,4
12521,0
12522,1
12523,2
12524,1
12525,5
12526,2
12527,4
12528,0
12529,0
12530,0
12531,2
12532,5
12533,5
12534,0
12535,5
12536,0
12537,0
12538,2
12539,1
12540,4
12541,5
12542,5
12543,0
12544,5
12545,2
12546,4
12547,4
12548,3
12549,0
12550,4
12551,2
12552,5
12553,4
12554,2
12555,5
12556,5
12557,5
12558,0
12559,2
12560,5
12561,4
12562,0
12563,0
12564,3
12565,0
12566,5
12567,0
12568,5
12569,3
12570,1
12571,5
12572,1
12573,1
12574,0
12575,0
12576,1
12577,2
12578,0
12579,1
12580,5
12581,0
12582,1
12583,3
12584,0
12585,0
12586,2
12587,4
12588,0
12589,1
12590,0
12591,0
12592,1
12593,0
12594,1
12595,5
12596,0
12597,0
12598,1
12599,0
12600,0
12601,2
12602,0
12603,0
12604,4
12605,5
12606,1
12607,2
12608,5
12609,5
12610,0
12611,5
12612,0
12613,0
12614,0
12615,6
12616,2
12617,0
12618,5
12619,1
12620,5
12621,0
12622,5
12623,0
12624,2
12625,1
12626,5
12627,5
12628,5
12629,1
12630,5
12631,5
12632,0
12633,0
12634,5
12635,0
12636,0
12637,0
12638,5
12639,5
12640,0
12641,5
12642,1
12643,1
12644,0
12645,0
12646,0
12647,0
12648,0
12649,1
12650,0
12651,5
12652,0
12653,5
12654,3
12655,5
12656,5
12657,1
12658,5
12659,0
12660,3
12661,0
12662,4
12663,5
12664,2
12665,2
12666,0
12667,0
12668,3
12669,0
12670,0
12671,2
12672,0
12673,3
12674,0
12675,4
12676,0
12677,2
12678,5
12679,2
12680,0
12681,0
12682,5
12683,0
12684,0
12685,1
12686,5
12687,0
12688,5
12689,1
12690,0
12691,0
12692,2
12693,0
12694,4
12695,0
12696,3
12697,5
12698,1
12699,0
12700,0
12701,5
12702,2
12703,0
12704,0
12705,0
12706,0
12707,1
12708,3
12709,3
12710,4
12711,0
12712,0
12713,1
12714,3
12715,0
12716,2
12717,0
12718,0
12719,1
12720,0
12721,5
12722,5
12723,0
12724,0
12725,0
12726,5
12727,0
12728,2
12729,1
12730,0
12731,5
12732,4
12733,0
12734,2
12735,5
12736,5
12737,4
12738,4
12739,0
12740,2
12741,0
12742,0
12743,5
12744,5
12745,0
12746,0
12747,0
12748,0
12749,2
12750,5
12751,0
12752,1
12753,5
12754,2
12755,0
12756,1
12757,3
12758,1
12759,0
12760,1
12761,0
12762,1
12763,0
12764,5
12765,5
12766,0
12767,0
12768,2
12769,1
12770,4
12771,5
12772,2
12773,2
12774,1
12775,1
12776,1
12777,4
12778,2
12779,0
12780,0
12781,0
12782,3
12783,0
12784,3
12785,0
12786,0
12787,0
12788,5
12789,0
12790,5
12791,5
12792,0
12793,1
12794,2
12795,0
12796,0
12797,4
12798,0
12799,6
12800,5
12801,2
12802,3
12803,0
12804,5
12805,5
12806,1
12807,1
12808,0
12809,0
12810,0
12811,5
12812,1
12813,4
12814,0
12815,5
12816,4
12817,0
12818,0
12819,2
12820,4
12821,0
12822,0
12823,4
12824,3
12825,4
12826,0
12827,0
12828,1
12829,0
12830,0
12831,0
12832,0
12833,0
12834,5
12835,5
12836,0
12837,5
12838,1
12839,5
12840,5
12841,0
12842,0
12843,5
12844,0
12845,1
12846,5
12847,0
12848,5
12849,2
12850,2
12851,1
12852,2
12853,0
12854,2
12855,5
12856,5
12857,2
12858,5
12859,1
12860,5
12861,0
12862,0
12863,0
12864,0
12865,3
12866,0
12867,1
12868,5
12869,0
12870,5
12871,1
12872,1
12873,0
12874,0
12875,0
12876,0
12877,0
12878,0
12879,5
12880,1
12881,0
12882,0
12883,1
12884,0
12885,2
12886,0
12887,3
12888,4
12889,5
12890,0
12891,1
12892,5
12893,0
12894,2
12895,1
12896,4
12897,5
12898,1
12899,0
12900,0
12901,0
12902,5
12903,0
12904,0
12905,0
12906,0
12907,0
12908,5
12909,5
12910,5
12911,5
12912,0
12913,1
12914,3
12915,0
12916,3
12917,2
12918,0
12919,2
12920,0
12921,5
12922,0
12923,4
12924,3
12925,5
12926,2
12927,0
12928,5
12929,5
12930,5
12931,0
12932,0
12933,0
12934,0
12935,3
12936,0
12937,5
12938,2
12939,5
12940,5
12941,0
12942,0
12943,2
12944,5
12945,5
12946,0
12947,1
12948,2
12949,5
12950,4
12951,1
12952,0
12953,2
12954,0
12955,4
12956,2
12957,0
12958,5
12959,3
12960,0
12961,5
12962,5
12963,5
12964,0
12965,5
12966,0
12967,0
12968,0
12969,5
12970,0
12971,0
12972,0
12973,5
12974,4
12975,0
12976,3
12977,0
12978,5
12979,2
12980,5
12981,1
12982,5
12983,1
12984,0
12985,1
12986,3
12987,5
12988,3
12989,5
12990,5
12991,4
12992,0
12993,5
12994,0
12995,4
12996,3
12997,0
12998,1
12999,0
13000,0
13001,2
13002,5
13003,1
13004,1
13005,0
13006,0
13007,0
13008,5
13009,2
13010,0
13011,0
13012,0
13013,0
13014,2
13015,0
13016,1
13017,0
13018,4
13019,1
13020,5
13021,0
13022,1
13023,0
13024,5
13025,1
13026,5
13027,5
13028,0
13029,1
13030,4
13031,5
13032,0
13033,5
13034,5
13035,5
13036,0
13037,2
13038,5
13039,2
13040,2
13041,0
13042,1
13043,5
13044,6
13045,0
13046,0
13047,5
13048,1
13049,3
13050,1
13051,0
13052,5
13053,5
13054,3
13055,0
13056,2
13057,2
13058,2
13059,5
13060,2
13061,0
13062,1
13063,0
13064,0
13065,5
13066,0
13067,5
13068,5
13069,0
13070,2
13071,1
13072,0
13073,0
13074,1
13075,5
13076,4
13077,5
13078,0
13079,1
13080,2
13081,0
13082,5
13083,5
13084,4
13085,2
13086,1
13087,2
13088,0
13089,0
13090,0
13091,1
13092,2
13093,5
13094,1
13095,0
13096,1
13097,5
13098,1
13099,5
13100,2
13101,1
13102,0
13103,0
13104,0
13105,3
13106,1
13107,0
13108,0
13109,2
13110,1
13111,5
13112,1
13113,0
13114,2
13115,4
13116,0
13117,5
13118,0
13119,0
13120,1
13121,5
13122,5
13123,1
13124,1
13125,0
13126,0
13127,1
13128,5
13129,0
13130,1
13131,1
13132,5
13133,0
13134,3
13135,2
13136,0
13137,2
13138,0
13139,1
13140,2
13141,0
13142,0
13143,0
13144,4
13145,5
13146,0
13147,0
13148,4
13149,1
13150,3
13151,0
13152,1
13153,4
13154,5
13155,0
13156,5
13157,0
13158,5
13159,5
13160,0
13161,3
13162,5
13163,1
13164,0
13165,5
13166,6
13167,5
13168,0
13169,5
13170,5
13171,4
13172,1
13173,0
13174,0
13175,2
13176,0
13177,5
13178,0
13179,1
13180,1
13181,2
13182,0
13183,5
13184,1
13185,0
13186,5
13187,0
13188,3
13189,5
13190,5
13191,0
13192,0
13193,1
13194,4
13195,5
13196,0
13197,0
13198,3
13199,5
13200,0
13201,1
13202,4
13203,0
13204,5
13205,0
13206,3
13207,5
13208,5
13209,0
13210,0
13211,1
13212,0
13213,4
13214,4
13215,5
13216,0
13217,4
13218,0
13219,3
13220,1
13221,4
13222,0
13223,0
13224,0
13225,3
13226,5
13227,0
13228,0
13229,0
13230,2
13231,1
13232,0
13233,5
13234,5
13235,0
13236,0
13237,3
13238,0
13239,5
13240,5
13241,2
13242,6
13243,2
13244,0
13245,0
13246,0
13247,5
13248,4
13249,3
13250,1
13251,0
13252,5
13253,3
13254,5
13255,5
13256,2
13257,5
13258,0
13259,5
13260,1
13261,0
13262,4
13263,0
13264,0
13265,5
13266,0
13267,5
13268,3
13269,4
13270,2
13271,5
13272,2
13273,0
13274,1
13275,4
13276,3
13277,3
13278,3
13279,0
13280,5
13281,2
13282,5
13283,2
13284,0
13285,0
13286,1
13287,1
13288,4
13289,0
13290,0
13291,1
13292,0
13293,3
13294,5
13295,0
13296,0
13297,1
13298,0
13299,5
13300,5
13301,0
13302,5
13303,0
13304,0
13305,0
13306,0
13307,4
13308,5
13309,4
13310,1
13311,2
13312,5
13313,5
13314,1
13315,5
13316,0
13317,0
13318,2
13319,1
13320,1
13321,5
13322,0
13323,5
13324,0
13325,2
13326,0
13327,5
13328,5
13329,2
13330,5
13331,5
13332,0
13333,0
13334,5
13335,0
13336,2
13337,0
13338,2
13339,0
13340,4
13341,0
13342,1
13343,1
13344,0
13345,5
13346,3
13347,5
13348,1
13349,2
13350,0
13351,0
13352,1
13353,5
13354,0
13355,0
13356,2
13357,4
13358,0
13359,5
13360,1
13361,0
13362,0
13363,1
13364,1
13365,1
13366,0
13367,0
13368,5
13369,5
13370,5
13371,5
13372,5
13373,2
13374,0
13375,0
13376,4
13377,2
13378,0
13379,5
13380,0
13381,2
13382,0
13383,5
13384,2
13385,5
13386,2
13387,1
13388,0
13389,1
13390,5
13391,5
13392,0
13393,0
13394,0
13395,5
13396,0
13397,2
13398,3
13399,0
13400,1
13401,5
13402,5
13403,0
13404,2
13405,5
13406,5
13407,0
13408,3
13409,5
13410,4
13411,0
13412,5
13413,0
13414,3
13415,0
13416,3
13417,0
13418,1
13419,5
13420,1
13421,5
13422,5
13423,1
13424,5
13425,0
13426,5
13427,0
13428,5
13429,1
13430,5
13431,5
13432,0
13433,0
13434,0
13435,4
13436,5
13437,1
13438,3
13439,0
13440,0
13441,5
13442,2
13443,0
13444,2
13445,5
13446,1
13447,0
13448,0
13449,5
13450,0
13451,1
13452,0
13453,2
13454,0
13455,4
13456,2
13457,0
13458,0
13459,5
13460,4
13461,0
13462,0
13463,5
13464,0
13465,2
13466,5
13467,1
13468,4
13469,2
13470,2
13471,2
13472,0
13473,0
13474,4
13475,0
13476,4
13477,5
13478,2
13479,3
13480,3
13481,0
13482,5
13483,5
13484,0
13485,4
13486,2
13487,0
13488,0
13489,4
13490,0
13491,0
13492,0
13493,0
13494,0
13495,2
13496,5
13497,2
13498,2
13499,0
13500,4
13501,0
13502,0
13503,5
13504,5
13505,5
13506,5
13507,0
13508,0
13509,5
13510,4
13511,1
13512,0
13513,0
13514,4
13515,0
13516,0
13517,0
13518,0
13519,5
13520,4
13521,3
13522,0
13523,0
13524,5
13525,5
13526,5
13527,5
13528,2
13529,0
13530,3
13531,5
13532,0
13533,5
13534,5
13535,0
13536,5
13537,2
13538,2
13539,0
13540,0
13541,0
13542,1
13543,0
13544,3
13545,5
13546,2
13547,1
13548,2
13549,5
13550,0
13551,0
13552,0
13553,5
13554,1
13555,3
13556,2
13557,5
13558,1
13559,0
13560,5
13561,0
13562,1
13563,2
13564,0
13565,5
13566,0
13567,0
13568,0
13569,2
13570,0
13571,2
13572,2
13573,2
13574,3
13575,4
13576,0
13577,5
13578,1
13579,2
13580,0
13581,2
13582,4
13583,0
13584,3
13585,5
13586,0
13587,0
13588,1
13589,0
13590,1
13591,0
13592,0
13593,2
13594,5
13595,5
13596,1
13597,0
13598,0
13599,5
13600,1
13601,0
13602,0
13603,1
13604,0
13605,0
13606,2
13607,5
13608,0
13609,1
13610,0
13611,5
13612,5
13613,3
13614,2
13615,0
13616,0
13617,0
13618,0
13619,0
13620,0
13621,1
13622,0
13623,0
13624,0
13625,3
13626,1
13627,5
13628,4
13629,0
13630,1
13631,3
13632,0
13633,4
13634,4
13635,1
13636,2
13637,2
13638,5
13639,1
13640,0
13641,5
13642,3
13643,5
13644,0
13645,4
13646,2
13647,3
13648,0
13649,0
13650,3
13651,3
13652,0
13653,0
13654,3
13655,3
13656,1
13657,5
13658,0
13659,4
13660,0
13661,2
13662,3
13663,0
13664,0
13665,3
13666,5
13667,2
13668,2
13669,0
13670,0
13671,1
13672,0
13673,1
13674,1
13675,5
13676,0
13677,0
13678,0
13679,5
13680,5
13681,4
13682,0
13683,5
13684,1
13685,0
13686,0
13687,2
13688,5
13689,5
13690,2
13691,5
13692,2
13693,5
13694,5
13695,1
13696,2
13697,0
13698,1
13699,0
13700,5
13701,0
13702,5
13703,2
13704,2
13705,4
13706,4
13707,0
13708,5
13709,0
13710,4
13711,5
13712,0
13713,0
13714,3
13715,1
13716,1
13717,5
13718,5
13719,1
13720,3
13721,2
13722,5
13723,5
13724,1
13725,5
13726,5
13727,5
13728,2
13729,0
13730,0
13731,0
13732,0
13733,0
13734,0
13735,5
13736,5
13737,0
13738,2
13739,0
13740,2
13741,5
13742,4
13743,0
13744,0
13745,2
13746,5
13747,1
13748,0
13749,3
13750,5
13751,2
13752,0
13753,0
13754,5
13755,0
13756,5
13757,0
13758,5
13759,4
13760,1
13761,5
13762,0
13763,2
13764,5
13765,5
13766,0
13767,0
13768,5
13769,4
13770,0
13771,5
13772,0
13773,4
13774,0
13775,5
13776,2
13777,3
13778,5
13779,3
13780,5
13781,0
13782,0
13783,5
13784,0
13785,1
13786,3
13787,1
13788,0
13789,0
13790,0
13791,5
13792,5
13793,0
13794,1
13795,4
13796,5
13797,0
13798,5
13799,1
13800,3
13801,0
13802,0
13803,3
13804,0
13805,5
13806,0
13807,2
13808,4
13809,3
13810,1
13811,1
13812,0
13813,4
13814,3
13815,0
13816,0
13817,5
13818,5
13819,5
13820,1
13821,5
13822,5
13823,0
13824,5
13825,0
13826,5
13827,5
13828,5
13829,5
13830,0
13831,1
13832,2
13833,0
13834,5
13835,4
13836,0
13837,2
13838,3
13839,1
13840,0
13841,5
13842,0
13843,5
13844,2
13845,0
13846,0
13847,2
13848,1
13849,0
13850,5
13851,0
13852,0
13853,2
13854,0
13855,0
13856,0
13857,1
13858,0
13859,5
13860,0
13861,5
13862,0
13863,0
13864,1
13865,5
13866,1
13867,0
13868,0
13869,0
13870,5
13871,5
13872,0
13873,1
13874,5
13875,5
13876,0
13877,1
13878,0
13879,4
13880,5
13881,0
13882,5
13883,5
13884,0
13885,4
13886,1
13887,0
13888,2
13889,0
13890,2
13891,0
13892,0
13893,0
13894,0
13895,1
13896,5
13897,0
13898,0
13899,2
13900,0
13901,0
13902,5
13903,5
13904,0
13905,0
13906,4
13907,5
13908,1
13909,5
13910,0
13911,1
13912,5
13913,0
13914,1
13915,0
13916,0
13917,0
13918,1
13919,0
13920,1
13921,0
13922,0
13923,1
13924,5
13925,4
13926,5
13927,0
13928,0
13929,2
13930,3
13931,1
13932,0
13933,5
13934,0
13935,1
13936,4
13937,1
13938,0
13939,5
13940,0
13941,0
13942,1
13943,4
13944,4
13945,2
13946,5
13947,2
13948,4
13949,2
13950,0
13951,1
13952,1
13953,2
13954,0
13955,1
13956,0
13957,5
13958,0
13959,0
13960,0
13961,2
13962,0
13963,0
13964,0
13965,0
13966,5
13967,0
13968,0
13969,5
13970,1
13971,0
13972,5
13973,3
13974,5
13975,0
13976,1
13977,1
13978,0
13979,0
13980,0
13981,5
13982,0
13983,0
13984,0
13985,4
13986,0
13987,0
13988,1
13989,2
13990,2
13991,5
13992,2
13993,1
13994,5
13995,0
13996,2
13997,0
13998,5
13999,4
14000,1
14001,0
14002,1
14003,0
14004,0
14005,1
14006,5
14007,3
14008,0
14009,2
14010,0
14011,5
14012,3
14013,1
14014,0
14015,0
14016,1
14017,0
14018,0
14019,1
14020,2
14021,5
14022,2
14023,0
14024,0
14025,5
14026,3
14027,5
14028,2
14029,0
14030,0
14031,0
14032,0
14033,1
14034,0
14035,3
14036,0
14037,3
14038,5
14039,5
14040,4
14041,0
14042,5
14043,0
14044,1
14045,1
14046,5
14047,5
14048,0
14049,0
14050,1
14051,0
14052,0
14053,0
14054,0
14055,0
14056,5
14057,0
14058,0
14059,1
14060,0
14061,1
14062,1
14063,4
14064,2
14065,1
14066,2
14067,1
14068,0
14069,5
14070,5
14071,0
14072,3
14073,0
14074,5
14075,2
14076,5
14077,5
14078,0
14079,0
14080,5
14081,0
14082,0
14083,0
14084,4
14085,1
14086,0
14087,0
14088,0
14089,0
14090,0
14091,0
14092,0
14093,0
14094,5
14095,0
14096,2
14097,1
14098,5
14099,5
14100,5
14101,0
14102,0
14103,0
14104,5
14105,0
14106,1
14107,0
14108,1
14109,0
14110,5
14111,0
14112,0
14113,1
14114,0
14115,4
14116,2
14117,3
14118,5
14119,0
14120,5
14121,1
14122,5
14123,5
14124,5
14125,1
14126,5
14127,3
14128,1
14129,1
14130,3
14131,5
14132,0
14133,5
14134,5
14135,0
14136,1
14137,0
14138,0
14139,0
14140,1
14141,0
14142,0
14143,5
14144,4
14145,3
14146,0
14147,2
14148,1
14149,5
14150,0
14151,5
14152,0
14153,5
14154,0
14155,1
14156,0
14157,5
14158,5
14159,1
14160,2
14161,5
14162,0
14163,0
14164,2
14165,3
14166,5
14167,0
14168,0
14169,5
14170,0
14171,2
14172,1
14173,5
14174,1
14175,5
14176,1
14177,5
14178,5
14179,0
14180,0
14181,1
14182,1
14183,0
14184,0
14185,0
14186,0
14187,3
14188,5
14189,0
14190,0
14191,0
14192,1
14193,1
14194,0
14195,2
14196,0
14197,2
14198,1
14199,5
14200,1
14201,0
14202,5
14203,5
14204,2
14205,5
14206,1
14207,2
14208,2
14209,0
14210,1
14211,0
14212,5
14213,0
14214,0
14215,6
14216,2
14217,5
14218,1
14219,0
14220,2
14221,5
14222,5
14223,0
14224,5
14225,5
14226,5
14227,5
14228,5
14229,5
14230,0
14231,5
14232,1
14233,0
14234,0
14235,0
14236,2
14237,5
14238,0
14239,0
14240,5
14241,1
14242,1
14243,0
14244,0
14245,3
14246,5
14247,0
14248,5
14249,1
14250,1
14251,0
14252,3
14253,1
14254,5
14255,0
14256,5
14257,0
14258,5
14259,5
14260,0
14261,3
14262,5
14263,5
14264,2
14265,0
14266,5
14267,1
14268,5
14269,0
14270,0
14271,0
14272,1
14273,0
14274,0
14275,0
14276,2
14277,4
14278,2
14279,0
14280,0
14281,5
14282,2
14283,2
14284,0
14285,0
14286,5
14287,0
14288,5
14289,3
14290,2
14291,2
14292,3
14293,1
14294,0
14295,2
14296,0
14297,5
14298,5
14299,1
14300,5
14301,0
14302,5
14303,4
14304,1
14305,5
14306,0
14307,0
14308,2
14309,0
14310,0
14311,0
14312,1
14313,0
14314,1
14315,2
14316,0
14317,0
14318,0
14319,5
14320,5
14321,0
14322,5
14323,0
14324,2
14325,0
14326,2
14327,2
14328,5
14329,0
14330,0
14331,1
14332,0
14333,0
14334,2
14335,1
14336,1
14337,0
14338,5
14339,0
14340,0
14341,0
14342,0
14343,5
14344,0
14345,5
14346,5
14347,5
14348,1
14349,2
14350,0
14351,0
14352,1
14353,4
14354,5
14355,0
14356,3
14357,0
14358,5
14359,0
14360,0
14361,5
14362,0
14363,5
14364,0
14365,5
14366,3
14367,2
14368,1
14369,1
14370,1
14371,0
14372,2
14373,5
14374,2
14375,5
14376,0
14377,1
14378,5
14379,1
14380,5
14381,0
14382,4
14383,4
14384,0
14385,5
14386,1
14387,0
14388,5
14389,2
14390,2
14391,0
14392,2
14393,5
14394,2
14395,1
14396,0
14397,5
14398,5
14399,5
14400,2
14401,0
14402,4
14403,0
14404,5
14405,5
14406,0
14407,5
14408,4
14409,0
14410,0
14411,3
14412,0
14413,0
14414,0
14415,1
14416,0
14417,1
14418,0
14419,4
14420,0
14421,0
14422,5
14423,1
14424,4
14425,0
14426,0
14427,5
14428,1
14429,1
14430,1
14431,0
14432,1
14433,0
14434,5
14435,0
14436,0
14437,5
14438,3
14439,0
14440,2
14441,0
14442,5
14443,5
14444,1
14445,5
14446,2
14447,2
14448,2
14449,0
14450,0
14451,0
14452,5
14453,0
14454,2
14455,0
14456,5
14457,5
14458,0
14459,1
14460,0
14461,0
14462,0
14463,5
14464,0
14465,0
14466,5
14467,0
14468,5
14469,5
14470,0
14471,5
14472,4
14473,3
14474,5
14475,3
14476,0
14477,3
14478,1
14479,2
14480,1
14481,1
14482,1
14483,0
14484,3
14485,0
14486,0
14487,0
14488,4
14489,0
14490,5
14491,0
14492,0
14493,1
14494,4
14495,5
14496,5
14497,0
14498,3
14499,2
14500,0
14501,0
14502,2
14503,5
14504,1
14505,0
14506,2
14507,0
14508,0
14509,0
14510,5
14511,0
14512,0
14513,0
14514,5
14515,0
14516,3
14517,0
14518,5
14519,0
14520,2
14521,5
14522,5
14523,4
14524,5
14525,4
14526,4
14527,4
14528,1
14529,2
14530,0
14531,2
14532,0
14533,4
14534,4
14535,5
14536,5
14537,0
14538,2
14539,5
14540,0
14541,2
14542,0
14543,0
14544,2
14545,5
14546,4
14547,1
14548,4
14549,0
14550,5
14551,0
14552,5
14553,5
14554,0
14555,5
14556,0
14557,5
14558,2
14559,0
14560,2
14561,2
14562,0
14563,0
14564,0
14565,3
14566,2
14567,0
14568,5
14569,5
14570,0
14571,0
14572,0
14573,5
14574,3
14575,2
14576,0
14577,1
14578,1
14579,3
14580,0
14581,5
14582,5
14583,0
14584,1
14585,4
14586,0
14587,1
14588,0
14589,5
14590,2
14591,0
14592,0
14593,5
14594,4
14595,4
14596,4
14597,4
14598,5
14599,0
14600,5
14601,0
14602,0
14603,1
14604,0
14605,5
14606,2
14607,0
14608,2
14609,0
14610,0
14611,0
14612,0
14613,5
14614,2
14615,0
14616,0
14617,5
14618,5
14619,2
14620,0
14621,0
14622,5
14623,5
14624,3
14625,0
14626,2
14627,1
14628,5
14629,0
14630,0
14631,0
14632,0
14633,0
14634,5
14635,5
14636,5
14637,0
14638,5
14639,2
14640,0
14641,0
14642,0
14643,2
14644,3
14645,2
14646,1
14647,2
14648,0
14649,0
14650,1
14651,5
14652,5
14653,5
14654,5
14655,5
14656,0
14657,2
14658,5
14659,0
14660,2
14661,2
14662,4
14663,1
14664,0
14665,2
14666,0
14667,0
14668,0
14669,0
14670,2
14671,5
14672,1
14673,0
14674,5
14675,2
14676,0
14677,1
14678,0
14679,1
14680,2
14681,0
14682,0
14683,0
14684,0
14685,0
14686,0
14687,5
14688,0
14689,0
14690,3
14691,0
14692,0
14693,0
14694,1
14695,2
14696,0
14697,1
14698,0
14699,0
14700,0
14701,5
14702,5
14703,1
14704,0
14705,0
14706,0
14707,5
14708,0
14709,0
14710,1
14711,2
14712,0
14713,0
14714,5
14715,2
14716,1
14717,5
14718,0
14719,1
14720,1
14721,5
14722,2
14723,0
14724,0
14725,5
14726,0
14727,0
14728,5
14729,0
14730,4
14731,0
14732,3
14733,2
14734,5
14735,0
14736,3
14737,0
14738,0
14739,0
14740,5
14741,5
14742,0
14743,5
14744,3
14745,1
14746,0
14747,0
14748,0
14749,0
14750,2
14751,4
14752,5
14753,1
14754,1
14755,2
14756,0
14757,0
14758,0
14759,5
14760,5
14761,0
14762,0
14763,5
14764,3
14765,5
14766,0
14767,5
14768,5
14769,1
14770,0
14771,1
14772,2
14773,1
14774,5
14775,0
14776,1
14777,5
14778,0
14779,5
14780,0
14781,2
14782,5
14783,0
14784,1
14785,1
14786,5
14787,5
14788,5
14789,2
14790,5
14791,1
14792,2
14793,2
14794,1
14795,5
14796,5
14797,5
14798,2
14799,1
14800,0
14801,2
14802,5
14803,3
14804,5
14805,1
14806,0
14807,1
14808,0
14809,1
14810,5
14811,4
14812,2
14813,0
14814,5
14815,1
14816,5
14817,0
14818,1
14819,2
14820,0
14821,1
14822,0
14823,0
14824,0
14825,1
14826,5
14827,0
14828,5
14829,2
14830,0
14831,0
14832,2
14833,0
14834,1
14835,0
14836,5
14837,5
14838,3
14839,0
14840,4
14841,0
14842,5
14843,0
14844,4
14845,5
14846,0
14847,0
14848,0
14849,4
14850,0
14851,0
14852,1
14853,2
14854,4
14855,3
14856,0
14857,0
14858,2
14859,5
14860,5
14861,0
14862,0
14863,6
14864,0
14865,5
14866,5
14867,5
14868,1
14869,1
14870,0
14871,2
14872,1
14873,0
14874,2
14875,5
14876,0
14877,0
14878,0
14879,2
14880,5
14881,2
14882,0
14883,5
14884,0
14885,5
14886,0
14887,5
14888,5
14889,0
14890,2
14891,2
14892,5
14893,1
14894,2
14895,0
14896,5
14897,0
14898,0
14899,5
14900,5
14901,5
14902,1
14903,1
14904,0
14905,0
14906,1
14907,1
14908,2
14909,5
14910,0
14911,5
14912,4
14913,5
14914,2
14915,1
14916,5
14917,2
14918,2
14919,0
14920,1
14921,2
14922,4
14923,0
14924,0
14925,0
14926,2
14927,2
14928,1
14929,0
14930,0
14931,0
14932,5
14933,0
14934,0
14935,1
14936,5
14937,0
14938,0
14939,0
14940,1
14941,1
14942,0
14943,0
14944,0
14945,5
14946,0
14947,4
14948,1
14949,0
14950,2
14951,0
14952,5
14953,1
14954,5
14955,0
14956,1
14957,1
14958,4
14959,5
14960,4
14961,0
14962,5
14963,0
14964,0
14965,5
14966,1
14967,0
14968,5
14969,1
14970,0
14971,3
14972,1
14973,4
14974,5
14975,2
14976,1
14977,5
14978,3
14979,5
14980,0
14981,0
14982,2
14983,0
14984,0
14985,5
14986,0
14987,1
14988,0
14989,5
14990,0
14991,5
14992,0
14993,0
14994,2
14995,0
14996,4
14997,0
14998,0
14999,0
15000,3
15001,5
15002,0
15003,5
15004,4
15005,5
15006,0
15007,5
15008,3
15009,0
15010,1
15011,0
15012,0
15013,2
15014,0
15015,5
15016,0
15017,2
15018,0
15019,5
15020,0
15021,0
15022,5
15023,5
15024,0
15025,3
15026,2
15027,0
15028,1
15029,5
15030,1
15031,0
15032,0
15033,0
15034,1
15035,5
15036,0
15037,0
15038,5
15039,2
15040,0
15041,0
15042,5
15043,2
15044,1
15045,0
15046,0
15047,5
15048,1
15049,1
15050,4
15051,0
15052,1
15053,0
15054,2
15055,0
15056,0
15057,0
15058,1
15059,4
15060,0
15061,0
15062,5
15063,5
15064,0
15065,1
15066,2
15067,0
15068,1
15069,0
15070,0
15071,0
15072,0
15073,1
15074,4
15075,5
15076,0
15077,2
15078,5
15079,2
15080,0
15081,2
15082,0
15083,0
15084,0
15085,1
15086,0
15087,0
15088,2
15089,5
15090,3
15091,0
15092,5
15093,2
15094,4
15095,0
15096,5
15097,0
15098,0
15099,0
15100,3
15101,5
15102,1
15103,1
15104,2
15105,1
15106,5
15107,0
15108,0
15109,1
15110,0
15111,0
15112,1
15113,0
15114,4
15115,0
15116,0
15117,0
15118,5
15119,0
15120,0
15121,2
15122,4
15123,4
15124,0
15125,3
15126,2
15127,0
15128,5
15129,0
15130,5
15131,5
15132,3
15133,3
15134,1
15135,0
15136,0
15137,1
15138,5
15139,5
15140,1
15141,2
15142,2
15143,5
15144,1
15145,2
15146,2
15147,2
15148,5
15149,2
15150,0
15151,0
15152,0
15153,5
15154,0
15155,3
15156,0
15157,5
15158,5
15159,0
15160,5
15161,1
15162,1
15163,1
15164,0
15165,0
15166,0
15167,0
15168,0
15169,0
15170,1
15171,5
15172,0
15173,1
15174,0
15175,5
15176,1
15177,5
15178,0
15179,1
15180,0
15181,5
15182,0
15183,0
15184,1
15185,2
15186,2
15187,0
15188,0
15189,1
15190,1
15191,5
15192,0
15193,5
15194,0
15195,5
15196,1
15197,3
15198,1
15199,5
15200,5
15201,1
15202,5
15203,0
15204,0
15205,5
15206,6
15207,4
15208,5
15209,3
15210,1
15211,2
15212,5
15213,5
15214,2
15215,2
15216,0
15217,2
15218,0
15219,1
15220,0
15221,2
15222,0
15223,0
15224,0
15225,1
15226,5
15227,5
15228,1
15229,0
15230,0
15231,2
15232,5
15233,0
15234,1
15235,2
15236,2
15237,0
15238,1
15239,0
15240,0
15241,1
15242,5
15243,0
15244,5
15245,3
15246,0
15247,4
15248,2
15249,5
15250,1
15251,2
15252,0
15253,4
15254,2
15255,5
15256,0
15257,0
15258,0
15259,5
15260,0
15261,4
15262,5
15263,1
15264,1
15265,2
15266,0
15267,5
15268,2
15269,0
15270,0
15271,0
15272,2
15273,1
15274,2
15275,4
15276,5
15277,0
15278,5
15279,1
15280,5
15281,0
15282,0
15283,1
15284,3
15285,0
15286,1
15287,5
15288,5
15289,1
15290,5
15291,5
15292,0
15293,5
15294,0
15295,2
15296,0
15297,3
15298,0
15299,0
15300,5
15301,4
15302,0
15303,5
15304,0
15305,2
15306,2
15307,2
15308,0
15309,0
15310,0
15311,0
15312,1
15313,0
15314,0
15315,0
15316,5
15317,0
15318,6
15319,0
15320,5
15321,5
15322,0
15323,1
15324,1
15325,4
15326,1
15327,1
15328,2
15329,5
15330,1
15331,0
15332,1
15333,5
15334,3
15335,0
15336,2
15337,0
15338,5
15339,5
15340,4
15341,2
15342,0
15343,5
15344,0
15345,5
15346,1
15347,0
15348,5
15349,0
15350,0
15351,0
15352,0
15353,5
15354,5
15355,0
15356,5
15357,5
15358,0
15359,5
15360,0
15361,0
15362,0
15363,1
15364,1
15365,0
15366,4
15367,4
15368,3
15369,5
15370,0
15371,0
15372,5
15373,0
15374,2
15375,4
15376,0
15377,0
15378,0
15379,1
15380,1
15381,5
15382,0
15383,2
15384,2
15385,5
15386,3
15387,2
15388,1
15389,1
15390,3
15391,4
15392,5
15393,0
15394,0
15395,5
15396,2
15397,2
15398,5
15399,0
15400,0
15401,5
15402,2
15403,4
15404,4
15405,3
15406,5
15407,1
15408,2
15409,1
15410,2
15411,0
15412,4
15413,5
15414,5
15415,2
15416,2
15417,0
15418,0
15419,0
15420,1
15421,0
15422,2
15423,4
15424,0
15425,0
15426,5
15427,4
15428,2
15429,0
15430,5
15431,0
15432,0
15433,4
15434,1
15435,0
15436,0
15437,5
15438,0
15439,2
15440,0
15441,0
15442,5
15443,0
15444,1
15445,0
15446,0
15447,5
15448,2
15449,0
15450,4
15451,0
15452,4
15453,0
15454,0
15455,1
15456,5
15457,0
15458,5
15459,4
15460,5
15461,4
15462,5
15463,0
15464,1
15465,0
15466,0
15467,5
15468,1
15469,2
15470,1
15471,0
15472,0
15473,0
15474,0
15475,0
15476,2
15477,0
15478,0
15479,0
15480,5
15481,0
15482,0
15483,5
15484,1
15485,1
15486,4
15487,4
15488,0
15489,5
15490,1
15491,2
15492,5
15493,4
15494,5
15495,0
15496,0
15497,1
15498,5
15499,0
15500,0
15501,4
15502,1
15503,1
15504,3
15505,5
15506,1
15507,5
15508,5
15509,1
15510,4
15511,1
15512,3
15513,0
15514,5
15515,5
15516,1
15517,5
15518,0
15519,0
15520,5
15521,1
15522,5
15523,0
15524,0
15525,3
15526,0
15527,5
15528,5
15529,0
15530,0
15531,3
15532,2
15533,0
15534,5
15535,5
15536,0
15537,0
15538,3
15539,5
15540,0
15541,0
15542,2
15543,5
15544,4
15545,1
15546,2
15547,2
15548,0
15549,4
15550,5
15551,0
15552,0
15553,4
15554,5
15555,5
15556,5
15557,1
15558,0
15559,2
15560,0
15561,0
15562,0
15563,4
15564,5
15565,1
15566,0
15567,0
15568,2
15569,2
15570,0
15571,0
15572,0
15573,0
15574,5
15575,0
15576,5
15577,0
15578,5
15579,1
15580,5
15581,0
15582,1
15583,0
15584,0
15585,2
15586,5
15587,5
15588,0
15589,4
15590,5
15591,2
15592,1
15593,3
15594,0
15595,0
15596,3
15597,0
15598,0
15599,0
15600,2
15601,0
15602,0
15603,3
15604,4
15605,3
15606,1
15607,3
15608,0
15609,1
15610,5
15611,5
15612,1
15613,1
15614,2
15615,1
15616,1
15617,2
15618,0
15619,0
15620,0
15621,0
15622,5
15623,0
15624,5
15625,2
15626,3
15627,0
15628,5
15629,0
15630,0
15631,1
15632,0
15633,5
15634,5
15635,0
15636,0
15637,5
15638,1
15639,0
15640,5
15641,4
15642,0
15643,5
15644,1
15645,0
15646,0
15647,1
15648,0
15649,0
15650,5
15651,5
15652,0
15653,3
15654,1
15655,0
15656,0
15657,3
15658,5
15659,0
15660,0
15661,5
15662,5
15663,0
15664,1
15665,5
15666,0
15667,5
15668,0
15669,0
15670,0
15671,4
15672,4
15673,1
15674,2
15675,0
15676,5
15677,5
15678,5
15679,5
15680,2
15681,2
15682,5
15683,0
15684,5
15685,0
15686,2
15687,0
15688,0
15689,0
15690,0
15691,1
15692,1
15693,0
15694,5
15695,1
15696,1
15697,5
15698,0
15699,0
15700,3
15701,0
15702,1
15703,0
15704,0
15705,3
15706,0
15707,0
15708,2
15709,0
15710,0
15711,5
15712,5
15713,0
15714,5
15715,5
15716,0
15717,0
15718,0
15719,0
15720,0
15721,3
15722,0
15723,0
15724,5
15725,0
15726,5
15727,1
15728,2
15729,0
15730,0
15731,0
15732,0
15733,0
15734,0
15735,2
15736,2
15737,2
15738,0
15739,4
15740,0
15741,0
15742,5
15743,0
15744,1
15745,1
15746,0
15747,5
15748,5
15749,6
15750,0
15751,5
15752,2
15753,5
15754,1
15755,0
15756,3
15757,4
15758,0
15759,0
15760,0
15761,5
15762,0
15763,0
15764,5
15765,0
15766,4
15767,0
15768,0
15769,4
15770,2
15771,4
15772,2
15773,2
15774,4
15775,3
15776,1
15777,5
15778,0
15779,5
15780,4
15781,0
15782,1
15783,5
15784,0
15785,0
15786,5
15787,0
15788,0
15789,0
15790,5
15791,0
15792,1
15793,0
15794,1
15795,1
15796,4
15797,1
15798,0
15799,5
15800,0
15801,3
15802,5
15803,0
15804,0
15805,5
15806,0
15807,0
15808,2
15809,2
15810,0
15811,2
15812,0
15813,5
15814,2
15815,1
15816,5
15817,0
15818,4
15819,0
15820,1
15821,5
15822,0
15823,0
15824,1
15825,1
15826,2
15827,0
15828,5
15829,4
15830,5
15831,2
15832,0
15833,1
15834,4
15835,0
15836,2
15837,0
15838,0
15839,0
15840,2
15841,4
15842,5
15843,0
15844,2
15845,5
15846,4
15847,0
15848,5
15849,2
15850,1
15851,5
15852,4
15853,4
15854,0
15855,5
15856,0
15857,5
15858,0
15859,5
15860,2
15861,4
15862,0
15863,3
15864,2
15865,0
15866,5
15867,5
15868,0
15869,5
15870,3
15871,0
15872,4
15873,5
15874,4
15875,1
15876,2
15877,0
15878,0
15879,5
15880,5
15881,4
15882,2
15883,2
15884,0
15885,0
15886,0
15887,2
15888,0
15889,0
15890,5
15891,2
15892,0
15893,0
15894,2
15895,0
15896,0
15897,0
15898,1
15899,3
15900,1
15901,1
15902,0
15903,0
15904,1
15905,0
15906,1
15907,5
15908,0
15909,1
15910,1
15911,0
15912,5
15913,5
15914,1
15915,0
15916,5
15917,2
15918,0
15919,4
15920,3
15921,0
15922,0
15923,4
15924,0
15925,0
15926,0
15927,0
15928,0
15929,0
15930,0
15931,0
15932,2
15933,0
15934,1
15935,3
15936,0
15937,0
15938,0
15939,4
15940,4
15941,0
15942,1
15943,0
15944,5
15945,0
15946,1
15947,5
15948,0
15949,0
15950,0
15951,5
15952,5
15953,1
15954,1
15955,1
15956,1
15957,4
15958,0
15959,2
15960,1
15961,5
15962,0
15963,5
15964,0
15965,0
15966,0
15967,2
15968,0
15969,5
15970,4
15971,0
15972,1
15973,0
15974,0
15975,0
15976,2
15977,2
15978,5
15979,5
15980,4
15981,1
15982,0
15983,0
15984,1
15985,0
15986,4
15987,2
15988,4
15989,5
15990,1
15991,0
15992,5
15993,0
15994,0
15995,5
15996,4
15997,5
15998,0
15999,5
16000,2
16001,5
16002,2
16003,0
16004,2
16005,3
16006,0
16007,1
16008,5
16009,0
16010,5
16011,5
16012,0
16013,5
16014,1
16015,5
16016,0
16017,0
16018,0
16019,1
16020,1
16021,0
16022,5
16023,4
16024,5
16025,1
16026,0
16027,5
16028,5
16029,0
16030,2
16031,5
16032,5
16033,0
16034,0
16035,1
16036,0
16037,0
16038,0
16039,0
16040,0
16041,0
16042,1
16043,5
16044,2
16045,0
16046,2
16047,5
16048,1
16049,0
16050,0
16051,0
16052,2
16053,0
16054,5
16055,5
16056,0
16057,1
16058,0
16059,4
16060,2
16061,1
16062,4
16063,1
16064,0
16065,0
16066,0
16067,1
16068,3
16069,0
16070,3
16071,4
16072,1
16073,5
16074,0
16075,0
16076,2
16077,4
16078,5
16079,1
16080,3
16081,0
16082,5
16083,3
16084,1
16085,1
16086,0
16087,0
16088,2
16089,0
16090,0
16091,2
16092,0
16093,0
16094,2
16095,5
16096,1
16097,0
16098,0
16099,5
16100,0
16101,0
16102,5
16103,3
16104,5
16105,0
16106,1
16107,0
16108,5
16109,2
16110,0
16111,1
16112,1
16113,0
16114,0
16115,0
16116,0
16117,5
16118,3
16119,0
16120,0
16121,1
16122,1
16123,0
16124,2
16125,0
16126,1
16127,3
16128,3
16129,0
16130,6
16131,0
16132,2
16133,0
16134,0
16135,2
16136,0
16137,0
16138,0
16139,4
16140,2
16141,0
16142,0
16143,1
16144,1
16145,2
16146,5
16147,0
16148,0
16149,6
16150,1
16151,1
16152,0
16153,2
16154,0
16155,2
16156,0
16157,5
16158,5
16159,5
16160,0
16161,1
16162,4
16163,1
16164,5
16165,0
16166,0
16167,1
16168,5
16169,5
16170,4
16171,0
16172,0
16173,1
16174,5
16175,0
16176,0
16177,1
16178,0
16179,1
16180,0
16181,3
16182,3
16183,1
16184,0
16185,2
16186,5
16187,5
16188,0
16189,3
16190,5
16191,3
16192,0
16193,1
16194,5
16195,0
16196,5
16197,5
16198,0
16199,1
16200,4
16201,0
16202,0
16203,5
16204,5
16205,2
16206,3
16207,2
16208,0
16209,0
16210,1
16211,0
16212,5
16213,0
16214,5
16215,0
16216,5
16217,0
16218,2
16219,1
16220,2
16221,0
16222,0
16223,5
16224,0
16225,5
16226,3
16227,0
16228,0
16229,1
16230,5
16231,3
16232,4
16233,5
16234,2
16235,5
16236,0
16237,0
16238,5
16239,2
16240,0
16241,5
16242,5
16243,0
16244,0
16245,5
16246,0
16247,0
16248,0
16249,1
16250,5
16251,0
16252,0
16253,0
16254,0
16255,0
16256,5
16257,5
16258,5
16259,0
16260,4
16261,0
16262,0
16263,2
16264,0
16265,5
16266,5
16267,0
16268,5
16269,5
16270,2
16271,1
16272,4
16273,1
16274,0
16275,5
16276,5
16277,5
16278,1
16279,5
16280,5
16281,0
16282,0
16283,1
16284,0
16285,0
16286,0
16287,5
16288,0
16289,4
16290,2
16291,2
16292,0
16293,4
16294,2
16295,0
16296,0
16297,0
16298,4
16299,0
16300,1
16301,0
16302,1
16303,0
16304,0
16305,4
16306,1
16307,1
16308,0
16309,0
16310,3
16311,5
16312,0
16313,2
16314,0
16315,5
16316,1
16317,5
16318,2
16319,5
16320,5
16321,1
16322,0
16323,5
16324,5
16325,5
16326,1
16327,2
16328,1
16329,0
16330,0
16331,0
16332,4
16333,2
16334,2
16335,5
16336,1
16337,4
16338,4
16339,0
16340,0
16341,0
16342,0
16343,0
16344,0
16345,0
16346,1
16347,5
16348,0
16349,2
16350,0
16351,5
16352,5
16353,0
16354,0
16355,5
16356,0
16357,0
16358,0
16359,0
16360,0
16361,0
16362,5
16363,0
16364,5
16365,2
16366,0
16367,0
16368,0
16369,6
16370,5
16371,5
16372,2
16373,1
16374,0
16375,0
16376,0
16377,0
16378,5
16379,1
16380,5
16381,1
16382,0
16383,0
16384,4
16385,5
16386,1
16387,1
16388,1
16389,5
16390,0
16391,0
16392,5
16393,5
16394,5
16395,0
16396,5
16397,0
16398,0
16399,1
16400,4
16401,4
16402,1
16403,3
16404,4
16405,0
16406,0
16407,0
16408,1
16409,5
16410,0
16411,5
16412,0
16413,5
16414,0
16415,0
16416,2
16417,2
16418,5
16419,5
16420,5
16421,0
16422,5
16423,1
16424,5
16425,1
16426,0
16427,5
16428,0
16429,5
16430,0
16431,0
16432,0
16433,0
16434,0
16435,2
16436,5
16437,0
16438,0
16439,0
16440,5
16441,0
16442,0
16443,0
16444,5
16445,5
16446,0
16447,4
16448,0
16449,0
16450,1
16451,4
16452,0
16453,5
16454,5
16455,4
16456,0
16457,4
16458,4
16459,2
16460,5
16461,0
16462,2
16463,1
16464,3
16465,2
16466,5
16467,1
16468,5
16469,2
16470,0
16471,1
16472,0
16473,2
16474,2
16475,2
16476,0
16477,0
16478,0
16479,0
16480,0
16481,0
16482,0
16483,0
16484,0
16485,0
16486,4
16487,5
16488,0
16489,0
16490,0
16491,0
16492,0
16493,5
16494,4
16495,0
16496,0
16497,0
16498,4
16499,5
16500,5
16501,1
16502,0
16503,3
16504,2
16505,0
16506,5
16507,1
16508,5
16509,1
16510,0
16511,2
16512,0
16513,0
16514,2
16515,5
16516,5
16517,0
16518,0
16519,5
16520,5
16521,1
16522,5
16523,0
16524,0
16525,5
16526,5
16527,0
16528,5
16529,2
16530,0
16531,0
16532,4
16533,0
16534,1
16535,1
16536,0
16537,1
16538,1
16539,0
16540,5
16541,0
16542,0
16543,1
16544,0
16545,3
16546,0
16547,5
16548,3
16549,0
16550,0
16551,5
16552,5
16553,0
16554,5
16555,5
16556,0
16557,5
16558,0
16559,0
16560,0
16561,0
16562,5
16563,0
16564,4
16565,4
16566,0
16567,1
16568,5
16569,5
16570,5
16571,3
16572,0
16573,5
16574,0
16575,0
16576,0
16577,0
16578,1
16579,5
16580,3
16581,0
16582,5
16583,0
16584,5
16585,0
16586,0
16587,0
16588,0
16589,0
16590,0
16591,5
16592,2
16593,6
16594,0
16595,0
16596,0
16597,5
16598,1
16599,0
16600,0
16601,5
16602,2
16603,1
16604,2
16605,1
16606,5
16607,2
16608,5
16609,5
16610,1
16611,6
16612,1
16613,0
16614,0
16615,0
16616,0
16617,2
16618,0
16619,1
16620,5
16621,3
16622,0
16623,0
16624,5
16625,3
16626,1
16627,4
16628,0
16629,1
16630,0
16631,2
16632,0
16633,2
16634,2
16635,5
16636,0
16637,1
16638,0
16639,0
16640,5
16641,4
16642,5
16643,5
16644,3
16645,1
16646,0
16647,5
16648,5
16649,2
16650,0
16651,5
16652,1
16653,2
16654,2
16655,5
16656,3
16657,2
16658,0
16659,5
16660,0
16661,1
16662,0
16663,2
16664,5
16665,2
16666,1
16667,0
16668,0
16669,0
16670,1
16671,2
16672,5
16673,0
16674,5
16675,4
16676,2
16677,0
16678,1
16679,5
16680,0
16681,2
16682,0
16683,1
16684,0
16685,0
16686,0
16687,5
16688,0
16689,1
16690,4
16691,0
16692,0
16693,5
16694,5
16695,0
16696,5
16697,0
16698,5
16699,0
16700,5
16701,0
16702,5
16703,0
16704,0
16705,3
16706,0
16707,1
16708,1
16709,1
16710,5
16711,5
16712,1
16713,1
16714,0
16715,0
16716,1
16717,2
16718,0
16719,2
16720,5
16721,6
16722,2
16723,0
16724,4
16725,0
16726,1
16727,5
16728,0
16729,0
16730,4
16731,1
16732,3
16733,5
16734,5
16735,4
16736,0
16737,5
16738,4
16739,1
16740,3
16741,0
16742,0
16743,0
16744,0
16745,5
16746,5
16747,1
16748,5
16749,0
16750,0
16751,3
16752,1
16753,0
16754,3
16755,1
16756,4
16757,2
16758,5
16759,0
16760,5
16761,0
16762,5
16763,5
16764,3
16765,5
16766,1
16767,4
16768,5
16769,5
16770,0
16771,5
16772,1
16773,5
16774,2
16775,0
16776,0
16777,5
16778,2
16779,5
16780,0
16781,1
16782,0
16783,4
16784,0
16785,2
16786,0
16787,2
16788,1
16789,5
16790,5
16791,5
16792,3
16793,0
16794,0
16795,2
16796,4
16797,0
16798,0
16799,2
16800,2
16801,3
16802,5
16803,0
16804,3
16805,5
16806,0
16807,5
16808,5
16809,0
16810,1
16811,0
16812,2
16813,0
16814,0
16815,2
16816,0
16817,0
16818,2
16819,5
16820,0
16821,0
16822,5
16823,0
16824,1
16825,0
16826,1
16827,5
16828,1
16829,5
16830,2
16831,4
16832,0
16833,0
16834,0
16835,0
16836,0
16837,2
16838,0
16839,0
16840,4
16841,0
16842,0
16843,5
16844,5
16845,1
16846,0
16847,5
16848,0
16849,5
16850,0
16851,5
16852,4
16853,0
16854,0
16855,0
16856,0
16857,0
16858,5
16859,2
16860,0
16861,0
16862,0
16863,0
16864,2
16865,5
16866,1
16867,2
16868,0
16869,2
16870,3
16871,4
16872,0
16873,0
16874,0
16875,0
16876,2
16877,2
16878,1
16879,1
16880,5
16881,0
16882,0
16883,1
16884,3
16885,3
16886,0
16887,1
16888,0
16889,5
16890,5
16891,0
16892,0
16893,0
16894,1
16895,0
16896,0
16897,4
16898,1
16899,2
16900,5
16901,0
16902,1
16903,5
16904,0
16905,4
16906,0
16907,2
16908,5
16909,2
16910,1
16911,4
16912,0
16913,2
16914,2
16915,0
16916,0
16917,0
16918,1
16919,4
16920,5
16921,3
16922,5
16923,1
16924,5
16925,0
16926,1
16927,1
16928,0
16929,4
16930,0
16931,0
16932,2
16933,0
16934,0
16935,0
16936,5
16937,0
16938,0
16939,4
16940,1
16941,2
16942,1
16943,0
16944,5
16945,0
16946,4
16947,4
16948,5
16949,0
16950,0
16951,4
16952,4
16953,3
16954,1
16955,4
16956,2
16957,0
16958,5
16959,0
16960,2
16961,0
16962,5
16963,5
16964,1
16965,0
16966,5
16967,2
16968,1
16969,3
16970,5
16971,0
16972,3
16973,1
16974,2
16975,2
16976,5
16977,0
16978,5
16979,1
16980,6
16981,1
16982,3
16983,0
16984,0
16985,0
16986,0
16987,0
16988,1
16989,5
16990,2
16991,3
16992,2
16993,5
16994,3
16995,2
16996,0
16997,0
16998,0
16999,2
17000,0
17001,0
17002,0
17003,0
17004,0
17005,4
17006,0
17007,5
17008,4
17009,5
17010,0
17011,0
17012,0
17013,5
17014,5
17015,4
17016,1
17017,1
17018,0
17019,3
17020,2
17021,0
17022,0
17023,5
17024,3
17025,5
17026,0
17027,5
17028,2
17029,5
17030,5
17031,0
17032,0
17033,2
17034,0
17035,0
17036,0
17037,2
17038,0
17039,0
17040,1
17041,0
17042,0
17043,3
17044,0
17045,0
17046,5
17047,0
17048,1
17049,0
17050,0
17051,5
17052,5
17053,1
17054,5
17055,5
17056,0
17057,0
17058,4
17059,5
17060,4
17061,4
17062,1
17063,5
17064,2
17065,2
17066,0
17067,0
17068,0
17069,0
17070,3
17071,1
17072,4
17073,5
17074,0
17075,0
17076,0
17077,5
17078,0
17079,0
17080,0
17081,0
17082,0
17083,5
17084,0
17085,4
17086,1
17087,4
17088,5
17089,0
17090,3
17091,5
17092,0
17093,1
17094,5
17095,3
17096,5
17097,5
17098,0
17099,0
17100,5
17101,0
17102,0
17103,0
17104,1
17105,0
17106,5
17107,1
17108,0
17109,0
17110,0
17111,0
17112,0
17113,5
17114,0
17115,2
17116,2
17117,5
17118,1
17119,4
17120,0
17121,0
17122,0
17123,0
17124,0
17125,0
17126,1
17127,2
17128,0
17129,0
17130,5
17131,0
17132,5
17133,0
17134,1
17135,1
17136,0
17137,0
17138,5
17139,0
17140,0
17141,5
17142,0
17143,5
17144,1
17145,1
17146,5
17147,0
17148,2
17149,0
17150,3
17151,0
17152,3
17153,2
17154,1
17155,2
17156,5
17157,4
17158,1
17159,1
17160,3
17161,4
17162,0
17163,4
17164,0
17165,0
17166,2
17167,0
17168,0
17169,0
17170,0
17171,5
17172,0
17173,0
17174,5
17175,1
17176,2
17177,0
17178,5
17179,0
17180,5
17181,0
17182,0
17183,2
17184,0
17185,2
17186,1
17187,0
17188,3
17189,2
17190,5
17191,5
17192,1
17193,5
17194,5
17195,5
17196,2
17197,5
17198,2
17199,0
17200,1
17201,0
17202,5
17203,5
17204,5
17205,3
17206,0
17207,2
17208,2
17209,1
17210,5
17211,1
17212,5
17213,0
17214,4
17215,0
17216,0
17217,1
17218,3
17219,3
17220,5
17221,4
17222,5
17223,2
17224,0
17225,1
17226,5
17227,0
17228,4
17229,0
17230,5
17231,5
17232,5
17233,5
17234,5
17235,0
17236,4
17237,0
17238,5
17239,5
17240,2
17241,2
17242,3
17243,4
17244,0
17245,2
17246,5
17247,1
17248,3
17249,5
17250,1
17251,0
17252,2
17253,2
17254,5
17255,2
17256,0
17257,0
17258,4
17259,2
17260,0
17261,5
17262,1
17263,0
17264,5
17265,5
17266,0
17267,0
17268,1
17269,1
17270,5
17271,4
17272,2
17273,5
17274,0
17275,5
17276,0
17277,5
17278,0
17279,5
17280,2
17281,3
17282,0
17283,5
17284,4
17285,5
17286,2
17287,5
17288,2
17289,0
17290,2
17291,5
17292,0
17293,0
17294,4
17295,0
17296,0
17297,0
17298,0
17299,2
17300,0
17301,5
17302,0
17303,1
17304,5
17305,5
17306,5
17307,4
17308,1
17309,2
17310,0
17311,2
17312,0
17313,0
17314,1
17315,0
17316,5
17317,0
17318,0
17319,1
17320,4
17321,0
17322,0
17323,1
17324,0
17325,2
17326,2
17327,5
17328,0
17329,5
17330,0
17331,0
17332,2
17333,3
17334,5
17335,0
17336,1
17337,0
17338,5
17339,0
17340,4
17341,5
17342,5
17343,2
17344,2
17345,4
17346,4
17347,1
17348,0
17349,0
17350,1
17351,5
17352,0
17353,1
17354,0
17355,4
17356,0
17357,4
17358,0
17359,0
17360,3
17361,3
17362,0
17363,0
17364,4
17365,4
17366,3
17367,0
17368,0
17369,0
17370,2
17371,4
17372,0
17373,1
17374,1
17375,6
17376,5
17377,4
17378,0
17379,5
17380,0
17381,5
17382,4
17383,0
17384,0
17385,2
17386,5
17387,5
17388,0
17389,5
17390,4
17391,2
17392,0
17393,0
17394,0
17395,0
17396,0
17397,0
17398,1
17399,0
17400,0
17401,5
17402,5
17403,4
17404,1
17405,2
17406,1
17407,4
17408,0
17409,1
17410,5
17411,0
17412,5
17413,0
17414,5
17415,0
17416,1
17417,1
17418,1
17419,5
17420,2
17421,0
17422,2
17423,0
17424,0
17425,5
17426,5
17427,0
17428,5
17429,0
17430,5
17431,0
17432,0
17433,5
17434,1
17435,0
17436,0
17437,1
17438,0
17439,0
17440,5
17441,2
17442,1
17443,5
17444,2
17445,5
17446,5
17447,0
17448,0
17449,1
17450,5
17451,0
17452,5
17453,0
17454,2
17455,0
17456,4
17457,2
17458,0
17459,0
17460,5
17461,2
17462,0
17463,2
17464,5
17465,5
17466,0
17467,2
17468,0
17469,5
17470,1
17471,0
17472,3
17473,4
17474,0
17475,4
17476,0
17477,3
17478,5
17479,0
17480,5
17481,2
17482,5
17483,5
17484,0
17485,5
17486,0
17487,4
17488,0
17489,0
17490,0
17491,1
17492,4
17493,4
17494,5
17495,0
17496,0
17497,0
17498,0
17499,0
17500,0
17501,0
17502,5
17503,0
17504,5
17505,0
17506,0
17507,2
17508,0
17509,5
17510,1
17511,5
17512,1
17513,0
17514,0
17515,2
17516,3
17517,0
17518,5
17519,0
17520,0
17521,1
17522,5
17523,2
17524,0
17525,1
17526,1
17527,5
17528,1
17529,0
17530,0
17531,5
17532,0
17533,0
17534,5
17535,3
17536,0
17537,0
17538,0
17539,0
17540,1
17541,1
17542,5
17543,1
17544,0
17545,2
17546,6
17547,0
17548,0
17549,0
17550,1
17551,0
17552,0
17553,4
17554,0
17555,0
17556,0
17557,2
17558,2
17559,0
17560,3
17561,5
17562,2
17563,0
17564,4
17565,0
17566,0
17567,0
17568,5
17569,2
17570,0
17571,5
17572,0
17573,4
17574,2
17575,3
17576,1
17577,0
17578,5
17579,5
17580,0
17581,5
17582,5
17583,1
17584,0
17585,4
17586,4
17587,1
17588,5
17589,2
17590,0
17591,0
17592,4
17593,0
17594,1
17595,5
17596,4
17597,0
17598,3
17599,2
17600,5
17601,3
17602,5
17603,4
17604,0
17605,1
17606,0
17607,0
17608,2
17609,0
17610,0
17611,0
17612,5
17613,4
17614,4
17615,4
17616,0
17617,0
17618,0
17619,0
17620,0
17621,0
17622,0
17623,1
17624,2
17625,1
17626,5
17627,0
17628,3
17629,5
17630,5
17631,4
17632,5
17633,0
17634,0
17635,0
17636,0
17637,0
17638,5
17639,2
17640,1
17641,3
17642,0
17643,0
17644,0
17645,3
17646,2
17647,0
17648,0
17649,5
17650,0
17651,1
17652,2
17653,0
17654,5
17655,0
17656,0
17657,2
17658,2
17659,5
17660,0
17661,1
17662,0
17663,0
17664,5
17665,5
17666,5
17667,5
17668,0
17669,3
17670,5
17671,0
17672,0
17673,5
17674,5
17675,1
17676,0
17677,5
17678,0
17679,1
17680,5
17681,1
17682,1
17683,6
17684,5
17685,0
17686,5
17687,1
17688,0
17689,0
17690,0
17691,2
17692,4
17693,2
17694,4
17695,0
17696,0
17697,0
17698,1
17699,0
17700,0
17701,0
17702,3
17703,2
17704,5
17705,2
17706,3
17707,4
17708,2
17709,0
17710,5
17711,0
17712,0
17713,2
17714,1
17715,0
17716,0
17717,5
17718,5
17719,5
17720,0
17721,0
17722,5
17723,0
17724,1
17725,4
17726,5
17727,5
17728,5
17729,0
17730,1
17731,0
17732,4
17733,0
17734,5
17735,0
17736,3
17737,1
17738,1
17739,3
17740,0
17741,0
17742,1
17743,0
17744,1
17745,4
17746,5
17747,0
17748,5
17749,5
17750,5
17751,5
17752,1
17753,0
17754,2
17755,0
17756,0
17757,2
17758,0
17759,5
17760,2
17761,0
17762,0
17763,0
17764,0
17765,2
17766,2
17767,0
17768,0
17769,3
17770,5
17771,5
17772,4
17773,4
17774,0
17775,0
17776,0
17777,0
17778,1
17779,0
17780,0
17781,5
17782,5
17783,0
17784,2
17785,5
17786,0
17787,4
17788,4
17789,5
17790,0
17791,0
17792,5
17793,5
17794,0
17795,5
17796,5
17797,2
17798,0
17799,1
17800,0
17801,5
17802,0
17803,1
17804,1
17805,2
17806,0
17807,0
17808,5
17809,5
17810,3
17811,5
17812,3
17813,5
17814,1
17815,5
17816,0
17817,0
17818,2
17819,2
17820,0
17821,0
17822,0
17823,1
17824,2
17825,0
17826,0
17827,0
17828,4
17829,5
17830,0
17831,2
17832,4
17833,0
17834,0
17835,5
17836,0
17837,4
17838,0
17839,0
17840,5
17841,0
17842,0
17843,3
17844,0
17845,4
17846,5
17847,0
17848,5
17849,3
17850,0
17851,0
17852,0
17853,0
17854,0
17855,5
17856,1
17857,0
17858,4
17859,5
17860,4
17861,5
17862,2
17863,5
17864,2
17865,1
17866,0
17867,0
17868,2
17869,4
17870,4
17871,0
17872,0
17873,5
17874,1
17875,0
17876,1
17877,5
17878,0
17879,4
17880,0
17881,1
17882,5
17883,0
17884,5
17885,5
17886,0
17887,2
17888,0
17889,5
17890,1
17891,0
17892,2
17893,2
17894,5
17895,0
17896,0
17897,1
17898,0
17899,5
17900,0
17901,3
17902,0
17903,0
17904,5
17905,0
17906,5
17907,0
17908,2
17909,0
17910,5
17911,5
17912,5
17913,1
17914,3
17915,0
17916,5
17917,4
17918,3
17919,5
17920,0
17921,0
17922,5
17923,5
17924,1
17925,0
17926,1
17927,0
17928,5
17929,2
17930,0
17931,0
17932,0
17933,0
17934,0
17935,0
17936,2
17937,4
17938,5
17939,4
17940,0
17941,5
17942,0
17943,5
17944,5
17945,5
17946,0
17947,2
17948,2
17949,0
17950,2
17951,0
17952,5
17953,0
17954,0
17955,0
17956,3
17957,5
17958,4
17959,4
17960,2
17961,1
17962,5
17963,1
17964,1
17965,0
17966,3
17967,2
17968,1
17969,2
17970,2
17971,0
17972,2
17973,2
17974,2
17975,0
17976,5
17977,2
17978,5
17979,1
17980,5
17981,1
17982,0
17983,5
17984,2
17985,5
17986,4
17987,0
17988,5
17989,1
17990,5
17991,3
17992,0
17993,5
17994,0
17995,5
17996,0
17997,5
17998,5
17999,3
18000,5
18001,0
18002,0
18003,1
18004,5
18005,1
18006,0
18007,5
18008,5
18009,0
18010,0
18011,0
18012,4
18013,1
18014,5
18015,2
18016,5
18017,5
18018,0
18019,0
18020,5
18021,5
18022,5
18023,0
18024,0
18025,5
18026,1
18027,1
18028,5
18029,4
18030,4
18031,2
18032,5
18033,1
18034,4
18035,5
18036,0
18037,5
18038,0
18039,0
18040,0
18041,1
18042,0
18043,0
18044,5
18045,0
18046,5
18047,5
18048,0
18049,0
18050,1
18051,5
18052,5
18053,5
18054,4
18055,5
18056,5
18057,2
18058,5
18059,0
18060,0
18061,4
18062,5
18063,0
18064,0
18065,2
18066,0
18067,2
18068,0
18069,1
18070,0
18071,5
18072,0
18073,1
18074,2
18075,3
18076,0
18077,2
18078,6
18079,5
18080,1
18081,2
18082,3
18083,1
18084,0
18085,2
18086,2
18087,0
18088,0
18089,0
18090,2
18091,0
18092,0
18093,0
18094,0
18095,1
18096,1
18097,5
18098,0
18099,3
18100,2
18101,0
18102,0
18103,0
18104,5
18105,1
18106,5
18107,0
18108,5
18109,1
18110,0
18111,0
18112,0
18113,2
18114,0
18115,0
18116,0
18117,4
18118,5
18119,2
18120,3
18121,5
18122,0
18123,5
18124,1
18125,5
18126,0
18127,0
18128,0
18129,2
18130,5
18131,0
18132,1
18133,0
18134,5
18135,0
18136,0
18137,0
18138,2
18139,1
18140,2
18141,1
18142,5
18143,2
18144,1
18145,1
18146,3
18147,3
18148,1
18149,5
18150,1
18151,1
18152,0
18153,1
18154,0
18155,2
18156,0
18157,0
18158,3
18159,0
18160,0
18161,5
18162,4
18163,2
18164,0
18165,5
18166,0
18167,2
18168,1
18169,5
18170,0
18171,5
18172,1
18173,2
18174,0
18175,5
18176,0
18177,2
18178,5
18179,5
18180,0
18181,0
18182,0
18183,0
18184,0
18185,0
18186,0
18187,3
18188,5
18189,0
18190,4
18191,5
18192,2
18193,0
18194,0
18195,0
18196,3
18197,0
18198,2
18199,0
18200,0
18201,5
18202,5
18203,0
18204,5
18205,1
18206,5
18207,0
18208,3
18209,4
18210,0
18211,5
18212,0
18213,2
18214,1
18215,1
18216,0
18217,5
18218,1
18219,0
18220,3
18221,0
18222,3
18223,5
18224,5
18225,0
18226,5
18227,0
18228,5
18229,2
18230,5
18231,0
18232,0
18233,4
18234,0
18235,0
18236,1
18237,0
18238,0
18239,5
18240,2
18241,0
18242,0
18243,6
18244,1
18245,0
18246,5
18247,0
18248,2
18249,0
18250,6
18251,5
18252,1
18253,5
18254,5
18255,5
18256,5
18257,5
18258,0
18259,1
18260,1
18261,1
18262,5
18263,5
18264,5
18265,1
18266,1
18267,1
18268,5
18269,1
18270,0
18271,1
18272,0
18273,0
18274,0
18275,0
18276,5
18277,0
18278,1
18279,2
18280,5
18281,0
18282,1
18283,0
18284,0
18285,2
18286,0
18287,0
18288,0
18289,3
18290,5
18291,2
18292,0
18293,0
18294,0
18295,0
18296,0
18297,1
18298,0
18299,5
18300,3
18301,0
18302,0
18303,0
18304,1
18305,5
18306,0
18307,0
18308,2
18309,2
18310,3
18311,1
18312,0
18313,5
18314,2
18315,0
18316,4
18317,1
18318,0
18319,5
18320,4
18321,0
18322,3
18323,0
18324,3
18325,1
18326,5
18327,0
18328,0
18329,0
18330,1
18331,2
18332,1
18333,5
18334,1
18335,1
18336,0
18337,0
18338,5
18339,0
18340,5
18341,0
18342,5
18343,2
18344,0
18345,1
18346,0
18347,2
18348,2
18349,0
18350,0
18351,0
18352,0
18353,0
18354,3
18355,0
18356,1
18357,6
18358,5
18359,5
18360,5
18361,0
18362,0
18363,0
18364,0
18365,0
18366,0
18367,1
18368,2
18369,0
18370,1
18371,0
18372,2
18373,0
18374,2
18375,1
18376,3
18377,0
18378,6
18379,4
18380,0
18381,0
18382,0
18383,2
18384,0
18385,0
18386,0
18387,2
18388,0
18389,1
18390,0
18391,5
18392,0
18393,0
18394,5
18395,1
18396,5
18397,5
18398,0
18399,4
18400,0
18401,4
18402,0
18403,0
18404,6
18405,1
18406,5
18407,5
18408,0
18409,0
18410,5
18411,0
18412,4
18413,4
18414,2
18415,2
18416,0
18417,5
18418,5
18419,5
18420,0
18421,2
18422,1
18423,1
18424,2
18425,0
18426,5
18427,5
18428,3
18429,0
18430,5
18431,2
18432,0
18433,1
18434,5
18435,0
18436,0
18437,0
18438,0
18439,5
18440,1
18441,5
18442,0
18443,1
18444,3
18445,0
18446,5
18447,0
18448,5
18449,3
18450,0
18451,1
18452,0
18453,2
18454,5
18455,1
18456,4
18457,0
18458,3
18459,2
18460,5
18461,5
18462,1
18463,0
18464,5
18465,0
18466,1
18467,1
18468,0
18469,5
18470,0
18471,4
18472,5
18473,0
18474,0
18475,2
18476,3
18477,0
18478,4
18479,0
18480,1
18481,0
18482,2
18483,5
18484,1
18485,0
18486,2
18487,5
18488,5
18489,5
18490,1
18491,0
18492,5
18493,0
18494,1
18495,0
18496,0
18497,1
18498,2
18499,4
18500,3
18501,0
18502,1
18503,5
18504,0
18505,1
18506,1
18507,2
18508,2
18509,2
18510,5
18511,0
18512,0
18513,5
18514,5
18515,0
18516,1
18517,0
18518,2
18519,5
18520,1
18521,2
18522,0
18523,5
18524,0
18525,5
18526,4
18527,5
18528,5
18529,0
18530,5
18531,4
18532,2
18533,0
18534,1
18535,0
18536,5
18537,0
18538,2
18539,4
18540,3
18541,0
18542,2
18543,0
18544,4
18545,1
18546,0
18547,0
18548,4
18549,0
18550,5
18551,5
18552,2
18553,5
18554,5
18555,3
18556,5
18557,4
18558,0
18559,2
18560,2
18561,2
18562,5
18563,4
18564,0
18565,0
18566,0
18567,5
18568,5
18569,0
18570,2
18571,0
18572,2
18573,5
18574,5
18575,2
18576,5
18577,4
18578,1
18579,1
18580,4
18581,5
18582,0
18583,5
18584,5
18585,0
18586,5
18587,2
18588,0
18589,0
18590,0
18591,0
18592,4
18593,0
18594,4
18595,5
18596,0
18597,0
18598,2
18599,0
18600,0
18601,0
18602,0
18603,0
18604,2
18605,2
18606,0
18607,0
18608,2
18609,5
18610,0
18611,5
18612,0
18613,0
18614,1
18615,5
18616,0
18617,2
18618,2
18619,2
18620,4
18621,1
18622,0
18623,4
18624,4
18625,0
18626,0
18627,0
18628,5
18629,1
18630,0
18631,5
18632,1
18633,1
18634,5
18635,2
18636,0
18637,0
18638,0
18639,0
18640,5
18641,0
18642,2
18643,5
18644,0
18645,0
18646,0
18647,0
18648,1
18649,5
18650,3
18651,5
18652,5
18653,2
18654,1
18655,5
18656,1
18657,3
18658,1
18659,5
18660,0
18661,1
18662,0
18663,1
18664,5
18665,4
18666,0
18667,0
18668,1
18669,5
18670,3
18671,1
18672,5
18673,0
18674,2
18675,0
18676,0
18677,2
18678,4
18679,0
18680,0
18681,5
18682,1
18683,0
18684,0
18685,0
18686,1
18687,1
18688,5
18689,0
18690,0
18691,4
18692,3
18693,1
18694,4
18695,3
18696,0
18697,5
18698,0
18699,0
18700,0
18701,0
18702,0
18703,0
18704,2
18705,5
18706,3
18707,4
18708,2
18709,1
18710,5
18711,5
18712,1
18713,0
18714,4
18715,0
18716,3
18717,5
18718,0
18719,1
18720,5
18721,5
18722,2
18723,4
18724,1
18725,0
18726,0
18727,0
18728,5
18729,4
18730,1
18731,5
18732,5
18733,0
18734,2
18735,0
18736,0
18737,0
18738,3
18739,0
18740,3
18741,0
18742,5
18743,0
18744,1
18745,0
18746,0
18747,0
18748,4
18749,1
18750,2
18751,5
18752,0
18753,5
18754,4
18755,0
18756,0
18757,2
18758,5
18759,0
18760,2
18761,0
18762,4
18763,1
18764,0
18765,5
18766,3
18767,1
18768,5
18769,0
18770,4
18771,3
18772,1
18773,1
18774,4
18775,4
18776,5
18777,5
18778,2
18779,0
18780,0
18781,5
18782,1
18783,5
18784,5
18785,5
18786,2
18787,0
18788,5
18789,0
18790,5
18791,4
18792,0
18793,3
18794,5
18795,1
18796,5
18797,0
18798,1
18799,1
18800,0
18801,5
18802,4
18803,5
18804,0
18805,1
18806,0
18807,5
18808,5
18809,4
18810,0
18811,2
18812,0
18813,0
18814,5
18815,0
18816,5
18817,0
18818,0
18819,4
18820,2
18821,0
18822,0
18823,5
18824,5
18825,0
18826,5
18827,0
18828,0
18829,0
18830,1
18831,0
18832,5
18833,5
18834,0
18835,5
18836,5
18837,4
18838,2
18839,0
18840,3
18841,0
18842,0
18843,5
18844,0
18845,3
18846,0
18847,3
18848,0
18849,5
18850,5
18851,0
18852,4
18853,4
18854,5
18855,0
18856,0
18857,1
18858,2
18859,0
18860,5
18861,0
18862,5
18863,0
18864,0
18865,5
18866,2
18867,0
18868,0
18869,2
18870,0
18871,5
18872,0
18873,4
18874,0
18875,1
18876,1
18877,2
18878,0
18879,1
18880,0
18881,5
18882,0
18883,2
18884,5
18885,0
18886,0
18887,0
18888,0
18889,0
18890,4
18891,5
18892,0
18893,0
18894,4
18895,0
18896,2
18897,0
18898,0
18899,0
18900,1
18901,0
18902,4
18903,0
18904,5
18905,4
18906,5
18907,2
18908,2
18909,0
18910,1
18911,0
18912,1
18913,5
18914,5
18915,5
18916,0
18917,0
18918,2
18919,0
18920,3
18921,0
18922,2
18923,0
18924,0
18925,0
18926,5
18927,2
18928,0
18929,5
18930,1
18931,1
18932,0
18933,1
18934,2
18935,3
18936,4
18937,0
18938,2
18939,0
18940,5
18941,0
18942,0
18943,3
18944,0
18945,1
18946,4
18947,1
18948,0
18949,5
18950,0
18951,1
18952,0
18953,0
18954,4
18955,0
18956,0
18957,0
18958,0
18959,0
18960,0
18961,5
18962,0
18963,0
18964,0
18965,2
18966,0
18967,3
18968,0
18969,4
18970,5
18971,2
18972,4
18973,0
18974,0
18975,5
18976,1
18977,0
18978,2
18979,2
18980,5
18981,3
18982,0
18983,5
18984,1
18985,4
18986,0
18987,5
18988,0
18989,0
18990,5
18991,1
18992,0
18993,0
18994,0
18995,1
18996,0
18997,0
18998,0
18999,5
19000,5
19001,0
19002,5
19003,0
19004,5
19005,5
19006,5
19007,4
19008,5
19009,2
19010,1
19011,0
19012,0
19013,0
19014,0
19015,5
19016,0
19017,0
19018,0
19019,0
19020,4
19021,5
19022,0
19023,0
19024,0
19025,1
19026,0
19027,5
19028,1
19029,0
19030,5
19031,0
19032,5
19033,0
19034,0
19035,0
19036,4
19037,0
19038,0
19039,1
19040,1
19041,1
19042,5
19043,0
19044,1
19045,5
19046,0
19047,5
19048,4
19049,5
19050,5
19051,0
19052,0
19053,5
19054,4
19055,1
19056,0
19057,4
19058,2
19059,3
19060,4
19061,0
19062,0
19063,0
19064,1
19065,4
19066,5
19067,2
19068,5
19069,5
19070,0
19071,0
19072,0
19073,0
19074,2
19075,0
19076,0
19077,0
19078,5
19079,3
19080,5
19081,0
19082,5
19083,1
19084,0
19085,2
19086,5
19087,0
19088,0
19089,0
19090,4
19091,0
19092,2
19093,0
19094,5
19095,0
19096,5
19097,0
19098,2
19099,1
19100,2
19101,6
19102,3
19103,4
19104,0
19105,1
19106,5
19107,0
19108,3
19109,2
19110,0
19111,0
19112,0
19113,1
19114,0
19115,2
19116,1
19117,3
19118,0
19119,5
19120,1
19121,5
19122,0
19123,0
19124,0
19125,0
19126,0
19127,0
19128,0
19129,0
19130,1
19131,5
19132,4
19133,2
19134,0
19135,2
19136,4
19137,5
19138,2
19139,0
19140,5
19141,0
19142,0
19143,1
19144,3
19145,2
19146,0
19147,5
19148,5
19149,2
19150,5
19151,1
19152,3
19153,0
19154,0
19155,0
19156,1
19157,1
19158,1
19159,0
19160,0
19161,2
19162,0
19163,0
19164,0
19165,5
19166,3
19167,0
19168,5
19169,0
19170,1
19171,0
19172,0
19173,5
19174,1
19175,1
19176,5
19177,0
19178,5
19179,1
19180,5
19181,3
19182,1
19183,0
19184,5
19185,0
19186,0
19187,4
19188,2
19189,0
19190,5
19191,3
19192,0
19193,0
19194,1
19195,0
19196,5
19197,2
19198,5
19199,4
19200,0
19201,5
19202,2
19203,5
19204,0
19205,0
19206,0
19207,4
19208,0
19209,0
19210,0
19211,5
19212,2
19213,3
19214,1
19215,4
19216,0
19217,1
19218,0
19219,5
19220,5
19221,0
19222,5
19223,1
19224,0
19225,5
19226,2
19227,0
19228,1
19229,2
19230,1
19231,2
19232,5
19233,4
19234,0
19235,1
19236,5
19237,3
19238,5
19239,0
19240,2
19241,5
19242,2
19243,0
19244,0
19245,2
19246,0
19247,5
19248,0
19249,0
19250,0
19251,5
19252,0
19253,0
19254,2
19255,4
19256,0
19257,0
19258,2
19259,0
19260,5
19261,0
19262,0
19263,5
19264,0
19265,3
19266,5
19267,0
19268,1
19269,5
19270,1
19271,5
19272,0
19273,0
19274,0
19275,0
19276,5
19277,2
19278,3
19279,0
19280,2
19281,1
19282,0
19283,4
19284,5
19285,0
19286,0
19287,0
19288,5
19289,0
19290,0
19291,3
19292,0
19293,0
19294,5
19295,0
19296,2
19297,5
19298,4
19299,4
19300,0
19301,5
19302,0
19303,5
19304,0
19305,1
19306,0
19307,0
19308,1
19309,5
19310,1
19311,4
19312,1
19313,0
19314,0
19315,1
19316,0
19317,0
19318,5
19319,0
19320,0
19321,2
19322,0
19323,0
19324,1
19325,5
19326,0
19327,0
19328,3
19329,0
19330,1
19331,0
19332,0
19333,5
19334,2
19335,5
19336,0
19337,4
19338,1
19339,5
19340,2
19341,0
19342,5
19343,5
19344,5
19345,0
19346,1
19347,0
19348,5
19349,0
19350,4
19351,2
19352,2
19353,5
19354,5
19355,1
19356,2
19357,5
19358,0
19359,0
19360,0
19361,0
19362,0
19363,5
19364,0
19365,5
19366,2
19367,2
19368,0
19369,0
19370,5
19371,1
19372,0
19373,1
19374,2
19375,1
19376,0
19377,0
19378,2
19379,0
19380,5
19381,4
19382,0
19383,4
19384,0
19385,1
19386,0
19387,0
19388,0
19389,0
19390,0
19391,0
19392,5
19393,1
19394,0
19395,3
19396,5
19397,0
19398,0
19399,4
19400,0
19401,0
19402,0
19403,4
19404,0
19405,2
19406,6
19407,1
19408,0
19409,0
19410,5
19411,0
19412,3
19413,1
19414,0
19415,1
19416,4
19417,0
19418,5
19419,0
19420,3
19421,5
19422,0
19423,0
19424,1
19425,0
19426,0
19427,0
19428,0
19429,2
19430,3
19431,2
19432,0
19433,5
19434,5
19435,5
19436,5
19437,1
19438,2
19439,0
19440,5
19441,0
19442,5
19443,0
19444,2
19445,2
19446,1
19447,5
19448,2
19449,5
19450,0
19451,0
19452,1
19453,0
19454,2
19455,0
19456,0
19457,5
19458,5
19459,1
19460,2
19461,2
19462,5
19463,1
19464,5
19465,2
19466,4
19467,4
19468,0
19469,0
19470,4
19471,1
19472,4
19473,1
19474,1
19475,0
19476,3
19477,5
19478,5
19479,0
19480,2
19481,4
19482,0
19483,5
19484,0
19485,5
19486,0
19487,0
19488,0
19489,5
19490,0
19491,5
19492,5
19493,5
19494,1
19495,0
19496,5
19497,5
19498,5
19499,1
19500,3
19501,0
19502,1
19503,1
19504,1
19505,2
19506,2
19507,5
19508,4
19509,0
19510,0
19511,0
19512,0
19513,4
19514,5
19515,0
19516,0
19517,5
19518,0
19519,0
19520,5
19521,4
19522,2
19523,0
19524,0
19525,5
19526,0
19527,1
19528,5
19529,0
19530,1
19531,1
19532,5
19533,2
19534,2
19535,1
19536,5
19537,1
19538,4
19539,4
19540,0
19541,5
19542,1
19543,0
19544,1
19545,2
19546,1
19547,0
19548,1
19549,1
19550,0
19551,5
19552,5
19553,0
19554,0
19555,0
19556,0
19557,0
19558,4
19559,5
19560,5
19561,0
19562,0
19563,2
19564,0
19565,0
19566,0
19567,1
19568,0
19569,1
19570,2
19571,0
19572,0
19573,0
19574,0
19575,1
19576,3
19577,3
19578,0
19579,3
19580,0
19581,0
19582,0
19583,0
19584,3
19585,5
19586,1
19587,0
19588,0
19589,1
19590,0
19591,4
19592,0
19593,2
19594,5
19595,2
19596,5
19597,5
19598,0
19599,5
19600,0
19601,2
19602,0
19603,0
19604,0
19605,0
19606,0
19607,0
19608,0
19609,5
19610,2
19611,2
19612,0
19613,0
19614,5
19615,0
19616,5
19617,5
19618,5
19619,0
19620,0
19621,0
19622,0
19623,5
19624,0
19625,5
19626,0
19627,5
19628,3
19629,0
19630,0
19631,0
19632,1
19633,5
19634,4
19635,0
19636,1
19637,5
19638,2
19639,5
19640,1
19641,0
19642,0
19643,0
19644,2
19645,1
19646,0
19647,5
19648,5
19649,0
19650,2
19651,0
19652,0
19653,0
19654,5
19655,3
19656,0
19657,0
19658,2
19659,5
19660,0
19661,3
19662,0
19663,0
19664,1
19665,0
19666,0
19667,2
19668,1
19669,1
19670,5
19671,1
19672,4
19673,4
19674,1
19675,0
19676,0
19677,0
19678,5
19679,2
19680,4
19681,5
19682,1
19683,2
19684,0
19685,1
19686,0
19687,2
19688,4
19689,4
19690,0
19691,5
19692,5
19693,5
19694,1
19695,0
19696,0
19697,0
19698,0
19699,5
19700,2
19701,0
19702,2
19703,4
19704,0
19705,0
19706,5
19707,1
19708,0
19709,3
19710,1
19711,2
19712,2
19713,1
19714,0
19715,1
19716,5
19717,5
19718,0
19719,0
19720,0
19721,0
19722,0
19723,5
19724,0
19725,2
19726,0
19727,4
19728,3
19729,1
19730,6
19731,3
19732,5
19733,0
19734,3
19735,0
19736,1
19737,0
19738,0
19739,0
19740,5
19741,1
19742,0
19743,5
19744,2
19745,2
19746,1
19747,1
19748,1
19749,0
19750,0
19751,0
19752,0
19753,5
19754,5
19755,4
19756,5
19757,0
19758,5
19759,5
19760,0
19761,0
19762,0
19763,5
19764,1
19765,0
19766,5
19767,0
19768,5
19769,0
19770,1
19771,5
19772,5
19773,0
19774,4
19775,2
19776,0
19777,1
19778,5
19779,5
19780,5
19781,0
19782,2
19783,1
19784,4
19785,0
19786,1
19787,0
19788,4
19789,5
19790,5
19791,2
19792,0
19793,5
19794,0
19795,0
19796,0
19797,5
19798,2
19799,5
19800,3
19801,1
19802,5
19803,0
19804,0
19805,0
19806,0
19807,1
19808,0
19809,5
19810,1
19811,5
19812,5
19813,0
19814,5
19815,0
19816,0
19817,5
19818,0
19819,5
19820,0
19821,0
19822,0
19823,4
19824,0
19825,4
19826,2
19827,2
19828,4
19829,0
19830,4
19831,0
19832,2
19833,0
19834,0
19835,5
19836,4
19837,2
19838,5
19839,5
19840,0
19841,2
19842,5
19843,4
19844,1
19845,1
19846,2
19847,5
19848,2
19849,5
19850,5
19851,0
19852,0
19853,5
19854,0
19855,1
19856,3
19857,0
19858,0
19859,5
19860,1
19861,0
19862,0
19863,5
19864,0
19865,1
19866,3
19867,1
19868,0
19869,0
19870,0
19871,0
19872,0
19873,0
19874,0
19875,5
19876,5
19877,0
19878,2
19879,0
19880,5
19881,4
19882,0
19883,5
19884,1
19885,5
19886,1
19887,2
19888,2
19889,4
19890,1
19891,0
19892,5
19893,5
19894,1
19895,0
19896,0
19897,2
19898,1
19899,5
19900,0
19901,1
19902,1
19903,0
19904,3
19905,4
19906,1
19907,0
19908,0
19909,1
19910,0
19911,5
19912,0
19913,0
19914,0
19915,0
19916,4
19917,5
19918,0
19919,0
19920,5
19921,3
19922,5
19923,0
19924,0
19925,0
19926,5
19927,0
19928,5
19929,1
19930,5
19931,0
19932,5
19933,0
19934,5
19935,5
19936,5
19937,5
19938,0
19939,5
19940,4
19941,0
19942,2
19943,0
19944,0
19945,6
19946,1
19947,5
19948,5
19949,4
19950,5
19951,0
19952,5
19953,1
19954,0
19955,2
19956,3
19957,2
19958,5
19959,5
19960,4
19961,0
19962,6
19963,0
19964,5
19965,0
19966,0
19967,1
19968,0
19969,4
19970,2
19971,0
19972,0
19973,3
19974,0
19975,0
19976,0
19977,2
19978,0
19979,0
19980,0
19981,0
19982,0
19983,1
19984,4
19985,0
19986,4
19987,0
19988,0
19989,0
19990,0
19991,2
19992,5
19993,1
19994,1
19995,2
19996,4
19997,3
19998,0
19999,0
