Id,Predicted
0,5.0
1,2.0
2,5.0
3,
4,5.0
5,2.0
6,3.0
7,3.0
8,4.0
9,
10,
11,1.0
12,4.0
13,2.0
14,5.0
15,2.0
16,1.0
17,3.0
18,
19,3.0
20,1.0
21,
22,2.0
23,4.0
24,3.0
25,3.0
26,5.0
27,2.0
28,4.0
29,4.0
30,3.0
31,
32,
33,5.0
34,5.0
35,6.0
36,2.0
37,2.0
38,
39,6.0
40,1.0
41,
42,5.0
43,5.0
44,5.0
45,
46,1.0
47,6.0
48,5.0
49,1.0
50,1.0
51,
52,3.0
53,
54,4.0
55,
56,5.0
57,1.0
58,
59,6.0
60,
61,
62,6.0
63,3.0
64,4.0
65,2.0
66,3.0
67,5.0
68,3.0
69,1.0
70,
71,1.0
72,6.0
73,3.0
74,
75,2.0
76,2.0
77,5.0
78,5.0
79,
80,1.0
81,
82,
83,5.0
84,
85,1.0
86,5.0
87,5.0
88,1.0
89,1.0
90,1.0
91,4.0
92,3.0
93,6.0
94,4.0
95,5.0
96,3.0
97,
98,4.0
99,
100,6.0
101,4.0
102,3.0
103,
104,
105,
106,
107,2.0
108,3.0
109,5.0
110,
111,
112,1.0
113,2.0
114,5.0
115,
116,2.0
117,5.0
118,3.0
119,3.0
120,4.0
121,3.0
122,1.0
123,2.0
124,5.0
125,
126,5.0
127,1.0
128,
129,5.0
130,1.0
131,1.0
132,
133,5.0
134,4.0
135,4.0
136,
137,
138,5.0
139,
140,5.0
141,4.0
142,
143,5.0
144,
145,4.0
146,3.0
147,5.0
148,
149,
150,
151,5.0
152,3.0
153,1.0
154,4.0
155,2.0
156,5.0
157,2.0
158,1.0
159,
160,
161,5.0
162,4.0
163,2.0
164,1.0
165,5.0
166,1.0
167,5.0
168,1.0
169,4.0
170,
171,5.0
172,3.0
173,3.0
174,5.0
175,2.0
176,2.0
177,3.0
178,
179,
180,3.0
181,2.0
182,5.0
183,4.0
184,5.0
185,
186,3.0
187,
188,6.0
189,3.0
190,
191,
192,5.0
193,1.0
194,1.0
195,2.0
196,2.0
197,3.0
198,2.0
199,
200,1.0
201,
202,2.0
203,6.0
204,
205,2.0
206,3.0
207,2.0
208,
209,1.0
210,3.0
211,3.0
212,5.0
213,
214,
215,5.0
216,
217,5.0
218,
219,3.0
220,
221,1.0
222,
223,1.0
224,
225,4.0
226,
227,1.0
228,4.0
229,
230,
231,5.0
232,
233,4.0
234,
235,4.0
236,3.0
237,
238,4.0
239,2.0
240,2.0
241,5.0
242,
243,
244,3.0
245,4.0
246,5.0
247,4.0
248,
249,
250,1.0
251,3.0
252,2.0
253,5.0
254,4.0
255,
256,2.0
257,
258,
259,3.0
260,1.0
261,
262,1.0
263,3.0
264,
265,4.0
266,1.0
267,
268,
269,2.0
270,1.0
271,2.0
272,2.0
273,1.0
274,6.0
275,
276,5.0
277,2.0
278,6.0
279,
280,5.0
281,
282,
283,2.0
284,4.0
285,4.0
286,4.0
287,
288,5.0
289,1.0
290,3.0
291,3.0
292,
293,4.0
294,
295,6.0
296,
297,2.0
298,5.0
299,
300,3.0
301,
302,1.0
303,5.0
304,6.0
305,2.0
306,
307,3.0
308,1.0
309,1.0
310,2.0
311,5.0
312,
313,
314,5.0
315,3.0
316,
317,1.0
318,5.0
319,5.0
320,2.0
321,
322,4.0
323,5.0
324,4.0
325,5.0
326,3.0
327,
328,
329,6.0
330,4.0
331,5.0
332,3.0
333,2.0
334,5.0
335,5.0
336,
337,1.0
338,6.0
339,3.0
340,
341,5.0
342,3.0
343,
344,4.0
345,2.0
346,2.0
347,3.0
348,
349,5.0
350,2.0
351,5.0
352,1.0
353,5.0
354,6.0
355,5.0
356,3.0
357,3.0
358,4.0
359,5.0
360,
361,
362,2.0
363,4.0
364,
365,5.0
366,1.0
367,
368,3.0
369,3.0
370,1.0
371,2.0
372,
373,
374,3.0
375,6.0
376,4.0
377,3.0
378,1.0
379,3.0
380,
381,4.0
382,4.0
383,5.0
384,6.0
385,4.0
386,1.0
387,
388,1.0
389,3.0
390,
391,4.0
392,3.0
393,5.0
394,4.0
395,
396,5.0
397,2.0
398,2.0
399,4.0
400,2.0
401,5.0
402,4.0
403,
404,
405,
406,3.0
407,1.0
408,
409,
410,
411,
412,3.0
413,5.0
414,5.0
415,4.0
416,2.0
417,
418,
419,
420,
421,4.0
422,1.0
423,
424,6.0
425,
426,2.0
427,4.0
428,6.0
429,
430,4.0
431,5.0
432,
433,
434,1.0
435,4.0
436,5.0
437,2.0
438,5.0
439,3.0
440,
441,1.0
442,2.0
443,6.0
444,
445,4.0
446,4.0
447,1.0
448,5.0
449,1.0
450,
451,1.0
452,5.0
453,2.0
454,4.0
455,1.0
456,
457,
458,
459,
460,3.0
461,5.0
462,2.0
463,
464,
465,1.0
466,1.0
467,
468,
469,4.0
470,2.0
471,1.0
472,4.0
473,6.0
474,
475,5.0
476,
477,
478,
479,
480,
481,
482,3.0
483,2.0
484,4.0
485,4.0
486,3.0
487,4.0
488,2.0
489,4.0
490,1.0
491,1.0
492,5.0
493,
494,6.0
495,3.0
496,1.0
497,2.0
498,1.0
499,
500,
501,
502,
503,3.0
504,4.0
505,5.0
506,1.0
507,
508,1.0
509,
510,4.0
511,4.0
512,4.0
513,3.0
514,1.0
515,1.0
516,
517,6.0
518,6.0
519,1.0
520,5.0
521,5.0
522,3.0
523,3.0
524,6.0
525,4.0
526,
527,4.0
528,2.0
529,
530,
531,
532,2.0
533,2.0
534,2.0
535,1.0
536,2.0
537,2.0
538,3.0
539,1.0
540,4.0
541,2.0
542,3.0
543,
544,5.0
545,
546,2.0
547,5.0
548,
549,4.0
550,2.0
551,5.0
552,3.0
553,1.0
554,3.0
555,2.0
556,
557,5.0
558,4.0
559,4.0
560,
561,
562,
563,4.0
564,
565,3.0
566,
567,
568,5.0
569,4.0
570,1.0
571,3.0
572,3.0
573,5.0
574,
575,5.0
576,6.0
577,6.0
578,
579,4.0
580,5.0
581,2.0
582,1.0
583,5.0
584,5.0
585,1.0
586,
587,4.0
588,2.0
589,3.0
590,3.0
591,2.0
592,2.0
593,4.0
594,3.0
595,2.0
596,3.0
597,1.0
598,4.0
599,5.0
600,5.0
601,4.0
602,
603,5.0
604,5.0
605,
606,3.0
607,
608,5.0
609,
610,3.0
611,5.0
612,1.0
613,
614,1.0
615,2.0
616,
617,1.0
618,4.0
619,4.0
620,
621,5.0
622,
623,2.0
624,6.0
625,6.0
626,2.0
627,5.0
628,3.0
629,2.0
630,5.0
631,5.0
632,1.0
633,3.0
634,6.0
635,5.0
636,
637,1.0
638,3.0
639,2.0
640,4.0
641,5.0
642,5.0
643,
644,
645,2.0
646,3.0
647,2.0
648,
649,5.0
650,4.0
651,3.0
652,2.0
653,5.0
654,1.0
655,5.0
656,
657,
658,
659,3.0
660,2.0
661,3.0
662,
663,
664,
665,
666,4.0
667,
668,2.0
669,5.0
670,3.0
671,
672,5.0
673,
674,2.0
675,2.0
676,3.0
677,1.0
678,4.0
679,2.0
680,4.0
681,2.0
682,4.0
683,2.0
684,2.0
685,1.0
686,5.0
687,6.0
688,3.0
689,
690,5.0
691,3.0
692,2.0
693,
694,4.0
695,5.0
696,1.0
697,1.0
698,3.0
699,1.0
700,4.0
701,4.0
702,3.0
703,4.0
704,2.0
705,5.0
706,
707,5.0
708,5.0
709,
710,1.0
711,3.0
712,2.0
713,1.0
714,4.0
715,4.0
716,5.0
717,5.0
718,
719,4.0
720,
721,
722,3.0
723,2.0
724,1.0
725,5.0
726,4.0
727,6.0
728,5.0
729,1.0
730,
731,2.0
732,5.0
733,4.0
734,1.0
735,4.0
736,2.0
737,5.0
738,1.0
739,
740,5.0
741,
742,1.0
743,
744,3.0
745,1.0
746,
747,1.0
748,2.0
749,2.0
750,3.0
751,
752,2.0
753,5.0
754,
755,
756,4.0
757,5.0
758,4.0
759,5.0
760,4.0
761,4.0
762,
763,2.0
764,
765,
766,1.0
767,5.0
768,1.0
769,3.0
770,1.0
771,5.0
772,
773,2.0
774,
775,2.0
776,2.0
777,
778,3.0
779,
780,2.0
781,
782,5.0
783,1.0
784,1.0
785,2.0
786,3.0
787,
788,
789,2.0
790,
791,3.0
792,2.0
793,2.0
794,5.0
795,
796,6.0
797,3.0
798,5.0
799,3.0
800,
801,5.0
802,1.0
803,1.0
804,5.0
805,1.0
806,5.0
807,5.0
808,2.0
809,3.0
810,6.0
811,5.0
812,4.0
813,3.0
814,
815,1.0
816,5.0
817,4.0
818,4.0
819,2.0
820,
821,4.0
822,5.0
823,2.0
824,2.0
825,2.0
826,2.0
827,1.0
828,2.0
829,
830,
831,5.0
832,2.0
833,
834,6.0
835,
836,2.0
837,5.0
838,4.0
839,5.0
840,3.0
841,
842,3.0
843,
844,
845,5.0
846,
847,5.0
848,1.0
849,1.0
850,2.0
851,1.0
852,
853,4.0
854,
855,5.0
856,4.0
857,
858,5.0
859,5.0
860,4.0
861,
862,4.0
863,
864,3.0
865,2.0
866,
867,3.0
868,5.0
869,1.0
870,2.0
871,
872,
873,
874,5.0
875,2.0
876,4.0
877,1.0
878,
879,
880,4.0
881,2.0
882,1.0
883,
884,
885,5.0
886,3.0
887,
888,
889,3.0
890,2.0
891,5.0
892,
893,6.0
894,4.0
895,4.0
896,1.0
897,3.0
898,6.0
899,1.0
900,
901,2.0
902,3.0
903,
904,1.0
905,
906,
907,
908,5.0
909,2.0
910,1.0
911,5.0
912,3.0
913,2.0
914,4.0
915,4.0
916,4.0
917,3.0
918,
919,
920,6.0
921,3.0
922,2.0
923,1.0
924,3.0
925,6.0
926,4.0
927,
928,1.0
929,1.0
930,1.0
931,2.0
932,
933,5.0
934,5.0
935,5.0
936,4.0
937,6.0
938,
939,4.0
940,
941,5.0
942,1.0
943,
944,4.0
945,5.0
946,1.0
947,3.0
948,5.0
949,2.0
950,
951,5.0
952,
953,3.0
954,2.0
955,
956,
957,
958,2.0
959,3.0
960,3.0
961,3.0
962,
963,5.0
964,5.0
965,5.0
966,6.0
967,2.0
968,4.0
969,3.0
970,5.0
971,5.0
972,2.0
973,1.0
974,5.0
975,
976,4.0
977,2.0
978,4.0
979,
980,
981,
982,4.0
983,
984,4.0
985,
986,
987,1.0
988,4.0
989,
990,2.0
991,4.0
992,2.0
993,1.0
994,2.0
995,4.0
996,4.0
997,4.0
998,3.0
999,3.0
1000,3.0
1001,1.0
1002,
1003,
1004,
1005,6.0
1006,
1007,
1008,2.0
1009,5.0
1010,
1011,5.0
1012,1.0
1013,
1014,
1015,3.0
1016,5.0
1017,
1018,3.0
1019,5.0
1020,5.0
1021,
1022,1.0
1023,4.0
1024,5.0
1025,1.0
1026,
1027,1.0
1028,5.0
1029,5.0
1030,3.0
1031,2.0
1032,3.0
1033,5.0
1034,
1035,5.0
1036,4.0
1037,6.0
1038,2.0
1039,2.0
1040,5.0
1041,
1042,3.0
1043,2.0
1044,3.0
1045,5.0
1046,3.0
1047,4.0
1048,
1049,1.0
1050,6.0
1051,2.0
1052,4.0
1053,
1054,
1055,4.0
1056,
1057,
1058,1.0
1059,
1060,3.0
1061,5.0
1062,2.0
1063,5.0
1064,6.0
1065,3.0
1066,3.0
1067,
1068,3.0
1069,4.0
1070,
1071,
1072,5.0
1073,2.0
1074,5.0
1075,6.0
1076,1.0
1077,1.0
1078,6.0
1079,4.0
1080,
1081,5.0
1082,4.0
1083,1.0
1084,6.0
1085,1.0
1086,5.0
1087,1.0
1088,4.0
1089,5.0
1090,
1091,3.0
1092,
1093,3.0
1094,
1095,3.0
1096,5.0
1097,2.0
1098,
1099,6.0
1100,1.0
1101,
1102,3.0
1103,4.0
1104,1.0
1105,
1106,2.0
1107,4.0
1108,1.0
1109,3.0
1110,5.0
1111,5.0
1112,5.0
1113,1.0
1114,5.0
1115,
1116,5.0
1117,
1118,3.0
1119,4.0
1120,1.0
1121,4.0
1122,5.0
1123,1.0
1124,2.0
1125,
1126,5.0
1127,
1128,1.0
1129,4.0
1130,
1131,3.0
1132,1.0
1133,2.0
1134,2.0
1135,
1136,
1137,3.0
1138,2.0
1139,5.0
1140,
1141,3.0
1142,2.0
1143,2.0
1144,4.0
1145,2.0
1146,1.0
1147,1.0
1148,
1149,3.0
1150,2.0
1151,2.0
1152,1.0
1153,
1154,1.0
1155,2.0
1156,2.0
1157,3.0
1158,
1159,
1160,1.0
1161,
1162,
1163,1.0
1164,4.0
1165,2.0
1166,
1167,3.0
1168,5.0
1169,3.0
1170,6.0
1171,5.0
1172,
1173,
1174,1.0
1175,
1176,
1177,1.0
1178,3.0
1179,
1180,
1181,1.0
1182,5.0
1183,1.0
1184,
1185,
1186,
1187,5.0
1188,5.0
1189,2.0
1190,5.0
1191,
1192,4.0
1193,
1194,1.0
1195,
1196,
1197,
1198,2.0
1199,3.0
1200,4.0
1201,1.0
1202,3.0
1203,
1204,6.0
1205,
1206,2.0
1207,6.0
1208,
1209,6.0
1210,2.0
1211,
1212,
1213,4.0
1214,1.0
1215,3.0
1216,6.0
1217,
1218,1.0
1219,6.0
1220,5.0
1221,5.0
1222,5.0
1223,3.0
1224,4.0
1225,
1226,4.0
1227,1.0
1228,5.0
1229,5.0
1230,3.0
1231,1.0
1232,
1233,1.0
1234,1.0
1235,2.0
1236,5.0
1237,
1238,
1239,1.0
1240,
1241,5.0
1242,1.0
1243,3.0
1244,5.0
1245,2.0
1246,6.0
1247,1.0
1248,
1249,
1250,4.0
1251,3.0
1252,2.0
1253,1.0
1254,2.0
1255,
1256,5.0
1257,1.0
1258,3.0
1259,5.0
1260,2.0
1261,3.0
1262,5.0
1263,
1264,
1265,5.0
1266,5.0
1267,2.0
1268,5.0
1269,2.0
1270,1.0
1271,
1272,
1273,4.0
1274,5.0
1275,
1276,2.0
1277,
1278,1.0
1279,
1280,1.0
1281,6.0
1282,4.0
1283,5.0
1284,1.0
1285,1.0
1286,5.0
1287,
1288,2.0
1289,
1290,1.0
1291,6.0
1292,1.0
1293,1.0
1294,1.0
1295,3.0
1296,2.0
1297,4.0
1298,5.0
1299,
1300,
1301,
1302,1.0
1303,3.0
1304,1.0
1305,6.0
1306,6.0
1307,2.0
1308,2.0
1309,3.0
1310,
1311,4.0
1312,4.0
1313,4.0
1314,5.0
1315,5.0
1316,4.0
1317,5.0
1318,1.0
1319,3.0
1320,3.0
1321,4.0
1322,4.0
1323,
1324,5.0
1325,5.0
1326,1.0
1327,
1328,
1329,
1330,1.0
1331,1.0
1332,5.0
1333,2.0
1334,3.0
1335,4.0
1336,
1337,2.0
1338,
1339,3.0
1340,1.0
1341,5.0
1342,1.0
1343,6.0
1344,
1345,4.0
1346,
1347,1.0
1348,3.0
1349,4.0
1350,3.0
1351,3.0
1352,
1353,5.0
1354,4.0
1355,1.0
1356,4.0
1357,5.0
1358,1.0
1359,
1360,
1361,3.0
1362,
1363,4.0
1364,
1365,4.0
1366,3.0
1367,1.0
1368,3.0
1369,
1370,
1371,4.0
1372,4.0
1373,1.0
1374,2.0
1375,2.0
1376,
1377,1.0
1378,3.0
1379,3.0
1380,3.0
1381,2.0
1382,5.0
1383,
1384,3.0
1385,5.0
1386,4.0
1387,6.0
1388,3.0
1389,1.0
1390,6.0
1391,
1392,2.0
1393,3.0
1394,
1395,3.0
1396,5.0
1397,
1398,
1399,5.0
1400,
1401,4.0
1402,2.0
1403,
1404,6.0
1405,4.0
1406,5.0
1407,
1408,4.0
1409,
1410,1.0
1411,5.0
1412,4.0
1413,
1414,2.0
1415,5.0
1416,6.0
1417,
1418,6.0
1419,
1420,
1421,3.0
1422,
1423,1.0
1424,
1425,3.0
1426,3.0
1427,2.0
1428,5.0
1429,
1430,
1431,3.0
1432,5.0
1433,4.0
1434,4.0
1435,
1436,
1437,5.0
1438,
1439,
1440,2.0
1441,1.0
1442,
1443,5.0
1444,1.0
1445,4.0
1446,1.0
1447,
1448,1.0
1449,2.0
1450,
1451,
1452,1.0
1453,1.0
1454,1.0
1455,2.0
1456,6.0
1457,5.0
1458,5.0
1459,2.0
1460,
1461,2.0
1462,
1463,3.0
1464,1.0
1465,2.0
1466,
1467,3.0
1468,3.0
1469,3.0
1470,4.0
1471,
1472,6.0
1473,4.0
1474,4.0
1475,
1476,
1477,1.0
1478,4.0
1479,2.0
1480,6.0
1481,5.0
1482,4.0
1483,1.0
1484,1.0
1485,5.0
1486,6.0
1487,2.0
1488,
1489,5.0
1490,
1491,4.0
1492,5.0
1493,
1494,4.0
1495,1.0
1496,2.0
1497,5.0
1498,1.0
1499,3.0
1500,
1501,2.0
1502,4.0
1503,2.0
1504,4.0
1505,
1506,1.0
1507,5.0
1508,
1509,2.0
1510,1.0
1511,4.0
1512,6.0
1513,2.0
1514,5.0
1515,
1516,
1517,1.0
1518,5.0
1519,3.0
1520,5.0
1521,
1522,5.0
1523,2.0
1524,2.0
1525,
1526,2.0
1527,2.0
1528,
1529,3.0
1530,1.0
1531,6.0
1532,5.0
1533,5.0
1534,
1535,3.0
1536,1.0
1537,
1538,2.0
1539,1.0
1540,6.0
1541,
1542,3.0
1543,1.0
1544,
1545,3.0
1546,2.0
1547,
1548,4.0
1549,5.0
1550,1.0
1551,
1552,
1553,4.0
1554,
1555,5.0
1556,5.0
1557,
1558,3.0
1559,
1560,2.0
1561,5.0
1562,2.0
1563,
1564,1.0
1565,
1566,3.0
1567,6.0
1568,3.0
1569,6.0
1570,2.0
1571,3.0
1572,5.0
1573,
1574,3.0
1575,2.0
1576,
1577,3.0
1578,2.0
1579,1.0
1580,4.0
1581,
1582,3.0
1583,
1584,
1585,
1586,3.0
1587,
1588,4.0
1589,2.0
1590,3.0
1591,3.0
1592,5.0
1593,
1594,5.0
1595,
1596,2.0
1597,
1598,
1599,
1600,5.0
1601,4.0
1602,
1603,3.0
1604,
1605,1.0
1606,3.0
1607,
1608,4.0
1609,
1610,3.0
1611,
1612,1.0
1613,2.0
1614,
1615,2.0
1616,1.0
1617,
1618,1.0
1619,
1620,1.0
1621,2.0
1622,1.0
1623,5.0
1624,2.0
1625,4.0
1626,3.0
1627,
1628,2.0
1629,3.0
1630,5.0
1631,2.0
1632,
1633,
1634,
1635,
1636,5.0
1637,1.0
1638,5.0
1639,5.0
1640,
1641,3.0
1642,4.0
1643,4.0
1644,1.0
1645,2.0
1646,
1647,
1648,2.0
1649,
1650,2.0
1651,
1652,
1653,3.0
1654,2.0
1655,4.0
1656,5.0
1657,
1658,5.0
1659,2.0
1660,
1661,1.0
1662,
1663,3.0
1664,
1665,5.0
1666,4.0
1667,
1668,
1669,1.0
1670,6.0
1671,
1672,6.0
1673,3.0
1674,5.0
1675,4.0
1676,2.0
1677,
1678,5.0
1679,4.0
1680,5.0
1681,5.0
1682,3.0
1683,3.0
1684,
1685,6.0
1686,3.0
1687,3.0
1688,
1689,3.0
1690,2.0
1691,5.0
1692,1.0
1693,
1694,2.0
1695,6.0
1696,3.0
1697,3.0
1698,4.0
1699,
1700,6.0
1701,3.0
1702,
1703,2.0
1704,2.0
1705,
1706,1.0
1707,4.0
1708,1.0
1709,5.0
1710,4.0
1711,1.0
1712,6.0
1713,
1714,
1715,1.0
1716,1.0
1717,3.0
1718,1.0
1719,3.0
1720,1.0
1721,3.0
1722,5.0
1723,2.0
1724,4.0
1725,
1726,
1727,2.0
1728,3.0
1729,
1730,6.0
1731,2.0
1732,
1733,1.0
1734,4.0
1735,
1736,3.0
1737,2.0
1738,5.0
1739,5.0
1740,
1741,
1742,
1743,
1744,1.0
1745,4.0
1746,
1747,1.0
1748,1.0
1749,3.0
1750,
1751,2.0
1752,
1753,
1754,5.0
1755,5.0
1756,6.0
1757,3.0
1758,6.0
1759,6.0
1760,5.0
1761,3.0
1762,5.0
1763,
1764,4.0
1765,5.0
1766,1.0
1767,1.0
1768,4.0
1769,2.0
1770,6.0
1771,
1772,3.0
1773,
1774,5.0
1775,3.0
1776,
1777,5.0
1778,4.0
1779,
1780,3.0
1781,1.0
1782,4.0
1783,2.0
1784,2.0
1785,2.0
1786,
1787,2.0
1788,5.0
1789,1.0
1790,
1791,5.0
1792,
1793,
1794,4.0
1795,2.0
1796,1.0
1797,
1798,2.0
1799,
1800,5.0
1801,5.0
1802,1.0
1803,1.0
1804,5.0
1805,2.0
1806,
1807,6.0
1808,5.0
1809,6.0
1810,5.0
1811,3.0
1812,5.0
1813,
1814,2.0
1815,5.0
1816,1.0
1817,2.0
1818,3.0
1819,
1820,3.0
1821,
1822,3.0
1823,1.0
1824,
1825,1.0
1826,1.0
1827,1.0
1828,2.0
1829,2.0
1830,4.0
1831,1.0
1832,3.0
1833,
1834,1.0
1835,2.0
1836,4.0
1837,
1838,
1839,
1840,6.0
1841,
1842,1.0
1843,1.0
1844,2.0
1845,2.0
1846,
1847,2.0
1848,
1849,6.0
1850,2.0
1851,
1852,1.0
1853,6.0
1854,1.0
1855,3.0
1856,
1857,3.0
1858,1.0
1859,5.0
1860,1.0
1861,
1862,2.0
1863,
1864,
1865,6.0
1866,
1867,4.0
1868,5.0
1869,2.0
1870,5.0
1871,2.0
1872,2.0
1873,
1874,
1875,5.0
1876,
1877,3.0
1878,2.0
1879,
1880,4.0
1881,
1882,2.0
1883,
1884,2.0
1885,3.0
1886,4.0
1887,5.0
1888,4.0
1889,5.0
1890,1.0
1891,5.0
1892,4.0
1893,1.0
1894,1.0
1895,1.0
1896,2.0
1897,1.0
1898,3.0
1899,3.0
1900,1.0
1901,3.0
1902,5.0
1903,5.0
1904,6.0
1905,5.0
1906,3.0
1907,3.0
1908,2.0
1909,1.0
1910,1.0
1911,2.0
1912,
1913,
1914,
1915,3.0
1916,2.0
1917,6.0
1918,2.0
1919,2.0
1920,4.0
1921,4.0
1922,1.0
1923,
1924,4.0
1925,
1926,1.0
1927,
1928,3.0
1929,5.0
1930,2.0
1931,3.0
1932,2.0
1933,5.0
1934,5.0
1935,1.0
1936,
1937,3.0
1938,5.0
1939,6.0
1940,
1941,6.0
1942,5.0
1943,4.0
1944,2.0
1945,2.0
1946,5.0
1947,2.0
1948,2.0
1949,5.0
1950,3.0
1951,5.0
1952,6.0
1953,1.0
1954,5.0
1955,3.0
1956,5.0
1957,1.0
1958,5.0
1959,5.0
1960,3.0
1961,5.0
1962,3.0
1963,
1964,6.0
1965,
1966,4.0
1967,5.0
1968,3.0
1969,1.0
1970,
1971,3.0
1972,
1973,
1974,1.0
1975,3.0
1976,
1977,5.0
1978,3.0
1979,
1980,2.0
1981,4.0
1982,6.0
1983,2.0
1984,
1985,
1986,6.0
1987,5.0
1988,5.0
1989,4.0
1990,
1991,1.0
1992,1.0
1993,5.0
1994,3.0
1995,
1996,3.0
1997,
1998,2.0
1999,5.0
2000,3.0
2001,6.0
2002,3.0
2003,1.0
2004,
2005,4.0
2006,1.0
2007,6.0
2008,5.0
2009,1.0
2010,5.0
2011,1.0
2012,2.0
2013,3.0
2014,3.0
2015,
2016,
2017,1.0
2018,2.0
2019,3.0
2020,5.0
2021,4.0
2022,1.0
2023,4.0
2024,2.0
2025,1.0
2026,1.0
2027,1.0
2028,3.0
2029,6.0
2030,
2031,4.0
2032,4.0
2033,6.0
2034,
2035,
2036,
2037,2.0
2038,1.0
2039,4.0
2040,2.0
2041,4.0
2042,5.0
2043,1.0
2044,4.0
2045,4.0
2046,1.0
2047,5.0
2048,4.0
2049,3.0
2050,4.0
2051,6.0
2052,4.0
2053,2.0
2054,
2055,
2056,2.0
2057,
2058,
2059,4.0
2060,4.0
2061,5.0
2062,2.0
2063,3.0
2064,
2065,1.0
2066,5.0
2067,5.0
2068,
2069,4.0
2070,6.0
2071,4.0
2072,2.0
2073,5.0
2074,
2075,5.0
2076,4.0
2077,1.0
2078,4.0
2079,4.0
2080,
2081,
2082,4.0
2083,3.0
2084,5.0
2085,
2086,2.0
2087,1.0
2088,5.0
2089,
2090,4.0
2091,4.0
2092,
2093,3.0
2094,6.0
2095,5.0
2096,
2097,
2098,3.0
2099,3.0
2100,5.0
2101,2.0
2102,5.0
2103,5.0
2104,1.0
2105,
2106,5.0
2107,
2108,1.0
2109,
2110,5.0
2111,5.0
2112,1.0
2113,4.0
2114,5.0
2115,2.0
2116,5.0
2117,
2118,5.0
2119,5.0
2120,5.0
2121,2.0
2122,1.0
2123,
2124,4.0
2125,2.0
2126,3.0
2127,
2128,1.0
2129,5.0
2130,3.0
2131,2.0
2132,2.0
2133,
2134,3.0
2135,1.0
2136,2.0
2137,
2138,3.0
2139,2.0
2140,
2141,3.0
2142,6.0
2143,5.0
2144,2.0
2145,3.0
2146,
2147,1.0
2148,
2149,
2150,4.0
2151,3.0
2152,
2153,
2154,3.0
2155,2.0
2156,5.0
2157,
2158,1.0
2159,5.0
2160,2.0
2161,3.0
2162,1.0
2163,3.0
2164,
2165,1.0
2166,1.0
2167,1.0
2168,3.0
2169,1.0
2170,3.0
2171,4.0
2172,6.0
2173,5.0
2174,1.0
2175,
2176,
2177,
2178,2.0
2179,2.0
2180,2.0
2181,5.0
2182,4.0
2183,3.0
2184,
2185,2.0
2186,4.0
2187,
2188,4.0
2189,3.0
2190,3.0
2191,2.0
2192,4.0
2193,5.0
2194,2.0
2195,5.0
2196,5.0
2197,2.0
2198,4.0
2199,
2200,4.0
2201,6.0
2202,4.0
2203,4.0
2204,1.0
2205,
2206,
2207,1.0
2208,4.0
2209,4.0
2210,1.0
2211,
2212,1.0
2213,5.0
2214,1.0
2215,3.0
2216,
2217,4.0
2218,
2219,3.0
2220,3.0
2221,
2222,2.0
2223,4.0
2224,3.0
2225,1.0
2226,
2227,4.0
2228,5.0
2229,3.0
2230,4.0
2231,
2232,2.0
2233,5.0
2234,
2235,4.0
2236,
2237,3.0
2238,
2239,5.0
2240,1.0
2241,
2242,2.0
2243,6.0
2244,4.0
2245,2.0
2246,1.0
2247,4.0
2248,6.0
2249,3.0
2250,5.0
2251,3.0
2252,
2253,6.0
2254,1.0
2255,5.0
2256,3.0
2257,1.0
2258,4.0
2259,4.0
2260,6.0
2261,4.0
2262,5.0
2263,5.0
2264,4.0
2265,4.0
2266,
2267,1.0
2268,2.0
2269,3.0
2270,1.0
2271,5.0
2272,
2273,
2274,5.0
2275,5.0
2276,5.0
2277,5.0
2278,
2279,1.0
2280,5.0
2281,4.0
2282,1.0
2283,
2284,3.0
2285,
2286,2.0
2287,6.0
2288,5.0
2289,1.0
2290,2.0
2291,3.0
2292,
2293,4.0
2294,1.0
2295,
2296,4.0
2297,6.0
2298,3.0
2299,5.0
2300,5.0
2301,
2302,4.0
2303,
2304,3.0
2305,
2306,6.0
2307,5.0
2308,
2309,
2310,2.0
2311,1.0
2312,
2313,
2314,5.0
2315,2.0
2316,6.0
2317,5.0
2318,3.0
2319,2.0
2320,1.0
2321,2.0
2322,3.0
2323,
2324,1.0
2325,4.0
2326,
2327,4.0
2328,2.0
2329,5.0
2330,2.0
2331,2.0
2332,
2333,
2334,1.0
2335,4.0
2336,3.0
2337,1.0
2338,4.0
2339,4.0
2340,2.0
2341,2.0
2342,4.0
2343,6.0
2344,4.0
2345,5.0
2346,1.0
2347,2.0
2348,
2349,2.0
2350,6.0
2351,
2352,
2353,5.0
2354,5.0
2355,1.0
2356,3.0
2357,
2358,
2359,4.0
2360,5.0
2361,5.0
2362,5.0
2363,6.0
2364,4.0
2365,
2366,4.0
2367,5.0
2368,1.0
2369,5.0
2370,1.0
2371,1.0
2372,3.0
2373,
2374,3.0
2375,1.0
2376,1.0
2377,1.0
2378,5.0
2379,
2380,
2381,1.0
2382,2.0
2383,
2384,
2385,6.0
2386,5.0
2387,3.0
2388,4.0
2389,2.0
2390,1.0
2391,1.0
2392,6.0
2393,
2394,4.0
2395,5.0
2396,5.0
2397,4.0
2398,4.0
2399,
2400,1.0
2401,3.0
2402,
2403,3.0
2404,1.0
2405,
2406,
2407,5.0
2408,6.0
2409,
2410,5.0
2411,5.0
2412,
2413,3.0
2414,
2415,2.0
2416,6.0
2417,
2418,2.0
2419,4.0
2420,5.0
2421,3.0
2422,2.0
2423,3.0
2424,1.0
2425,
2426,3.0
2427,3.0
2428,2.0
2429,1.0
2430,3.0
2431,
2432,5.0
2433,4.0
2434,3.0
2435,1.0
2436,1.0
2437,5.0
2438,5.0
2439,4.0
2440,2.0
2441,
2442,
2443,
2444,
2445,1.0
2446,5.0
2447,1.0
2448,
2449,2.0
2450,4.0
2451,2.0
2452,
2453,4.0
2454,3.0
2455,5.0
2456,
2457,1.0
2458,4.0
2459,5.0
2460,1.0
2461,6.0
2462,5.0
2463,2.0
2464,
2465,5.0
2466,5.0
2467,2.0
2468,4.0
2469,
2470,3.0
2471,5.0
2472,2.0
2473,1.0
2474,1.0
2475,2.0
2476,3.0
2477,2.0
2478,1.0
2479,1.0
2480,
2481,3.0
2482,5.0
2483,4.0
2484,5.0
2485,2.0
2486,1.0
2487,5.0
2488,
2489,2.0
2490,
2491,
2492,
2493,5.0
2494,1.0
2495,
2496,3.0
2497,5.0
2498,2.0
2499,5.0
2500,3.0
2501,1.0
2502,
2503,1.0
2504,
2505,1.0
2506,4.0
2507,
2508,3.0
2509,2.0
2510,3.0
2511,4.0
2512,5.0
2513,5.0
2514,
2515,4.0
2516,3.0
2517,2.0
2518,5.0
2519,6.0
2520,
2521,
2522,4.0
2523,
2524,
2525,3.0
2526,6.0
2527,
2528,3.0
2529,2.0
2530,
2531,5.0
2532,1.0
2533,2.0
2534,
2535,1.0
2536,6.0
2537,
2538,5.0
2539,5.0
2540,2.0
2541,5.0
2542,5.0
2543,3.0
2544,3.0
2545,
2546,2.0
2547,5.0
2548,1.0
2549,1.0
2550,5.0
2551,5.0
2552,4.0
2553,6.0
2554,
2555,
2556,4.0
2557,1.0
2558,5.0
2559,4.0
2560,4.0
2561,2.0
2562,2.0
2563,
2564,
2565,
2566,3.0
2567,2.0
2568,2.0
2569,
2570,4.0
2571,
2572,4.0
2573,1.0
2574,3.0
2575,2.0
2576,
2577,5.0
2578,
2579,4.0
2580,1.0
2581,6.0
2582,4.0
2583,1.0
2584,3.0
2585,2.0
2586,6.0
2587,
2588,
2589,5.0
2590,
2591,5.0
2592,5.0
2593,
2594,
2595,3.0
2596,1.0
2597,6.0
2598,1.0
2599,1.0
2600,5.0
2601,6.0
2602,
2603,
2604,
2605,2.0
2606,2.0
2607,2.0
2608,4.0
2609,
2610,3.0
2611,2.0
2612,5.0
2613,
2614,1.0
2615,5.0
2616,
2617,3.0
2618,
2619,
2620,4.0
2621,3.0
2622,
2623,
2624,4.0
2625,4.0
2626,
2627,3.0
2628,
2629,
2630,
2631,2.0
2632,
2633,
2634,5.0
2635,6.0
2636,3.0
2637,4.0
2638,4.0
2639,2.0
2640,4.0
2641,
2642,2.0
2643,5.0
2644,6.0
2645,1.0
2646,4.0
2647,1.0
2648,
2649,3.0
2650,4.0
2651,5.0
2652,5.0
2653,
2654,
2655,
2656,
2657,3.0
2658,
2659,5.0
2660,3.0
2661,1.0
2662,4.0
2663,4.0
2664,1.0
2665,6.0
2666,
2667,3.0
2668,2.0
2669,6.0
2670,5.0
2671,1.0
2672,1.0
2673,5.0
2674,4.0
2675,2.0
2676,4.0
2677,5.0
2678,
2679,5.0
2680,6.0
2681,2.0
2682,5.0
2683,3.0
2684,
2685,1.0
2686,
2687,2.0
2688,
2689,
2690,
2691,6.0
2692,
2693,2.0
2694,6.0
2695,1.0
2696,1.0
2697,1.0
2698,
2699,5.0
2700,2.0
2701,
2702,2.0
2703,5.0
2704,
2705,2.0
2706,1.0
2707,
2708,6.0
2709,
2710,
2711,1.0
2712,
2713,1.0
2714,
2715,4.0
2716,2.0
2717,5.0
2718,4.0
2719,1.0
2720,
2721,
2722,2.0
2723,2.0
2724,4.0
2725,6.0
2726,2.0
2727,1.0
2728,1.0
2729,1.0
2730,
2731,5.0
2732,
2733,2.0
2734,2.0
2735,3.0
2736,5.0
2737,4.0
2738,
2739,4.0
2740,3.0
2741,
2742,2.0
2743,1.0
2744,6.0
2745,
2746,2.0
2747,6.0
2748,
2749,2.0
2750,5.0
2751,6.0
2752,
2753,1.0
2754,3.0
2755,5.0
2756,6.0
2757,
2758,
2759,6.0
2760,3.0
2761,5.0
2762,3.0
2763,5.0
2764,3.0
2765,4.0
2766,
2767,2.0
2768,3.0
2769,3.0
2770,1.0
2771,
2772,4.0
2773,4.0
2774,
2775,
2776,1.0
2777,1.0
2778,5.0
2779,4.0
2780,5.0
2781,
2782,6.0
2783,1.0
2784,
2785,2.0
2786,3.0
2787,
2788,5.0
2789,2.0
2790,2.0
2791,4.0
2792,6.0
2793,3.0
2794,5.0
2795,
2796,3.0
2797,5.0
2798,
2799,
2800,
2801,2.0
2802,
2803,
2804,5.0
2805,
2806,
2807,4.0
2808,4.0
2809,3.0
2810,2.0
2811,
2812,
2813,
2814,
2815,
2816,6.0
2817,1.0
2818,
2819,3.0
2820,5.0
2821,
2822,
2823,
2824,6.0
2825,
2826,5.0
2827,1.0
2828,2.0
2829,1.0
2830,3.0
2831,3.0
2832,5.0
2833,5.0
2834,4.0
2835,4.0
2836,5.0
2837,1.0
2838,2.0
2839,1.0
2840,
2841,1.0
2842,2.0
2843,1.0
2844,
2845,5.0
2846,1.0
2847,4.0
2848,3.0
2849,
2850,1.0
2851,2.0
2852,
2853,2.0
2854,1.0
2855,
2856,
2857,
2858,5.0
2859,1.0
2860,
2861,3.0
2862,5.0
2863,1.0
2864,1.0
2865,4.0
2866,1.0
2867,
2868,
2869,
2870,
2871,4.0
2872,5.0
2873,3.0
2874,
2875,4.0
2876,
2877,
2878,4.0
2879,
2880,1.0
2881,1.0
2882,2.0
2883,
2884,1.0
2885,
2886,3.0
2887,
2888,
2889,2.0
2890,1.0
2891,2.0
2892,4.0
2893,4.0
2894,6.0
2895,6.0
2896,
2897,
2898,4.0
2899,
2900,5.0
2901,4.0
2902,4.0
2903,
2904,1.0
2905,4.0
2906,
2907,1.0
2908,2.0
2909,3.0
2910,4.0
2911,1.0
2912,2.0
2913,
2914,
2915,2.0
2916,4.0
2917,6.0
2918,3.0
2919,2.0
2920,5.0
2921,5.0
2922,6.0
2923,5.0
2924,
2925,4.0
2926,1.0
2927,1.0
2928,2.0
2929,
2930,4.0
2931,3.0
2932,1.0
2933,6.0
2934,5.0
2935,
2936,
2937,6.0
2938,1.0
2939,2.0
2940,6.0
2941,3.0
2942,4.0
2943,4.0
2944,1.0
2945,1.0
2946,4.0
2947,6.0
2948,2.0
2949,
2950,4.0
2951,1.0
2952,3.0
2953,2.0
2954,
2955,1.0
2956,4.0
2957,2.0
2958,
2959,2.0
2960,1.0
2961,5.0
2962,4.0
2963,4.0
2964,
2965,3.0
2966,4.0
2967,1.0
2968,3.0
2969,
2970,
2971,6.0
2972,
2973,5.0
2974,
2975,3.0
2976,6.0
2977,4.0
2978,1.0
2979,5.0
2980,
2981,1.0
2982,
2983,
2984,1.0
2985,4.0
2986,4.0
2987,4.0
2988,5.0
2989,4.0
2990,4.0
2991,
2992,4.0
2993,2.0
2994,6.0
2995,
2996,
2997,1.0
2998,
2999,2.0
3000,
3001,4.0
3002,5.0
3003,2.0
3004,
3005,2.0
3006,2.0
3007,
3008,5.0
3009,3.0
3010,2.0
3011,2.0
3012,3.0
3013,4.0
3014,1.0
3015,
3016,2.0
3017,2.0
3018,1.0
3019,
3020,
3021,2.0
3022,
3023,3.0
3024,2.0
3025,3.0
3026,2.0
3027,
3028,5.0
3029,5.0
3030,3.0
3031,2.0
3032,4.0
3033,1.0
3034,
3035,3.0
3036,4.0
3037,2.0
3038,2.0
3039,6.0
3040,
3041,2.0
3042,6.0
3043,2.0
3044,1.0
3045,
3046,4.0
3047,4.0
3048,1.0
3049,4.0
3050,5.0
3051,4.0
3052,4.0
3053,5.0
3054,
3055,2.0
3056,1.0
3057,2.0
3058,5.0
3059,
3060,5.0
3061,5.0
3062,3.0
3063,5.0
3064,1.0
3065,
3066,
3067,
3068,
3069,5.0
3070,2.0
3071,2.0
3072,
3073,3.0
3074,
3075,
3076,
3077,2.0
3078,
3079,
3080,
3081,5.0
3082,
3083,
3084,
3085,5.0
3086,
3087,5.0
3088,3.0
3089,
3090,1.0
3091,5.0
3092,
3093,3.0
3094,
3095,6.0
3096,3.0
3097,3.0
3098,2.0
3099,2.0
3100,1.0
3101,2.0
3102,3.0
3103,4.0
3104,
3105,
3106,
3107,5.0
3108,3.0
3109,2.0
3110,1.0
3111,
3112,
3113,
3114,1.0
3115,3.0
3116,2.0
3117,
3118,
3119,6.0
3120,5.0
3121,2.0
3122,
3123,3.0
3124,4.0
3125,2.0
3126,6.0
3127,3.0
3128,2.0
3129,1.0
3130,4.0
3131,2.0
3132,3.0
3133,1.0
3134,2.0
3135,
3136,2.0
3137,
3138,
3139,1.0
3140,2.0
3141,2.0
3142,
3143,
3144,5.0
3145,5.0
3146,2.0
3147,
3148,2.0
3149,1.0
3150,4.0
3151,3.0
3152,
3153,
3154,2.0
3155,
3156,6.0
3157,1.0
3158,1.0
3159,6.0
3160,4.0
3161,1.0
3162,1.0
3163,
3164,2.0
3165,5.0
3166,6.0
3167,
3168,5.0
3169,
3170,5.0
3171,4.0
3172,1.0
3173,4.0
3174,5.0
3175,
3176,4.0
3177,3.0
3178,5.0
3179,3.0
3180,5.0
3181,1.0
3182,4.0
3183,3.0
3184,
3185,1.0
3186,1.0
3187,1.0
3188,5.0
3189,3.0
3190,5.0
3191,1.0
3192,4.0
3193,
3194,1.0
3195,
3196,1.0
3197,4.0
3198,5.0
3199,
3200,6.0
3201,
3202,4.0
3203,2.0
3204,2.0
3205,2.0
3206,2.0
3207,5.0
3208,5.0
3209,1.0
3210,5.0
3211,1.0
3212,1.0
3213,
3214,5.0
3215,5.0
3216,
3217,3.0
3218,
3219,
3220,2.0
3221,4.0
3222,3.0
3223,6.0
3224,6.0
3225,2.0
3226,1.0
3227,3.0
3228,5.0
3229,6.0
3230,5.0
3231,4.0
3232,5.0
3233,2.0
3234,
3235,1.0
3236,
3237,3.0
3238,
3239,1.0
3240,5.0
3241,1.0
3242,2.0
3243,1.0
3244,3.0
3245,1.0
3246,5.0
3247,5.0
3248,1.0
3249,3.0
3250,4.0
3251,
3252,3.0
3253,6.0
3254,2.0
3255,
3256,3.0
3257,3.0
3258,2.0
3259,5.0
3260,3.0
3261,1.0
3262,4.0
3263,5.0
3264,4.0
3265,
3266,1.0
3267,3.0
3268,3.0
3269,1.0
3270,
3271,
3272,
3273,6.0
3274,
3275,3.0
3276,5.0
3277,4.0
3278,
3279,5.0
3280,
3281,3.0
3282,2.0
3283,
3284,5.0
3285,6.0
3286,5.0
3287,
3288,1.0
3289,5.0
3290,2.0
3291,
3292,5.0
3293,3.0
3294,
3295,6.0
3296,
3297,5.0
3298,
3299,3.0
3300,2.0
3301,
3302,1.0
3303,
3304,2.0
3305,4.0
3306,5.0
3307,4.0
3308,2.0
3309,5.0
3310,2.0
3311,1.0
3312,5.0
3313,
3314,
3315,1.0
3316,4.0
3317,4.0
3318,2.0
3319,4.0
3320,
3321,5.0
3322,5.0
3323,4.0
3324,
3325,1.0
3326,3.0
3327,2.0
3328,
3329,
3330,4.0
3331,2.0
3332,3.0
3333,
3334,2.0
3335,2.0
3336,4.0
3337,5.0
3338,2.0
3339,
3340,4.0
3341,1.0
3342,1.0
3343,
3344,1.0
3345,
3346,4.0
3347,4.0
3348,1.0
3349,
3350,
3351,1.0
3352,5.0
3353,4.0
3354,4.0
3355,
3356,1.0
3357,4.0
3358,4.0
3359,4.0
3360,3.0
3361,
3362,
3363,
3364,5.0
3365,
3366,5.0
3367,5.0
3368,4.0
3369,
3370,6.0
3371,3.0
3372,
3373,2.0
3374,5.0
3375,
3376,2.0
3377,2.0
3378,
3379,
3380,
3381,
3382,1.0
3383,2.0
3384,5.0
3385,5.0
3386,2.0
3387,
3388,3.0
3389,
3390,4.0
3391,3.0
3392,6.0
3393,
3394,
3395,3.0
3396,1.0
3397,4.0
3398,5.0
3399,
3400,
3401,2.0
3402,5.0
3403,4.0
3404,
3405,4.0
3406,
3407,
3408,1.0
3409,2.0
3410,
3411,6.0
3412,2.0
3413,
3414,1.0
3415,1.0
3416,4.0
3417,
3418,3.0
3419,
3420,2.0
3421,2.0
3422,1.0
3423,5.0
3424,3.0
3425,
3426,4.0
3427,4.0
3428,2.0
3429,
3430,3.0
3431,
3432,
3433,1.0
3434,5.0
3435,3.0
3436,1.0
3437,5.0
3438,5.0
3439,
3440,1.0
3441,4.0
3442,2.0
3443,4.0
3444,1.0
3445,3.0
3446,5.0
3447,
3448,
3449,
3450,1.0
3451,5.0
3452,5.0
3453,
3454,1.0
3455,4.0
3456,
3457,1.0
3458,
3459,5.0
3460,4.0
3461,
3462,
3463,5.0
3464,6.0
3465,5.0
3466,
3467,4.0
3468,2.0
3469,
3470,3.0
3471,5.0
3472,
3473,5.0
3474,5.0
3475,1.0
3476,
3477,2.0
3478,1.0
3479,5.0
3480,
3481,3.0
3482,2.0
3483,5.0
3484,2.0
3485,6.0
3486,1.0
3487,6.0
3488,
3489,3.0
3490,3.0
3491,5.0
3492,4.0
3493,
3494,
3495,3.0
3496,2.0
3497,5.0
3498,5.0
3499,1.0
3500,6.0
3501,
3502,3.0
3503,1.0
3504,6.0
3505,5.0
3506,2.0
3507,4.0
3508,3.0
3509,4.0
3510,5.0
3511,2.0
3512,5.0
3513,3.0
3514,5.0
3515,3.0
3516,
3517,1.0
3518,3.0
3519,4.0
3520,
3521,1.0
3522,
3523,5.0
3524,4.0
3525,5.0
3526,
3527,3.0
3528,5.0
3529,5.0
3530,1.0
3531,
3532,5.0
3533,
3534,1.0
3535,
3536,1.0
3537,3.0
3538,1.0
3539,
3540,
3541,5.0
3542,1.0
3543,
3544,2.0
3545,2.0
3546,5.0
3547,5.0
3548,
3549,4.0
3550,1.0
3551,1.0
3552,
3553,3.0
3554,
3555,5.0
3556,3.0
3557,5.0
3558,3.0
3559,1.0
3560,5.0
3561,5.0
3562,5.0
3563,3.0
3564,4.0
3565,1.0
3566,
3567,1.0
3568,5.0
3569,4.0
3570,5.0
3571,
3572,
3573,5.0
3574,1.0
3575,1.0
3576,
3577,
3578,2.0
3579,
3580,5.0
3581,1.0
3582,2.0
3583,
3584,6.0
3585,2.0
3586,4.0
3587,5.0
3588,2.0
3589,
3590,2.0
3591,
3592,4.0
3593,
3594,
3595,5.0
3596,5.0
3597,
3598,
3599,4.0
3600,5.0
3601,6.0
3602,3.0
3603,
3604,4.0
3605,4.0
3606,1.0
3607,1.0
3608,1.0
3609,
3610,3.0
3611,4.0
3612,1.0
3613,6.0
3614,
3615,4.0
3616,
3617,5.0
3618,5.0
3619,5.0
3620,3.0
3621,3.0
3622,3.0
3623,3.0
3624,
3625,1.0
3626,
3627,4.0
3628,1.0
3629,5.0
3630,
3631,
3632,
3633,3.0
3634,
3635,1.0
3636,1.0
3637,4.0
3638,
3639,
3640,
3641,3.0
3642,1.0
3643,6.0
3644,
3645,
3646,5.0
3647,
3648,
3649,
3650,2.0
3651,2.0
3652,3.0
3653,5.0
3654,5.0
3655,2.0
3656,1.0
3657,2.0
3658,
3659,
3660,
3661,3.0
3662,3.0
3663,1.0
3664,
3665,3.0
3666,
3667,4.0
3668,2.0
3669,2.0
3670,2.0
3671,2.0
3672,
3673,
3674,3.0
3675,
3676,1.0
3677,6.0
3678,
3679,4.0
3680,
3681,5.0
3682,
3683,2.0
3684,2.0
3685,
3686,
3687,
3688,5.0
3689,
3690,1.0
3691,
3692,
3693,
3694,5.0
3695,1.0
3696,5.0
3697,
3698,1.0
3699,
3700,5.0
3701,5.0
3702,1.0
3703,
3704,
3705,2.0
3706,4.0
3707,2.0
3708,5.0
3709,2.0
3710,2.0
3711,5.0
3712,2.0
3713,
3714,2.0
3715,
3716,1.0
3717,
3718,5.0
3719,3.0
3720,5.0
3721,3.0
3722,2.0
3723,
3724,
3725,
3726,1.0
3727,5.0
3728,
3729,5.0
3730,1.0
3731,1.0
3732,2.0
3733,3.0
3734,1.0
3735,2.0
3736,
3737,1.0
3738,
3739,2.0
3740,1.0
3741,
3742,5.0
3743,
3744,5.0
3745,1.0
3746,
3747,
3748,5.0
3749,2.0
3750,
3751,3.0
3752,1.0
3753,4.0
3754,2.0
3755,3.0
3756,5.0
3757,
3758,2.0
3759,
3760,6.0
3761,
3762,5.0
3763,2.0
3764,6.0
3765,
3766,2.0
3767,2.0
3768,3.0
3769,2.0
3770,4.0
3771,3.0
3772,
3773,2.0
3774,
3775,2.0
3776,
3777,5.0
3778,4.0
3779,2.0
3780,5.0
3781,5.0
3782,5.0
3783,5.0
3784,
3785,3.0
3786,5.0
3787,1.0
3788,5.0
3789,1.0
3790,5.0
3791,4.0
3792,6.0
3793,5.0
3794,1.0
3795,2.0
3796,3.0
3797,
3798,2.0
3799,4.0
3800,4.0
3801,2.0
3802,
3803,
3804,5.0
3805,1.0
3806,4.0
3807,2.0
3808,6.0
3809,4.0
3810,6.0
3811,6.0
3812,
3813,5.0
3814,
3815,5.0
3816,5.0
3817,
3818,
3819,3.0
3820,4.0
3821,2.0
3822,1.0
3823,4.0
3824,
3825,4.0
3826,2.0
3827,
3828,
3829,6.0
3830,4.0
3831,4.0
3832,4.0
3833,
3834,3.0
3835,1.0
3836,
3837,
3838,2.0
3839,
3840,3.0
3841,2.0
3842,
3843,
3844,1.0
3845,3.0
3846,
3847,3.0
3848,
3849,6.0
3850,
3851,2.0
3852,
3853,5.0
3854,1.0
3855,2.0
3856,2.0
3857,2.0
3858,2.0
3859,
3860,1.0
3861,4.0
3862,5.0
3863,1.0
3864,
3865,1.0
3866,3.0
3867,5.0
3868,2.0
3869,
3870,
3871,5.0
3872,
3873,6.0
3874,4.0
3875,
3876,2.0
3877,2.0
3878,
3879,1.0
3880,5.0
3881,5.0
3882,4.0
3883,5.0
3884,
3885,4.0
3886,
3887,2.0
3888,3.0
3889,1.0
3890,
3891,
3892,
3893,2.0
3894,1.0
3895,4.0
3896,
3897,2.0
3898,2.0
3899,1.0
3900,3.0
3901,5.0
3902,3.0
3903,4.0
3904,3.0
3905,1.0
3906,
3907,1.0
3908,3.0
3909,3.0
3910,5.0
3911,5.0
3912,3.0
3913,3.0
3914,
3915,2.0
3916,2.0
3917,5.0
3918,6.0
3919,5.0
3920,
3921,2.0
3922,1.0
3923,
3924,2.0
3925,4.0
3926,
3927,4.0
3928,3.0
3929,3.0
3930,3.0
3931,
3932,3.0
3933,1.0
3934,5.0
3935,4.0
3936,3.0
3937,2.0
3938,
3939,5.0
3940,5.0
3941,
3942,1.0
3943,
3944,4.0
3945,3.0
3946,3.0
3947,
3948,
3949,3.0
3950,
3951,4.0
3952,
3953,5.0
3954,2.0
3955,3.0
3956,
3957,
3958,5.0
3959,4.0
3960,5.0
3961,6.0
3962,4.0
3963,
3964,6.0
3965,4.0
3966,5.0
3967,5.0
3968,
3969,5.0
3970,3.0
3971,4.0
3972,
3973,2.0
3974,3.0
3975,
3976,6.0
3977,
3978,1.0
3979,5.0
3980,5.0
3981,1.0
3982,2.0
3983,
3984,
3985,
3986,
3987,
3988,6.0
3989,4.0
3990,1.0
3991,
3992,4.0
3993,
3994,
3995,2.0
3996,
3997,5.0
3998,3.0
3999,5.0
4000,1.0
4001,1.0
4002,3.0
4003,5.0
4004,1.0
4005,
4006,5.0
4007,4.0
4008,5.0
4009,
4010,4.0
4011,5.0
4012,1.0
4013,
4014,
4015,
4016,6.0
4017,5.0
4018,
4019,5.0
4020,3.0
4021,5.0
4022,4.0
4023,2.0
4024,4.0
4025,5.0
4026,3.0
4027,5.0
4028,
4029,
4030,6.0
4031,2.0
4032,1.0
4033,4.0
4034,4.0
4035,2.0
4036,5.0
4037,5.0
4038,
4039,5.0
4040,3.0
4041,4.0
4042,2.0
4043,
4044,5.0
4045,
4046,4.0
4047,1.0
4048,5.0
4049,2.0
4050,4.0
4051,3.0
4052,6.0
4053,2.0
4054,1.0
4055,6.0
4056,4.0
4057,1.0
4058,5.0
4059,2.0
4060,2.0
4061,1.0
4062,
4063,
4064,4.0
4065,
4066,3.0
4067,1.0
4068,3.0
4069,5.0
4070,
4071,4.0
4072,5.0
4073,1.0
4074,
4075,3.0
4076,
4077,5.0
4078,5.0
4079,
4080,5.0
4081,4.0
4082,
4083,1.0
4084,5.0
4085,5.0
4086,4.0
4087,3.0
4088,
4089,1.0
4090,
4091,2.0
4092,6.0
4093,1.0
4094,5.0
4095,
4096,4.0
4097,3.0
4098,1.0
4099,2.0
4100,4.0
4101,6.0
4102,1.0
4103,
4104,
4105,3.0
4106,3.0
4107,2.0
4108,2.0
4109,
4110,5.0
4111,4.0
4112,
4113,5.0
4114,2.0
4115,
4116,1.0
4117,4.0
4118,2.0
4119,
4120,
4121,
4122,6.0
4123,5.0
4124,1.0
4125,
4126,
4127,
4128,1.0
4129,5.0
4130,
4131,3.0
4132,
4133,2.0
4134,3.0
4135,4.0
4136,1.0
4137,1.0
4138,5.0
4139,4.0
4140,6.0
4141,1.0
4142,1.0
4143,2.0
4144,
4145,1.0
4146,4.0
4147,5.0
4148,3.0
4149,1.0
4150,5.0
4151,3.0
4152,1.0
4153,4.0
4154,3.0
4155,3.0
4156,3.0
4157,
4158,
4159,2.0
4160,
4161,4.0
4162,6.0
4163,5.0
4164,6.0
4165,1.0
4166,5.0
4167,4.0
4168,
4169,3.0
4170,2.0
4171,4.0
4172,5.0
4173,
4174,3.0
4175,5.0
4176,
4177,4.0
4178,
4179,1.0
4180,
4181,2.0
4182,5.0
4183,3.0
4184,3.0
4185,
4186,4.0
4187,4.0
4188,1.0
4189,
4190,3.0
4191,4.0
4192,4.0
4193,5.0
4194,
4195,
4196,
4197,5.0
4198,
4199,
4200,4.0
4201,5.0
4202,2.0
4203,3.0
4204,4.0
4205,1.0
4206,1.0
4207,
4208,1.0
4209,5.0
4210,
4211,5.0
4212,
4213,2.0
4214,4.0
4215,4.0
4216,1.0
4217,3.0
4218,6.0
4219,2.0
4220,2.0
4221,5.0
4222,
4223,5.0
4224,1.0
4225,
4226,
4227,5.0
4228,4.0
4229,1.0
4230,1.0
4231,
4232,
4233,1.0
4234,1.0
4235,1.0
4236,5.0
4237,
4238,4.0
4239,2.0
4240,
4241,5.0
4242,2.0
4243,1.0
4244,4.0
4245,1.0
4246,5.0
4247,
4248,4.0
4249,1.0
4250,4.0
4251,6.0
4252,1.0
4253,3.0
4254,3.0
4255,2.0
4256,1.0
4257,1.0
4258,2.0
4259,3.0
4260,2.0
4261,6.0
4262,5.0
4263,6.0
4264,5.0
4265,
4266,6.0
4267,
4268,3.0
4269,2.0
4270,2.0
4271,5.0
4272,2.0
4273,
4274,5.0
4275,4.0
4276,5.0
4277,
4278,
4279,4.0
4280,4.0
4281,5.0
4282,2.0
4283,6.0
4284,6.0
4285,2.0
4286,
4287,3.0
4288,2.0
4289,
4290,2.0
4291,5.0
4292,
4293,
4294,6.0
4295,4.0
4296,
4297,2.0
4298,1.0
4299,5.0
4300,
4301,5.0
4302,2.0
4303,5.0
4304,3.0
4305,
4306,
4307,3.0
4308,
4309,6.0
4310,1.0
4311,1.0
4312,
4313,6.0
4314,1.0
4315,
4316,1.0
4317,4.0
4318,
4319,5.0
4320,4.0
4321,6.0
4322,
4323,
4324,
4325,3.0
4326,5.0
4327,
4328,
4329,5.0
4330,2.0
4331,
4332,1.0
4333,4.0
4334,
4335,5.0
4336,4.0
4337,6.0
4338,2.0
4339,6.0
4340,4.0
4341,
4342,2.0
4343,5.0
4344,2.0
4345,6.0
4346,6.0
4347,
4348,
4349,4.0
4350,4.0
4351,
4352,4.0
4353,1.0
4354,1.0
4355,
4356,3.0
4357,
4358,5.0
4359,5.0
4360,5.0
4361,5.0
4362,5.0
4363,5.0
4364,
4365,3.0
4366,5.0
4367,4.0
4368,4.0
4369,4.0
4370,
4371,2.0
4372,6.0
4373,2.0
4374,5.0
4375,4.0
4376,
4377,
4378,1.0
4379,2.0
4380,2.0
4381,
4382,1.0
4383,1.0
4384,1.0
4385,
4386,3.0
4387,4.0
4388,3.0
4389,1.0
4390,6.0
4391,1.0
4392,1.0
4393,3.0
4394,5.0
4395,6.0
4396,4.0
4397,3.0
4398,5.0
4399,
4400,2.0
4401,5.0
4402,
4403,
4404,2.0
4405,2.0
4406,1.0
4407,2.0
4408,3.0
4409,4.0
4410,
4411,4.0
4412,
4413,5.0
4414,2.0
4415,2.0
4416,4.0
4417,
4418,4.0
4419,5.0
4420,5.0
4421,6.0
4422,3.0
4423,5.0
4424,4.0
4425,
4426,2.0
4427,3.0
4428,
4429,3.0
4430,
4431,
4432,
4433,5.0
4434,
4435,2.0
4436,4.0
4437,2.0
4438,5.0
4439,2.0
4440,
4441,2.0
4442,4.0
4443,5.0
4444,4.0
4445,
4446,
4447,5.0
4448,1.0
4449,5.0
4450,
4451,
4452,5.0
4453,3.0
4454,
4455,1.0
4456,6.0
4457,1.0
4458,1.0
4459,6.0
4460,5.0
4461,
4462,2.0
4463,2.0
4464,5.0
4465,5.0
4466,4.0
4467,3.0
4468,
4469,4.0
4470,
4471,5.0
4472,3.0
4473,5.0
4474,5.0
4475,
4476,2.0
4477,
4478,3.0
4479,3.0
4480,5.0
4481,3.0
4482,5.0
4483,1.0
4484,4.0
4485,1.0
4486,2.0
4487,1.0
4488,5.0
4489,6.0
4490,
4491,
4492,3.0
4493,3.0
4494,1.0
4495,3.0
4496,4.0
4497,1.0
4498,
4499,5.0
4500,4.0
4501,5.0
4502,2.0
4503,5.0
4504,2.0
4505,5.0
4506,
4507,3.0
4508,1.0
4509,6.0
4510,
4511,2.0
4512,6.0
4513,1.0
4514,1.0
4515,2.0
4516,3.0
4517,5.0
4518,
4519,2.0
4520,5.0
4521,3.0
4522,6.0
4523,4.0
4524,
4525,
4526,4.0
4527,1.0
4528,4.0
4529,
4530,5.0
4531,5.0
4532,
4533,4.0
4534,5.0
4535,2.0
4536,
4537,2.0
4538,
4539,4.0
4540,6.0
4541,
4542,2.0
4543,5.0
4544,1.0
4545,4.0
4546,3.0
4547,5.0
4548,
4549,1.0
4550,
4551,6.0
4552,5.0
4553,
4554,1.0
4555,2.0
4556,
4557,2.0
4558,1.0
4559,4.0
4560,2.0
4561,4.0
4562,5.0
4563,4.0
4564,4.0
4565,2.0
4566,3.0
4567,2.0
4568,2.0
4569,2.0
4570,2.0
4571,2.0
4572,2.0
4573,6.0
4574,1.0
4575,2.0
4576,3.0
4577,5.0
4578,6.0
4579,
4580,1.0
4581,
4582,4.0
4583,4.0
4584,3.0
4585,5.0
4586,
4587,5.0
4588,4.0
4589,1.0
4590,5.0
4591,2.0
4592,3.0
4593,2.0
4594,1.0
4595,3.0
4596,
4597,
4598,3.0
4599,
4600,3.0
4601,
4602,1.0
4603,2.0
4604,1.0
4605,4.0
4606,
4607,5.0
4608,2.0
4609,6.0
4610,
4611,6.0
4612,2.0
4613,4.0
4614,
4615,6.0
4616,
4617,4.0
4618,2.0
4619,5.0
4620,5.0
4621,5.0
4622,3.0
4623,1.0
4624,2.0
4625,3.0
4626,1.0
4627,6.0
4628,4.0
4629,
4630,
4631,
4632,1.0
4633,5.0
4634,3.0
4635,5.0
4636,5.0
4637,2.0
4638,
4639,1.0
4640,
4641,1.0
4642,4.0
4643,5.0
4644,1.0
4645,6.0
4646,4.0
4647,1.0
4648,4.0
4649,5.0
4650,
4651,2.0
4652,5.0
4653,
4654,4.0
4655,
4656,
4657,
4658,1.0
4659,3.0
4660,6.0
4661,5.0
4662,2.0
4663,5.0
4664,2.0
4665,5.0
4666,3.0
4667,3.0
4668,5.0
4669,
4670,5.0
4671,1.0
4672,4.0
4673,3.0
4674,1.0
4675,
4676,
4677,2.0
4678,2.0
4679,4.0
4680,4.0
4681,
4682,5.0
4683,2.0
4684,
4685,
4686,6.0
4687,
4688,
4689,
4690,1.0
4691,1.0
4692,3.0
4693,
4694,1.0
4695,1.0
4696,6.0
4697,1.0
4698,
4699,2.0
4700,
4701,1.0
4702,
4703,2.0
4704,4.0
4705,
4706,
4707,5.0
4708,1.0
4709,5.0
4710,
4711,4.0
4712,4.0
4713,
4714,3.0
4715,5.0
4716,4.0
4717,5.0
4718,1.0
4719,5.0
4720,1.0
4721,
4722,
4723,
4724,5.0
4725,2.0
4726,4.0
4727,5.0
4728,
4729,4.0
4730,
4731,4.0
4732,4.0
4733,
4734,
4735,
4736,
4737,5.0
4738,1.0
4739,1.0
4740,6.0
4741,2.0
4742,
4743,5.0
4744,4.0
4745,2.0
4746,5.0
4747,3.0
4748,4.0
4749,2.0
4750,
4751,4.0
4752,4.0
4753,
4754,
4755,6.0
4756,4.0
4757,
4758,5.0
4759,1.0
4760,
4761,4.0
4762,
4763,1.0
4764,4.0
4765,1.0
4766,1.0
4767,
4768,
4769,
4770,1.0
4771,4.0
4772,2.0
4773,6.0
4774,2.0
4775,5.0
4776,5.0
4777,4.0
4778,
4779,5.0
4780,1.0
4781,4.0
4782,4.0
4783,
4784,3.0
4785,3.0
4786,4.0
4787,4.0
4788,
4789,
4790,4.0
4791,5.0
4792,1.0
4793,3.0
4794,4.0
4795,
4796,6.0
4797,
4798,3.0
4799,5.0
4800,1.0
4801,
4802,3.0
4803,
4804,5.0
4805,
4806,5.0
4807,6.0
4808,2.0
4809,5.0
4810,6.0
4811,3.0
4812,4.0
4813,
4814,3.0
4815,6.0
4816,1.0
4817,
4818,3.0
4819,1.0
4820,2.0
4821,3.0
4822,2.0
4823,2.0
4824,
4825,3.0
4826,
4827,1.0
4828,4.0
4829,
4830,1.0
4831,5.0
4832,4.0
4833,5.0
4834,1.0
4835,2.0
4836,
4837,4.0
4838,1.0
4839,
4840,
4841,1.0
4842,
4843,1.0
4844,2.0
4845,4.0
4846,5.0
4847,5.0
4848,5.0
4849,
4850,1.0
4851,
4852,3.0
4853,3.0
4854,
4855,6.0
4856,
4857,
4858,3.0
4859,4.0
4860,3.0
4861,5.0
4862,4.0
4863,1.0
4864,
4865,
4866,5.0
4867,2.0
4868,
4869,3.0
4870,
4871,5.0
4872,5.0
4873,
4874,3.0
4875,3.0
4876,5.0
4877,2.0
4878,2.0
4879,1.0
4880,1.0
4881,1.0
4882,
4883,
4884,5.0
4885,
4886,
4887,
4888,
4889,6.0
4890,5.0
4891,3.0
4892,4.0
4893,
4894,1.0
4895,1.0
4896,5.0
4897,1.0
4898,
4899,2.0
4900,
4901,3.0
4902,5.0
4903,3.0
4904,5.0
4905,4.0
4906,5.0
4907,
4908,1.0
4909,
4910,3.0
4911,2.0
4912,4.0
4913,3.0
4914,6.0
4915,5.0
4916,2.0
4917,5.0
4918,5.0
4919,5.0
4920,1.0
4921,1.0
4922,
4923,
4924,
4925,2.0
4926,5.0
4927,2.0
4928,
4929,2.0
4930,
4931,5.0
4932,3.0
4933,6.0
4934,
4935,3.0
4936,1.0
4937,3.0
4938,4.0
4939,4.0
4940,6.0
4941,3.0
4942,1.0
4943,
4944,3.0
4945,3.0
4946,6.0
4947,6.0
4948,5.0
4949,5.0
4950,
4951,2.0
4952,5.0
4953,2.0
4954,5.0
4955,2.0
4956,
4957,3.0
4958,5.0
4959,5.0
4960,
4961,2.0
4962,5.0
4963,2.0
4964,3.0
4965,4.0
4966,2.0
4967,1.0
4968,4.0
4969,1.0
4970,
4971,2.0
4972,3.0
4973,2.0
4974,1.0
4975,3.0
4976,4.0
4977,2.0
4978,
4979,5.0
4980,3.0
4981,4.0
4982,1.0
4983,1.0
4984,6.0
4985,1.0
4986,6.0
4987,5.0
4988,5.0
4989,2.0
4990,1.0
4991,3.0
4992,5.0
4993,6.0
4994,
4995,5.0
4996,5.0
4997,5.0
4998,4.0
4999,2.0
5000,2.0
5001,4.0
5002,
5003,
5004,3.0
5005,
5006,4.0
5007,1.0
5008,4.0
5009,
5010,5.0
5011,3.0
5012,1.0
5013,2.0
5014,3.0
5015,3.0
5016,
5017,2.0
5018,
5019,5.0
5020,2.0
5021,5.0
5022,1.0
5023,4.0
5024,3.0
5025,1.0
5026,6.0
5027,2.0
5028,2.0
5029,4.0
5030,
5031,6.0
5032,5.0
5033,
5034,2.0
5035,5.0
5036,4.0
5037,1.0
5038,
5039,1.0
5040,4.0
5041,
5042,6.0
5043,1.0
5044,
5045,3.0
5046,
5047,5.0
5048,3.0
5049,6.0
5050,2.0
5051,5.0
5052,
5053,5.0
5054,5.0
5055,
5056,3.0
5057,1.0
5058,
5059,
5060,
5061,5.0
5062,5.0
5063,1.0
5064,1.0
5065,1.0
5066,
5067,1.0
5068,2.0
5069,5.0
5070,4.0
5071,1.0
5072,1.0
5073,3.0
5074,3.0
5075,3.0
5076,4.0
5077,5.0
5078,6.0
5079,2.0
5080,
5081,5.0
5082,
5083,
5084,
5085,
5086,1.0
5087,5.0
5088,2.0
5089,
5090,1.0
5091,2.0
5092,
5093,2.0
5094,
5095,3.0
5096,
5097,5.0
5098,
5099,
5100,2.0
5101,1.0
5102,6.0
5103,5.0
5104,
5105,3.0
5106,5.0
5107,1.0
5108,2.0
5109,5.0
5110,
5111,5.0
5112,3.0
5113,
5114,1.0
5115,1.0
5116,5.0
5117,2.0
5118,3.0
5119,2.0
5120,3.0
5121,1.0
5122,5.0
5123,
5124,5.0
5125,4.0
5126,
5127,2.0
5128,2.0
5129,3.0
5130,2.0
5131,5.0
5132,
5133,5.0
5134,5.0
5135,5.0
5136,1.0
5137,4.0
5138,
5139,5.0
5140,4.0
5141,3.0
5142,2.0
5143,1.0
5144,1.0
5145,5.0
5146,2.0
5147,5.0
5148,6.0
5149,5.0
5150,4.0
5151,4.0
5152,
5153,1.0
5154,5.0
5155,5.0
5156,
5157,
5158,3.0
5159,4.0
5160,
5161,
5162,5.0
5163,3.0
5164,3.0
5165,4.0
5166,3.0
5167,3.0
5168,4.0
5169,
5170,2.0
5171,4.0
5172,5.0
5173,1.0
5174,
5175,6.0
5176,4.0
5177,
5178,5.0
5179,4.0
5180,1.0
5181,4.0
5182,2.0
5183,5.0
5184,
5185,4.0
5186,2.0
5187,1.0
5188,
5189,3.0
5190,2.0
5191,
5192,
5193,5.0
5194,5.0
5195,1.0
5196,2.0
5197,3.0
5198,
5199,
5200,
5201,3.0
5202,4.0
5203,2.0
5204,3.0
5205,3.0
5206,5.0
5207,1.0
5208,
5209,
5210,
5211,3.0
5212,5.0
5213,
5214,6.0
5215,
5216,
5217,2.0
5218,5.0
5219,1.0
5220,3.0
5221,2.0
5222,5.0
5223,5.0
5224,
5225,2.0
5226,1.0
5227,2.0
5228,2.0
5229,2.0
5230,5.0
5231,1.0
5232,1.0
5233,
5234,1.0
5235,
5236,
5237,2.0
5238,1.0
5239,3.0
5240,2.0
5241,2.0
5242,1.0
5243,2.0
5244,1.0
5245,4.0
5246,3.0
5247,4.0
5248,4.0
5249,1.0
5250,1.0
5251,2.0
5252,1.0
5253,1.0
5254,5.0
5255,5.0
5256,4.0
5257,
5258,1.0
5259,1.0
5260,4.0
5261,2.0
5262,5.0
5263,5.0
5264,4.0
5265,3.0
5266,
5267,1.0
5268,3.0
5269,1.0
5270,5.0
5271,
5272,5.0
5273,4.0
5274,3.0
5275,6.0
5276,5.0
5277,1.0
5278,
5279,1.0
5280,5.0
5281,1.0
5282,3.0
5283,
5284,5.0
5285,
5286,
5287,2.0
5288,2.0
5289,5.0
5290,
5291,2.0
5292,1.0
5293,
5294,
5295,2.0
5296,5.0
5297,6.0
5298,4.0
5299,3.0
5300,5.0
5301,3.0
5302,3.0
5303,
5304,1.0
5305,
5306,4.0
5307,1.0
5308,2.0
5309,1.0
5310,1.0
5311,5.0
5312,
5313,
5314,5.0
5315,
5316,
5317,
5318,3.0
5319,1.0
5320,4.0
5321,
5322,2.0
5323,6.0
5324,6.0
5325,5.0
5326,3.0
5327,3.0
5328,6.0
5329,4.0
5330,4.0
5331,5.0
5332,2.0
5333,5.0
5334,
5335,1.0
5336,
5337,6.0
5338,4.0
5339,2.0
5340,
5341,5.0
5342,3.0
5343,3.0
5344,4.0
5345,4.0
5346,6.0
5347,5.0
5348,1.0
5349,2.0
5350,
5351,2.0
5352,4.0
5353,3.0
5354,
5355,
5356,
5357,1.0
5358,
5359,4.0
5360,
5361,2.0
5362,1.0
5363,
5364,5.0
5365,3.0
5366,4.0
5367,2.0
5368,2.0
5369,1.0
5370,3.0
5371,5.0
5372,
5373,5.0
5374,6.0
5375,
5376,
5377,3.0
5378,
5379,5.0
5380,
5381,2.0
5382,1.0
5383,2.0
5384,1.0
5385,6.0
5386,4.0
5387,4.0
5388,2.0
5389,2.0
5390,5.0
5391,5.0
5392,3.0
5393,5.0
5394,4.0
5395,3.0
5396,4.0
5397,5.0
5398,
5399,
5400,2.0
5401,
5402,
5403,4.0
5404,
5405,4.0
5406,5.0
5407,5.0
5408,
5409,2.0
5410,5.0
5411,4.0
5412,1.0
5413,6.0
5414,3.0
5415,5.0
5416,5.0
5417,
5418,
5419,5.0
5420,3.0
5421,1.0
5422,
5423,
5424,
5425,4.0
5426,4.0
5427,2.0
5428,3.0
5429,5.0
5430,5.0
5431,
5432,1.0
5433,
5434,5.0
5435,4.0
5436,6.0
5437,3.0
5438,1.0
5439,3.0
5440,2.0
5441,5.0
5442,4.0
5443,1.0
5444,
5445,
5446,5.0
5447,
5448,
5449,
5450,
5451,
5452,
5453,
5454,3.0
5455,
5456,5.0
5457,4.0
5458,2.0
5459,2.0
5460,
5461,4.0
5462,4.0
5463,
5464,4.0
5465,2.0
5466,3.0
5467,3.0
5468,5.0
5469,5.0
5470,1.0
5471,
5472,
5473,
5474,3.0
5475,
5476,2.0
5477,
5478,5.0
5479,5.0
5480,1.0
5481,5.0
5482,
5483,5.0
5484,
5485,5.0
5486,6.0
5487,1.0
5488,
5489,
5490,4.0
5491,
5492,
5493,4.0
5494,2.0
5495,5.0
5496,
5497,3.0
5498,3.0
5499,4.0
5500,4.0
5501,
5502,2.0
5503,2.0
5504,2.0
5505,
5506,
5507,3.0
5508,2.0
5509,4.0
5510,3.0
5511,4.0
5512,3.0
5513,
5514,
5515,2.0
5516,6.0
5517,
5518,5.0
5519,2.0
5520,5.0
5521,
5522,2.0
5523,2.0
5524,3.0
5525,
5526,
5527,3.0
5528,6.0
5529,5.0
5530,4.0
5531,2.0
5532,
5533,5.0
5534,1.0
5535,5.0
5536,5.0
5537,2.0
5538,5.0
5539,
5540,2.0
5541,
5542,2.0
5543,1.0
5544,3.0
5545,1.0
5546,6.0
5547,3.0
5548,
5549,3.0
5550,5.0
5551,
5552,
5553,3.0
5554,4.0
5555,3.0
5556,4.0
5557,
5558,2.0
5559,
5560,6.0
5561,6.0
5562,5.0
5563,4.0
5564,1.0
5565,5.0
5566,3.0
5567,4.0
5568,1.0
5569,
5570,
5571,
5572,4.0
5573,
5574,5.0
5575,3.0
5576,4.0
5577,
5578,5.0
5579,4.0
5580,3.0
5581,6.0
5582,
5583,
5584,5.0
5585,2.0
5586,5.0
5587,3.0
5588,4.0
5589,3.0
5590,2.0
5591,2.0
5592,
5593,2.0
5594,1.0
5595,1.0
5596,5.0
5597,1.0
5598,
5599,
5600,2.0
5601,5.0
5602,4.0
5603,2.0
5604,5.0
5605,
5606,
5607,3.0
5608,
5609,6.0
5610,1.0
5611,
5612,2.0
5613,2.0
5614,5.0
5615,4.0
5616,1.0
5617,5.0
5618,3.0
5619,1.0
5620,6.0
5621,4.0
5622,2.0
5623,5.0
5624,
5625,
5626,
5627,2.0
5628,5.0
5629,5.0
5630,3.0
5631,5.0
5632,1.0
5633,
5634,1.0
5635,
5636,3.0
5637,
5638,3.0
5639,
5640,
5641,4.0
5642,3.0
5643,4.0
5644,3.0
5645,1.0
5646,
5647,
5648,
5649,
5650,1.0
5651,
5652,
5653,
5654,
5655,4.0
5656,
5657,4.0
5658,
5659,5.0
5660,2.0
5661,5.0
5662,1.0
5663,2.0
5664,6.0
5665,4.0
5666,1.0
5667,1.0
5668,6.0
5669,3.0
5670,4.0
5671,3.0
5672,
5673,6.0
5674,1.0
5675,1.0
5676,
5677,1.0
5678,2.0
5679,1.0
5680,
5681,4.0
5682,4.0
5683,
5684,
5685,1.0
5686,
5687,3.0
5688,2.0
5689,1.0
5690,5.0
5691,
5692,1.0
5693,
5694,
5695,6.0
5696,1.0
5697,
5698,1.0
5699,
5700,1.0
5701,
5702,
5703,3.0
5704,
5705,3.0
5706,5.0
5707,2.0
5708,
5709,1.0
5710,1.0
5711,4.0
5712,3.0
5713,1.0
5714,5.0
5715,4.0
5716,1.0
5717,
5718,3.0
5719,6.0
5720,5.0
5721,1.0
5722,5.0
5723,1.0
5724,4.0
5725,
5726,4.0
5727,5.0
5728,4.0
5729,2.0
5730,
5731,4.0
5732,2.0
5733,4.0
5734,
5735,2.0
5736,4.0
5737,
5738,6.0
5739,
5740,5.0
5741,
5742,2.0
5743,1.0
5744,5.0
5745,5.0
5746,5.0
5747,
5748,6.0
5749,
5750,6.0
5751,
5752,1.0
5753,1.0
5754,2.0
5755,
5756,
5757,6.0
5758,4.0
5759,
5760,4.0
5761,6.0
5762,
5763,5.0
5764,1.0
5765,
5766,2.0
5767,
5768,2.0
5769,5.0
5770,2.0
5771,5.0
5772,2.0
5773,2.0
5774,
5775,1.0
5776,
5777,
5778,2.0
5779,3.0
5780,
5781,3.0
5782,1.0
5783,2.0
5784,
5785,
5786,
5787,2.0
5788,1.0
5789,5.0
5790,
5791,5.0
5792,2.0
5793,2.0
5794,5.0
5795,4.0
5796,4.0
5797,2.0
5798,4.0
5799,3.0
5800,4.0
5801,4.0
5802,2.0
5803,3.0
5804,1.0
5805,6.0
5806,4.0
5807,1.0
5808,3.0
5809,4.0
5810,3.0
5811,2.0
5812,
5813,
5814,3.0
5815,
5816,1.0
5817,6.0
5818,
5819,2.0
5820,1.0
5821,
5822,3.0
5823,4.0
5824,6.0
5825,2.0
5826,2.0
5827,
5828,1.0
5829,5.0
5830,1.0
5831,6.0
5832,5.0
5833,3.0
5834,2.0
5835,
5836,1.0
5837,1.0
5838,
5839,5.0
5840,1.0
5841,1.0
5842,5.0
5843,2.0
5844,3.0
5845,
5846,1.0
5847,
5848,5.0
5849,5.0
5850,5.0
5851,
5852,1.0
5853,
5854,
5855,5.0
5856,
5857,1.0
5858,1.0
5859,5.0
5860,2.0
5861,
5862,1.0
5863,
5864,4.0
5865,3.0
5866,4.0
5867,5.0
5868,
5869,
5870,4.0
5871,1.0
5872,1.0
5873,5.0
5874,2.0
5875,
5876,2.0
5877,5.0
5878,3.0
5879,1.0
5880,1.0
5881,
5882,5.0
5883,5.0
5884,2.0
5885,1.0
5886,4.0
5887,4.0
5888,2.0
5889,1.0
5890,
5891,3.0
5892,4.0
5893,2.0
5894,1.0
5895,1.0
5896,2.0
5897,
5898,1.0
5899,2.0
5900,3.0
5901,
5902,
5903,3.0
5904,5.0
5905,
5906,
5907,2.0
5908,6.0
5909,1.0
5910,2.0
5911,5.0
5912,
5913,
5914,
5915,2.0
5916,5.0
5917,
5918,
5919,
5920,5.0
5921,
5922,6.0
5923,5.0
5924,2.0
5925,4.0
5926,3.0
5927,2.0
5928,3.0
5929,
5930,1.0
5931,1.0
5932,
5933,1.0
5934,1.0
5935,
5936,5.0
5937,
5938,3.0
5939,5.0
5940,3.0
5941,1.0
5942,2.0
5943,3.0
5944,3.0
5945,
5946,2.0
5947,4.0
5948,5.0
5949,5.0
5950,3.0
5951,1.0
5952,2.0
5953,5.0
5954,2.0
5955,3.0
5956,1.0
5957,5.0
5958,4.0
5959,5.0
5960,1.0
5961,6.0
5962,3.0
5963,5.0
5964,5.0
5965,1.0
5966,2.0
5967,
5968,4.0
5969,3.0
5970,4.0
5971,
5972,3.0
5973,4.0
5974,
5975,
5976,
5977,5.0
5978,
5979,5.0
5980,5.0
5981,3.0
5982,5.0
5983,
5984,
5985,3.0
5986,1.0
5987,
5988,2.0
5989,2.0
5990,5.0
5991,4.0
5992,1.0
5993,1.0
5994,5.0
5995,6.0
5996,1.0
5997,4.0
5998,5.0
5999,2.0
6000,
6001,6.0
6002,2.0
6003,
6004,4.0
6005,2.0
6006,4.0
6007,
6008,2.0
6009,
6010,
6011,2.0
6012,4.0
6013,5.0
6014,1.0
6015,3.0
6016,4.0
6017,5.0
6018,2.0
6019,3.0
6020,
6021,
6022,5.0
6023,3.0
6024,4.0
6025,5.0
6026,
6027,5.0
6028,4.0
6029,6.0
6030,
6031,3.0
6032,
6033,4.0
6034,3.0
6035,2.0
6036,1.0
6037,2.0
6038,5.0
6039,2.0
6040,4.0
6041,1.0
6042,
6043,5.0
6044,3.0
6045,
6046,5.0
6047,2.0
6048,5.0
6049,
6050,
6051,
6052,3.0
6053,1.0
6054,
6055,4.0
6056,4.0
6057,3.0
6058,1.0
6059,3.0
6060,5.0
6061,1.0
6062,5.0
6063,
6064,
6065,4.0
6066,1.0
6067,1.0
6068,5.0
6069,3.0
6070,4.0
6071,4.0
6072,1.0
6073,5.0
6074,3.0
6075,
6076,
6077,
6078,2.0
6079,
6080,1.0
6081,
6082,
6083,4.0
6084,4.0
6085,3.0
6086,2.0
6087,5.0
6088,3.0
6089,2.0
6090,2.0
6091,5.0
6092,2.0
6093,3.0
6094,5.0
6095,
6096,
6097,3.0
6098,4.0
6099,3.0
6100,5.0
6101,1.0
6102,
6103,2.0
6104,1.0
6105,
6106,3.0
6107,
6108,2.0
6109,1.0
6110,
6111,
6112,3.0
6113,1.0
6114,
6115,3.0
6116,5.0
6117,
6118,6.0
6119,1.0
6120,5.0
6121,3.0
6122,
6123,6.0
6124,1.0
6125,
6126,1.0
6127,
6128,
6129,2.0
6130,1.0
6131,5.0
6132,4.0
6133,2.0
6134,
6135,1.0
6136,
6137,3.0
6138,5.0
6139,4.0
6140,6.0
6141,1.0
6142,4.0
6143,2.0
6144,4.0
6145,2.0
6146,
6147,1.0
6148,
6149,
6150,
6151,5.0
6152,1.0
6153,5.0
6154,
6155,
6156,5.0
6157,2.0
6158,
6159,3.0
6160,5.0
6161,3.0
6162,
6163,1.0
6164,5.0
6165,2.0
6166,2.0
6167,
6168,4.0
6169,5.0
6170,5.0
6171,2.0
6172,3.0
6173,
6174,6.0
6175,4.0
6176,
6177,1.0
6178,
6179,
6180,5.0
6181,3.0
6182,1.0
6183,2.0
6184,4.0
6185,3.0
6186,2.0
6187,
6188,4.0
6189,3.0
6190,
6191,1.0
6192,4.0
6193,3.0
6194,
6195,5.0
6196,2.0
6197,5.0
6198,1.0
6199,3.0
6200,5.0
6201,2.0
6202,1.0
6203,1.0
6204,
6205,1.0
6206,2.0
6207,1.0
6208,
6209,
6210,
6211,6.0
6212,
6213,
6214,
6215,4.0
6216,2.0
6217,2.0
6218,4.0
6219,5.0
6220,3.0
6221,
6222,3.0
6223,1.0
6224,1.0
6225,
6226,3.0
6227,2.0
6228,3.0
6229,
6230,2.0
6231,
6232,1.0
6233,2.0
6234,1.0
6235,
6236,4.0
6237,
6238,1.0
6239,2.0
6240,3.0
6241,5.0
6242,
6243,
6244,4.0
6245,2.0
6246,6.0
6247,6.0
6248,5.0
6249,
6250,2.0
6251,3.0
6252,5.0
6253,
6254,4.0
6255,6.0
6256,
6257,1.0
6258,
6259,4.0
6260,1.0
6261,2.0
6262,2.0
6263,
6264,
6265,2.0
6266,1.0
6267,5.0
6268,4.0
6269,
6270,1.0
6271,
6272,4.0
6273,1.0
6274,
6275,2.0
6276,3.0
6277,5.0
6278,
6279,3.0
6280,1.0
6281,3.0
6282,2.0
6283,1.0
6284,1.0
6285,3.0
6286,5.0
6287,5.0
6288,2.0
6289,2.0
6290,1.0
6291,1.0
6292,2.0
6293,
6294,3.0
6295,2.0
6296,5.0
6297,4.0
6298,4.0
6299,2.0
6300,5.0
6301,
6302,3.0
6303,6.0
6304,
6305,2.0
6306,3.0
6307,
6308,
6309,1.0
6310,4.0
6311,3.0
6312,4.0
6313,
6314,2.0
6315,1.0
6316,
6317,4.0
6318,
6319,
6320,3.0
6321,1.0
6322,
6323,1.0
6324,
6325,5.0
6326,
6327,6.0
6328,
6329,2.0
6330,5.0
6331,1.0
6332,
6333,2.0
6334,
6335,1.0
6336,3.0
6337,
6338,5.0
6339,1.0
6340,5.0
6341,4.0
6342,
6343,2.0
6344,
6345,6.0
6346,5.0
6347,
6348,3.0
6349,5.0
6350,
6351,4.0
6352,1.0
6353,
6354,6.0
6355,2.0
6356,
6357,1.0
6358,4.0
6359,
6360,
6361,3.0
6362,
6363,5.0
6364,2.0
6365,
6366,
6367,4.0
6368,4.0
6369,5.0
6370,
6371,3.0
6372,
6373,2.0
6374,5.0
6375,2.0
6376,3.0
6377,
6378,1.0
6379,5.0
6380,5.0
6381,2.0
6382,6.0
6383,3.0
6384,
6385,
6386,3.0
6387,4.0
6388,
6389,3.0
6390,
6391,
6392,
6393,
6394,5.0
6395,
6396,6.0
6397,1.0
6398,
6399,2.0
6400,2.0
6401,
6402,6.0
6403,2.0
6404,
6405,1.0
6406,1.0
6407,
6408,6.0
6409,5.0
6410,6.0
6411,1.0
6412,3.0
6413,
6414,4.0
6415,5.0
6416,
6417,4.0
6418,
6419,3.0
6420,
6421,1.0
6422,5.0
6423,2.0
6424,
6425,5.0
6426,3.0
6427,6.0
6428,5.0
6429,4.0
6430,1.0
6431,
6432,5.0
6433,6.0
6434,5.0
6435,2.0
6436,5.0
6437,
6438,3.0
6439,2.0
6440,2.0
6441,5.0
6442,2.0
6443,2.0
6444,4.0
6445,1.0
6446,2.0
6447,1.0
6448,2.0
6449,
6450,3.0
6451,2.0
6452,2.0
6453,5.0
6454,2.0
6455,1.0
6456,2.0
6457,5.0
6458,2.0
6459,
6460,
6461,3.0
6462,5.0
6463,4.0
6464,3.0
6465,
6466,
6467,
6468,4.0
6469,5.0
6470,6.0
6471,6.0
6472,
6473,2.0
6474,3.0
6475,4.0
6476,
6477,
6478,
6479,3.0
6480,3.0
6481,5.0
6482,2.0
6483,3.0
6484,4.0
6485,
6486,
6487,6.0
6488,4.0
6489,2.0
6490,4.0
6491,
6492,
6493,2.0
6494,
6495,
6496,
6497,
6498,4.0
6499,2.0
6500,2.0
6501,4.0
6502,4.0
6503,3.0
6504,2.0
6505,
6506,
6507,4.0
6508,4.0
6509,1.0
6510,5.0
6511,3.0
6512,5.0
6513,4.0
6514,3.0
6515,1.0
6516,3.0
6517,3.0
6518,6.0
6519,5.0
6520,4.0
6521,
6522,5.0
6523,
6524,
6525,5.0
6526,1.0
6527,6.0
6528,2.0
6529,2.0
6530,2.0
6531,4.0
6532,6.0
6533,4.0
6534,2.0
6535,5.0
6536,
6537,2.0
6538,3.0
6539,5.0
6540,5.0
6541,2.0
6542,2.0
6543,
6544,
6545,4.0
6546,6.0
6547,
6548,
6549,5.0
6550,4.0
6551,5.0
6552,1.0
6553,1.0
6554,
6555,
6556,2.0
6557,
6558,5.0
6559,
6560,1.0
6561,1.0
6562,3.0
6563,
6564,
6565,5.0
6566,
6567,
6568,
6569,1.0
6570,2.0
6571,
6572,2.0
6573,1.0
6574,
6575,5.0
6576,
6577,2.0
6578,3.0
6579,6.0
6580,4.0
6581,1.0
6582,
6583,1.0
6584,3.0
6585,
6586,1.0
6587,
6588,1.0
6589,
6590,5.0
6591,2.0
6592,2.0
6593,2.0
6594,2.0
6595,
6596,5.0
6597,3.0
6598,3.0
6599,3.0
6600,5.0
6601,4.0
6602,
6603,
6604,2.0
6605,5.0
6606,
6607,1.0
6608,3.0
6609,3.0
6610,5.0
6611,5.0
6612,5.0
6613,1.0
6614,
6615,6.0
6616,4.0
6617,3.0
6618,1.0
6619,4.0
6620,
6621,4.0
6622,
6623,
6624,2.0
6625,
6626,2.0
6627,2.0
6628,1.0
6629,
6630,5.0
6631,2.0
6632,2.0
6633,
6634,1.0
6635,3.0
6636,3.0
6637,
6638,3.0
6639,3.0
6640,3.0
6641,
6642,5.0
6643,2.0
6644,2.0
6645,3.0
6646,
6647,
6648,1.0
6649,3.0
6650,3.0
6651,4.0
6652,2.0
6653,2.0
6654,5.0
6655,3.0
6656,3.0
6657,2.0
6658,5.0
6659,2.0
6660,6.0
6661,
6662,1.0
6663,3.0
6664,5.0
6665,5.0
6666,5.0
6667,4.0
6668,
6669,4.0
6670,4.0
6671,5.0
6672,
6673,
6674,4.0
6675,5.0
6676,5.0
6677,3.0
6678,4.0
6679,3.0
6680,1.0
6681,2.0
6682,
6683,
6684,3.0
6685,1.0
6686,2.0
6687,3.0
6688,5.0
6689,3.0
6690,
6691,6.0
6692,5.0
6693,
6694,3.0
6695,5.0
6696,1.0
6697,
6698,3.0
6699,
6700,1.0
6701,
6702,5.0
6703,3.0
6704,
6705,1.0
6706,5.0
6707,4.0
6708,1.0
6709,1.0
6710,
6711,
6712,1.0
6713,
6714,5.0
6715,
6716,1.0
6717,6.0
6718,4.0
6719,2.0
6720,5.0
6721,
6722,4.0
6723,
6724,4.0
6725,5.0
6726,5.0
6727,5.0
6728,
6729,
6730,1.0
6731,
6732,1.0
6733,3.0
6734,5.0
6735,4.0
6736,1.0
6737,5.0
6738,
6739,
6740,5.0
6741,1.0
6742,
6743,
6744,
6745,4.0
6746,5.0
6747,
6748,2.0
6749,5.0
6750,1.0
6751,2.0
6752,1.0
6753,4.0
6754,4.0
6755,4.0
6756,3.0
6757,3.0
6758,1.0
6759,
6760,4.0
6761,3.0
6762,
6763,5.0
6764,
6765,5.0
6766,
6767,1.0
6768,1.0
6769,
6770,
6771,2.0
6772,
6773,1.0
6774,1.0
6775,2.0
6776,3.0
6777,2.0
6778,5.0
6779,4.0
6780,
6781,5.0
6782,
6783,6.0
6784,2.0
6785,5.0
6786,2.0
6787,4.0
6788,4.0
6789,5.0
6790,
6791,3.0
6792,1.0
6793,
6794,1.0
6795,4.0
6796,5.0
6797,1.0
6798,3.0
6799,5.0
6800,1.0
6801,
6802,4.0
6803,5.0
6804,2.0
6805,3.0
6806,
6807,5.0
6808,3.0
6809,
6810,
6811,2.0
6812,6.0
6813,3.0
6814,4.0
6815,
6816,6.0
6817,5.0
6818,3.0
6819,
6820,4.0
6821,2.0
6822,
6823,1.0
6824,1.0
6825,3.0
6826,4.0
6827,4.0
6828,2.0
6829,
6830,2.0
6831,
6832,
6833,
6834,6.0
6835,
6836,4.0
6837,1.0
6838,
6839,5.0
6840,3.0
6841,2.0
6842,5.0
6843,1.0
6844,3.0
6845,2.0
6846,3.0
6847,4.0
6848,
6849,4.0
6850,
6851,4.0
6852,2.0
6853,1.0
6854,1.0
6855,1.0
6856,5.0
6857,5.0
6858,1.0
6859,
6860,1.0
6861,1.0
6862,
6863,3.0
6864,6.0
6865,5.0
6866,
6867,5.0
6868,5.0
6869,
6870,
6871,6.0
6872,3.0
6873,1.0
6874,3.0
6875,4.0
6876,
6877,
6878,3.0
6879,2.0
6880,
6881,4.0
6882,3.0
6883,6.0
6884,5.0
6885,5.0
6886,3.0
6887,
6888,2.0
6889,
6890,
6891,
6892,4.0
6893,
6894,5.0
6895,3.0
6896,6.0
6897,
6898,3.0
6899,1.0
6900,2.0
6901,2.0
6902,1.0
6903,4.0
6904,4.0
6905,
6906,
6907,2.0
6908,
6909,
6910,6.0
6911,3.0
6912,
6913,1.0
6914,4.0
6915,5.0
6916,1.0
6917,5.0
6918,2.0
6919,1.0
6920,2.0
6921,2.0
6922,
6923,
6924,4.0
6925,3.0
6926,
6927,4.0
6928,
6929,3.0
6930,5.0
6931,1.0
6932,
6933,
6934,
6935,5.0
6936,
6937,1.0
6938,
6939,6.0
6940,6.0
6941,2.0
6942,
6943,
6944,
6945,6.0
6946,4.0
6947,
6948,2.0
6949,
6950,4.0
6951,
6952,4.0
6953,
6954,
6955,5.0
6956,5.0
6957,3.0
6958,1.0
6959,
6960,
6961,4.0
6962,
6963,4.0
6964,4.0
6965,
6966,2.0
6967,
6968,
6969,6.0
6970,1.0
6971,4.0
6972,2.0
6973,
6974,2.0
6975,1.0
6976,
6977,2.0
6978,
6979,1.0
6980,5.0
6981,6.0
6982,
6983,6.0
6984,4.0
6985,4.0
6986,1.0
6987,
6988,1.0
6989,3.0
6990,4.0
6991,1.0
6992,
6993,2.0
6994,5.0
6995,5.0
6996,5.0
6997,4.0
6998,3.0
6999,5.0
7000,5.0
7001,5.0
7002,5.0
7003,2.0
7004,
7005,4.0
7006,
7007,6.0
7008,
7009,3.0
7010,5.0
7011,1.0
7012,5.0
7013,
7014,1.0
7015,5.0
7016,1.0
7017,3.0
7018,
7019,
7020,5.0
7021,
7022,4.0
7023,
7024,
7025,6.0
7026,1.0
7027,
7028,
7029,4.0
7030,5.0
7031,4.0
7032,4.0
7033,3.0
7034,2.0
7035,2.0
7036,3.0
7037,5.0
7038,2.0
7039,5.0
7040,4.0
7041,
7042,4.0
7043,1.0
7044,2.0
7045,6.0
7046,3.0
7047,1.0
7048,
7049,4.0
7050,6.0
7051,3.0
7052,3.0
7053,1.0
7054,6.0
7055,
7056,
7057,6.0
7058,3.0
7059,3.0
7060,4.0
7061,3.0
7062,2.0
7063,2.0
7064,
7065,1.0
7066,1.0
7067,
7068,
7069,5.0
7070,1.0
7071,4.0
7072,2.0
7073,5.0
7074,1.0
7075,2.0
7076,4.0
7077,
7078,3.0
7079,2.0
7080,1.0
7081,5.0
7082,
7083,4.0
7084,
7085,3.0
7086,1.0
7087,
7088,
7089,1.0
7090,3.0
7091,2.0
7092,
7093,4.0
7094,2.0
7095,4.0
7096,5.0
7097,
7098,3.0
7099,5.0
7100,
7101,1.0
7102,
7103,5.0
7104,5.0
7105,5.0
7106,
7107,5.0
7108,4.0
7109,
7110,
7111,1.0
7112,
7113,5.0
7114,5.0
7115,6.0
7116,5.0
7117,1.0
7118,4.0
7119,3.0
7120,6.0
7121,3.0
7122,5.0
7123,3.0
7124,
7125,4.0
7126,5.0
7127,2.0
7128,1.0
7129,1.0
7130,
7131,3.0
7132,4.0
7133,
7134,4.0
7135,
7136,2.0
7137,5.0
7138,2.0
7139,
7140,1.0
7141,
7142,5.0
7143,
7144,1.0
7145,1.0
7146,5.0
7147,
7148,
7149,
7150,
7151,5.0
7152,5.0
7153,3.0
7154,5.0
7155,5.0
7156,1.0
7157,4.0
7158,
7159,
7160,4.0
7161,1.0
7162,4.0
7163,
7164,1.0
7165,2.0
7166,6.0
7167,1.0
7168,5.0
7169,2.0
7170,2.0
7171,1.0
7172,
7173,1.0
7174,1.0
7175,6.0
7176,4.0
7177,
7178,
7179,6.0
7180,1.0
7181,4.0
7182,2.0
7183,5.0
7184,5.0
7185,1.0
7186,
7187,
7188,1.0
7189,2.0
7190,
7191,2.0
7192,2.0
7193,3.0
7194,5.0
7195,
7196,6.0
7197,
7198,1.0
7199,
7200,3.0
7201,5.0
7202,
7203,5.0
7204,
7205,3.0
7206,2.0
7207,1.0
7208,3.0
7209,3.0
7210,3.0
7211,
7212,4.0
7213,5.0
7214,5.0
7215,
7216,1.0
7217,
7218,5.0
7219,3.0
7220,4.0
7221,5.0
7222,3.0
7223,3.0
7224,6.0
7225,2.0
7226,1.0
7227,
7228,
7229,
7230,3.0
7231,3.0
7232,2.0
7233,
7234,4.0
7235,3.0
7236,1.0
7237,4.0
7238,2.0
7239,
7240,
7241,5.0
7242,
7243,1.0
7244,
7245,2.0
7246,
7247,2.0
7248,3.0
7249,
7250,2.0
7251,3.0
7252,6.0
7253,4.0
7254,1.0
7255,6.0
7256,4.0
7257,4.0
7258,4.0
7259,
7260,3.0
7261,3.0
7262,
7263,
7264,
7265,
7266,
7267,4.0
7268,4.0
7269,2.0
7270,
7271,1.0
7272,
7273,2.0
7274,5.0
7275,1.0
7276,2.0
7277,
7278,
7279,5.0
7280,
7281,5.0
7282,5.0
7283,2.0
7284,3.0
7285,4.0
7286,
7287,5.0
7288,5.0
7289,1.0
7290,4.0
7291,4.0
7292,5.0
7293,1.0
7294,5.0
7295,4.0
7296,2.0
7297,
7298,3.0
7299,1.0
7300,1.0
7301,
7302,
7303,5.0
7304,1.0
7305,1.0
7306,5.0
7307,2.0
7308,
7309,
7310,2.0
7311,2.0
7312,1.0
7313,
7314,
7315,1.0
7316,
7317,2.0
7318,1.0
7319,2.0
7320,2.0
7321,3.0
7322,
7323,
7324,6.0
7325,
7326,6.0
7327,
7328,6.0
7329,4.0
7330,
7331,1.0
7332,3.0
7333,
7334,3.0
7335,
7336,
7337,5.0
7338,
7339,3.0
7340,
7341,
7342,4.0
7343,5.0
7344,2.0
7345,3.0
7346,2.0
7347,2.0
7348,3.0
7349,3.0
7350,3.0
7351,3.0
7352,
7353,2.0
7354,5.0
7355,3.0
7356,1.0
7357,6.0
7358,5.0
7359,1.0
7360,4.0
7361,
7362,1.0
7363,4.0
7364,1.0
7365,3.0
7366,4.0
7367,5.0
7368,1.0
7369,4.0
7370,
7371,5.0
7372,2.0
7373,1.0
7374,
7375,2.0
7376,4.0
7377,3.0
7378,5.0
7379,2.0
7380,2.0
7381,3.0
7382,1.0
7383,2.0
7384,5.0
7385,4.0
7386,5.0
7387,2.0
7388,
7389,4.0
7390,5.0
7391,3.0
7392,3.0
7393,5.0
7394,1.0
7395,4.0
7396,
7397,5.0
7398,5.0
7399,
7400,1.0
7401,3.0
7402,
7403,
7404,5.0
7405,2.0
7406,2.0
7407,6.0
7408,5.0
7409,2.0
7410,
7411,1.0
7412,4.0
7413,
7414,1.0
7415,3.0
7416,5.0
7417,4.0
7418,5.0
7419,3.0
7420,
7421,2.0
7422,1.0
7423,
7424,2.0
7425,4.0
7426,5.0
7427,5.0
7428,
7429,
7430,2.0
7431,5.0
7432,
7433,
7434,1.0
7435,4.0
7436,2.0
7437,1.0
7438,6.0
7439,1.0
7440,3.0
7441,4.0
7442,
7443,5.0
7444,
7445,3.0
7446,
7447,
7448,3.0
7449,3.0
7450,
7451,4.0
7452,
7453,
7454,1.0
7455,3.0
7456,3.0
7457,3.0
7458,2.0
7459,3.0
7460,5.0
7461,6.0
7462,
7463,
7464,1.0
7465,4.0
7466,5.0
7467,1.0
7468,3.0
7469,5.0
7470,3.0
7471,
7472,2.0
7473,2.0
7474,
7475,4.0
7476,1.0
7477,
7478,
7479,
7480,
7481,5.0
7482,3.0
7483,
7484,
7485,
7486,1.0
7487,2.0
7488,
7489,5.0
7490,
7491,3.0
7492,4.0
7493,4.0
7494,
7495,
7496,1.0
7497,3.0
7498,2.0
7499,2.0
7500,2.0
7501,5.0
7502,4.0
7503,2.0
7504,5.0
7505,2.0
7506,5.0
7507,3.0
7508,1.0
7509,4.0
7510,2.0
7511,3.0
7512,4.0
7513,2.0
7514,1.0
7515,
7516,4.0
7517,6.0
7518,4.0
7519,
7520,
7521,6.0
7522,5.0
7523,2.0
7524,5.0
7525,5.0
7526,
7527,5.0
7528,3.0
7529,3.0
7530,
7531,2.0
7532,5.0
7533,
7534,
7535,3.0
7536,
7537,1.0
7538,5.0
7539,3.0
7540,
7541,5.0
7542,2.0
7543,4.0
7544,4.0
7545,4.0
7546,1.0
7547,6.0
7548,5.0
7549,1.0
7550,3.0
7551,3.0
7552,2.0
7553,2.0
7554,
7555,2.0
7556,1.0
7557,6.0
7558,4.0
7559,4.0
7560,
7561,5.0
7562,1.0
7563,6.0
7564,4.0
7565,
7566,5.0
7567,
7568,5.0
7569,3.0
7570,
7571,5.0
7572,3.0
7573,6.0
7574,2.0
7575,5.0
7576,
7577,5.0
7578,
7579,3.0
7580,2.0
7581,6.0
7582,
7583,4.0
7584,4.0
7585,4.0
7586,5.0
7587,1.0
7588,3.0
7589,4.0
7590,4.0
7591,3.0
7592,
7593,2.0
7594,
7595,3.0
7596,4.0
7597,5.0
7598,4.0
7599,6.0
7600,5.0
7601,1.0
7602,4.0
7603,6.0
7604,3.0
7605,4.0
7606,
7607,1.0
7608,
7609,
7610,
7611,2.0
7612,5.0
7613,5.0
7614,1.0
7615,3.0
7616,
7617,5.0
7618,5.0
7619,5.0
7620,3.0
7621,4.0
7622,
7623,
7624,
7625,2.0
7626,2.0
7627,3.0
7628,3.0
7629,
7630,
7631,6.0
7632,2.0
7633,2.0
7634,
7635,4.0
7636,2.0
7637,
7638,3.0
7639,5.0
7640,2.0
7641,3.0
7642,3.0
7643,6.0
7644,
7645,5.0
7646,4.0
7647,1.0
7648,1.0
7649,3.0
7650,5.0
7651,4.0
7652,5.0
7653,4.0
7654,4.0
7655,1.0
7656,4.0
7657,
7658,3.0
7659,4.0
7660,5.0
7661,
7662,2.0
7663,5.0
7664,
7665,3.0
7666,1.0
7667,3.0
7668,4.0
7669,
7670,1.0
7671,
7672,5.0
7673,4.0
7674,
7675,
7676,1.0
7677,3.0
7678,
7679,2.0
7680,2.0
7681,1.0
7682,2.0
7683,1.0
7684,5.0
7685,4.0
7686,4.0
7687,3.0
7688,
7689,1.0
7690,5.0
7691,2.0
7692,2.0
7693,
7694,3.0
7695,
7696,4.0
7697,2.0
7698,3.0
7699,2.0
7700,2.0
7701,5.0
7702,1.0
7703,
7704,1.0
7705,1.0
7706,5.0
7707,1.0
7708,1.0
7709,
7710,5.0
7711,5.0
7712,
7713,
7714,3.0
7715,5.0
7716,1.0
7717,
7718,
7719,6.0
7720,1.0
7721,
7722,2.0
7723,
7724,4.0
7725,4.0
7726,3.0
7727,3.0
7728,
7729,1.0
7730,
7731,2.0
7732,
7733,
7734,1.0
7735,2.0
7736,2.0
7737,5.0
7738,1.0
7739,5.0
7740,
7741,3.0
7742,6.0
7743,5.0
7744,5.0
7745,
7746,3.0
7747,
7748,1.0
7749,1.0
7750,2.0
7751,2.0
7752,2.0
7753,2.0
7754,2.0
7755,
7756,1.0
7757,2.0
7758,
7759,5.0
7760,5.0
7761,
7762,1.0
7763,
7764,5.0
7765,
7766,
7767,1.0
7768,
7769,4.0
7770,2.0
7771,1.0
7772,
7773,3.0
7774,1.0
7775,1.0
7776,
7777,
7778,6.0
7779,2.0
7780,1.0
7781,3.0
7782,1.0
7783,2.0
7784,4.0
7785,1.0
7786,3.0
7787,1.0
7788,
7789,4.0
7790,
7791,
7792,3.0
7793,
7794,2.0
7795,2.0
7796,
7797,
7798,1.0
7799,
7800,5.0
7801,1.0
7802,3.0
7803,2.0
7804,
7805,6.0
7806,6.0
7807,4.0
7808,4.0
7809,6.0
7810,
7811,1.0
7812,5.0
7813,
7814,2.0
7815,5.0
7816,2.0
7817,
7818,
7819,1.0
7820,4.0
7821,2.0
7822,5.0
7823,5.0
7824,2.0
7825,5.0
7826,5.0
7827,1.0
7828,5.0
7829,3.0
7830,4.0
7831,4.0
7832,2.0
7833,3.0
7834,
7835,
7836,
7837,
7838,
7839,3.0
7840,3.0
7841,
7842,
7843,
7844,1.0
7845,1.0
7846,
7847,
7848,
7849,1.0
7850,
7851,4.0
7852,
7853,4.0
7854,
7855,4.0
7856,
7857,3.0
7858,5.0
7859,
7860,
7861,3.0
7862,5.0
7863,
7864,3.0
7865,1.0
7866,
7867,
7868,3.0
7869,5.0
7870,1.0
7871,3.0
7872,
7873,1.0
7874,1.0
7875,2.0
7876,6.0
7877,2.0
7878,
7879,1.0
7880,3.0
7881,3.0
7882,
7883,1.0
7884,6.0
7885,
7886,
7887,3.0
7888,1.0
7889,2.0
7890,3.0
7891,2.0
7892,4.0
7893,
7894,3.0
7895,
7896,
7897,4.0
7898,5.0
7899,
7900,2.0
7901,4.0
7902,
7903,
7904,
7905,1.0
7906,1.0
7907,5.0
7908,6.0
7909,6.0
7910,
7911,5.0
7912,1.0
7913,3.0
7914,2.0
7915,4.0
7916,1.0
7917,6.0
7918,6.0
7919,5.0
7920,
7921,
7922,2.0
7923,4.0
7924,2.0
7925,2.0
7926,1.0
7927,1.0
7928,
7929,3.0
7930,5.0
7931,2.0
7932,4.0
7933,4.0
7934,4.0
7935,
7936,3.0
7937,5.0
7938,5.0
7939,2.0
7940,
7941,6.0
7942,1.0
7943,
7944,3.0
7945,2.0
7946,5.0
7947,5.0
7948,3.0
7949,5.0
7950,3.0
7951,
7952,2.0
7953,2.0
7954,1.0
7955,4.0
7956,3.0
7957,
7958,
7959,5.0
7960,
7961,1.0
7962,2.0
7963,5.0
7964,5.0
7965,
7966,1.0
7967,1.0
7968,2.0
7969,
7970,5.0
7971,
7972,
7973,1.0
7974,
7975,
7976,6.0
7977,1.0
7978,
7979,2.0
7980,1.0
7981,5.0
7982,
7983,3.0
7984,5.0
7985,5.0
7986,1.0
7987,5.0
7988,
7989,
7990,2.0
7991,
7992,2.0
7993,
7994,
7995,2.0
7996,5.0
7997,
7998,5.0
7999,1.0
8000,3.0
8001,5.0
8002,3.0
8003,5.0
8004,5.0
8005,2.0
8006,
8007,5.0
8008,
8009,
8010,5.0
8011,2.0
8012,4.0
8013,
8014,
8015,1.0
8016,
8017,2.0
8018,
8019,5.0
8020,5.0
8021,
8022,5.0
8023,2.0
8024,
8025,5.0
8026,5.0
8027,4.0
8028,2.0
8029,
8030,2.0
8031,2.0
8032,3.0
8033,5.0
8034,1.0
8035,2.0
8036,
8037,1.0
8038,1.0
8039,5.0
8040,
8041,
8042,3.0
8043,4.0
8044,5.0
8045,2.0
8046,5.0
8047,6.0
8048,
8049,1.0
8050,3.0
8051,5.0
8052,2.0
8053,3.0
8054,1.0
8055,3.0
8056,
8057,1.0
8058,
8059,2.0
8060,
8061,1.0
8062,1.0
8063,1.0
8064,
8065,
8066,4.0
8067,2.0
8068,1.0
8069,1.0
8070,1.0
8071,2.0
8072,2.0
8073,
8074,6.0
8075,1.0
8076,4.0
8077,5.0
8078,1.0
8079,2.0
8080,2.0
8081,
8082,
8083,2.0
8084,1.0
8085,
8086,3.0
8087,5.0
8088,
8089,
8090,6.0
8091,
8092,
8093,4.0
8094,5.0
8095,
8096,2.0
8097,2.0
8098,4.0
8099,
8100,6.0
8101,5.0
8102,
8103,
8104,1.0
8105,
8106,4.0
8107,5.0
8108,3.0
8109,3.0
8110,
8111,1.0
8112,4.0
8113,2.0
8114,1.0
8115,5.0
8116,3.0
8117,4.0
8118,5.0
8119,1.0
8120,6.0
8121,
8122,5.0
8123,6.0
8124,3.0
8125,
8126,
8127,3.0
8128,4.0
8129,5.0
8130,3.0
8131,4.0
8132,2.0
8133,
8134,1.0
8135,5.0
8136,1.0
8137,
8138,3.0
8139,5.0
8140,2.0
8141,
8142,
8143,1.0
8144,4.0
8145,4.0
8146,5.0
8147,2.0
8148,5.0
8149,2.0
8150,4.0
8151,
8152,5.0
8153,4.0
8154,2.0
8155,2.0
8156,3.0
8157,2.0
8158,1.0
8159,1.0
8160,5.0
8161,5.0
8162,
8163,1.0
8164,3.0
8165,
8166,1.0
8167,5.0
8168,
8169,
8170,1.0
8171,2.0
8172,6.0
8173,2.0
8174,4.0
8175,5.0
8176,3.0
8177,5.0
8178,2.0
8179,4.0
8180,5.0
8181,3.0
8182,5.0
8183,1.0
8184,6.0
8185,2.0
8186,4.0
8187,4.0
8188,1.0
8189,
8190,3.0
8191,5.0
8192,4.0
8193,1.0
8194,2.0
8195,3.0
8196,5.0
8197,3.0
8198,1.0
8199,2.0
8200,2.0
8201,
8202,6.0
8203,
8204,3.0
8205,1.0
8206,
8207,5.0
8208,2.0
8209,6.0
8210,
8211,
8212,
8213,2.0
8214,2.0
8215,
8216,
8217,
8218,
8219,
8220,
8221,
8222,3.0
8223,3.0
8224,4.0
8225,6.0
8226,5.0
8227,
8228,1.0
8229,
8230,3.0
8231,4.0
8232,
8233,
8234,3.0
8235,
8236,5.0
8237,1.0
8238,1.0
8239,3.0
8240,1.0
8241,2.0
8242,1.0
8243,2.0
8244,4.0
8245,5.0
8246,4.0
8247,1.0
8248,3.0
8249,3.0
8250,1.0
8251,
8252,5.0
8253,
8254,
8255,
8256,2.0
8257,3.0
8258,1.0
8259,5.0
8260,3.0
8261,3.0
8262,2.0
8263,
8264,
8265,6.0
8266,2.0
8267,5.0
8268,3.0
8269,5.0
8270,2.0
8271,
8272,
8273,6.0
8274,3.0
8275,3.0
8276,
8277,5.0
8278,6.0
8279,
8280,1.0
8281,
8282,
8283,1.0
8284,5.0
8285,
8286,4.0
8287,
8288,2.0
8289,4.0
8290,
8291,2.0
8292,1.0
8293,
8294,1.0
8295,5.0
8296,2.0
8297,1.0
8298,4.0
8299,
8300,
8301,3.0
8302,3.0
8303,
8304,5.0
8305,4.0
8306,
8307,
8308,4.0
8309,
8310,4.0
8311,4.0
8312,2.0
8313,1.0
8314,3.0
8315,1.0
8316,6.0
8317,5.0
8318,6.0
8319,3.0
8320,6.0
8321,5.0
8322,3.0
8323,
8324,
8325,1.0
8326,2.0
8327,4.0
8328,
8329,4.0
8330,5.0
8331,4.0
8332,
8333,3.0
8334,3.0
8335,
8336,
8337,5.0
8338,
8339,1.0
8340,3.0
8341,
8342,5.0
8343,3.0
8344,
8345,4.0
8346,4.0
8347,5.0
8348,2.0
8349,3.0
8350,1.0
8351,2.0
8352,3.0
8353,1.0
8354,1.0
8355,
8356,4.0
8357,3.0
8358,1.0
8359,2.0
8360,2.0
8361,2.0
8362,3.0
8363,1.0
8364,3.0
8365,5.0
8366,2.0
8367,
8368,1.0
8369,4.0
8370,5.0
8371,3.0
8372,5.0
8373,5.0
8374,5.0
8375,5.0
8376,2.0
8377,1.0
8378,2.0
8379,5.0
8380,1.0
8381,1.0
8382,5.0
8383,6.0
8384,1.0
8385,
8386,3.0
8387,5.0
8388,
8389,
8390,3.0
8391,1.0
8392,6.0
8393,5.0
8394,6.0
8395,
8396,6.0
8397,
8398,1.0
8399,3.0
8400,5.0
8401,5.0
8402,2.0
8403,3.0
8404,2.0
8405,
8406,5.0
8407,
8408,2.0
8409,
8410,1.0
8411,2.0
8412,
8413,1.0
8414,
8415,
8416,5.0
8417,
8418,6.0
8419,2.0
8420,2.0
8421,
8422,2.0
8423,5.0
8424,
8425,
8426,4.0
8427,
8428,1.0
8429,
8430,3.0
8431,2.0
8432,2.0
8433,6.0
8434,5.0
8435,
8436,
8437,1.0
8438,3.0
8439,4.0
8440,5.0
8441,1.0
8442,3.0
8443,3.0
8444,
8445,4.0
8446,4.0
8447,5.0
8448,1.0
8449,3.0
8450,1.0
8451,
8452,
8453,
8454,2.0
8455,5.0
8456,6.0
8457,
8458,
8459,5.0
8460,1.0
8461,
8462,2.0
8463,4.0
8464,1.0
8465,
8466,
8467,
8468,1.0
8469,2.0
8470,
8471,5.0
8472,5.0
8473,3.0
8474,
8475,4.0
8476,4.0
8477,2.0
8478,1.0
8479,
8480,
8481,5.0
8482,5.0
8483,4.0
8484,5.0
8485,
8486,
8487,1.0
8488,
8489,4.0
8490,
8491,3.0
8492,2.0
8493,1.0
8494,
8495,5.0
8496,3.0
8497,1.0
8498,2.0
8499,1.0
8500,4.0
8501,4.0
8502,
8503,2.0
8504,1.0
8505,1.0
8506,1.0
8507,1.0
8508,6.0
8509,
8510,2.0
8511,6.0
8512,5.0
8513,1.0
8514,
8515,3.0
8516,6.0
8517,
8518,3.0
8519,6.0
8520,
8521,
8522,
8523,1.0
8524,
8525,2.0
8526,5.0
8527,3.0
8528,2.0
8529,2.0
8530,2.0
8531,4.0
8532,
8533,4.0
8534,1.0
8535,5.0
8536,3.0
8537,
8538,5.0
8539,4.0
8540,3.0
8541,
8542,2.0
8543,
8544,
8545,2.0
8546,
8547,5.0
8548,3.0
8549,2.0
8550,6.0
8551,
8552,
8553,5.0
8554,2.0
8555,4.0
8556,
8557,5.0
8558,1.0
8559,3.0
8560,
8561,3.0
8562,1.0
8563,2.0
8564,3.0
8565,3.0
8566,2.0
8567,4.0
8568,5.0
8569,2.0
8570,
8571,1.0
8572,
8573,2.0
8574,4.0
8575,3.0
8576,2.0
8577,3.0
8578,
8579,
8580,2.0
8581,1.0
8582,1.0
8583,1.0
8584,1.0
8585,
8586,5.0
8587,4.0
8588,
8589,5.0
8590,
8591,
8592,4.0
8593,
8594,3.0
8595,1.0
8596,
8597,
8598,
8599,1.0
8600,3.0
8601,
8602,5.0
8603,3.0
8604,2.0
8605,
8606,2.0
8607,
8608,5.0
8609,
8610,3.0
8611,
8612,3.0
8613,5.0
8614,3.0
8615,5.0
8616,
8617,
8618,5.0
8619,
8620,1.0
8621,1.0
8622,3.0
8623,5.0
8624,
8625,4.0
8626,
8627,4.0
8628,3.0
8629,1.0
8630,1.0
8631,2.0
8632,6.0
8633,1.0
8634,5.0
8635,5.0
8636,5.0
8637,3.0
8638,3.0
8639,2.0
8640,3.0
8641,4.0
8642,3.0
8643,5.0
8644,2.0
8645,5.0
8646,3.0
8647,5.0
8648,4.0
8649,4.0
8650,
8651,1.0
8652,
8653,
8654,1.0
8655,2.0
8656,4.0
8657,1.0
8658,5.0
8659,
8660,3.0
8661,
8662,
8663,5.0
8664,3.0
8665,5.0
8666,2.0
8667,2.0
8668,
8669,1.0
8670,2.0
8671,2.0
8672,6.0
8673,4.0
8674,
8675,
8676,6.0
8677,1.0
8678,
8679,1.0
8680,
8681,
8682,2.0
8683,
8684,5.0
8685,2.0
8686,1.0
8687,
8688,3.0
8689,
8690,5.0
8691,3.0
8692,
8693,2.0
8694,1.0
8695,1.0
8696,2.0
8697,3.0
8698,
8699,5.0
8700,5.0
8701,4.0
8702,
8703,2.0
8704,
8705,5.0
8706,2.0
8707,4.0
8708,6.0
8709,
8710,3.0
8711,4.0
8712,
8713,5.0
8714,1.0
8715,5.0
8716,2.0
8717,4.0
8718,4.0
8719,4.0
8720,
8721,
8722,5.0
8723,6.0
8724,1.0
8725,5.0
8726,2.0
8727,1.0
8728,
8729,1.0
8730,5.0
8731,1.0
8732,1.0
8733,
8734,2.0
8735,5.0
8736,
8737,
8738,
8739,2.0
8740,4.0
8741,1.0
8742,5.0
8743,
8744,4.0
8745,1.0
8746,3.0
8747,2.0
8748,5.0
8749,
8750,
8751,
8752,1.0
8753,
8754,2.0
8755,3.0
8756,6.0
8757,1.0
8758,
8759,3.0
8760,3.0
8761,
8762,5.0
8763,2.0
8764,5.0
8765,6.0
8766,1.0
8767,2.0
8768,5.0
8769,3.0
8770,4.0
8771,1.0
8772,5.0
8773,4.0
8774,3.0
8775,1.0
8776,2.0
8777,2.0
8778,1.0
8779,
8780,3.0
8781,1.0
8782,6.0
8783,4.0
8784,4.0
8785,5.0
8786,2.0
8787,
8788,1.0
8789,5.0
8790,6.0
8791,4.0
8792,2.0
8793,5.0
8794,1.0
8795,3.0
8796,5.0
8797,3.0
8798,2.0
8799,4.0
8800,
8801,
8802,4.0
8803,3.0
8804,4.0
8805,
8806,
8807,
8808,
8809,
8810,5.0
8811,1.0
8812,3.0
8813,4.0
8814,4.0
8815,4.0
8816,5.0
8817,3.0
8818,
8819,
8820,2.0
8821,5.0
8822,
8823,4.0
8824,
8825,6.0
8826,3.0
8827,4.0
8828,3.0
8829,5.0
8830,5.0
8831,
8832,
8833,1.0
8834,1.0
8835,3.0
8836,5.0
8837,1.0
8838,
8839,2.0
8840,3.0
8841,1.0
8842,1.0
8843,3.0
8844,2.0
8845,2.0
8846,5.0
8847,
8848,
8849,
8850,
8851,4.0
8852,3.0
8853,3.0
8854,4.0
8855,5.0
8856,4.0
8857,6.0
8858,
8859,2.0
8860,2.0
8861,5.0
8862,2.0
8863,1.0
8864,1.0
8865,3.0
8866,
8867,1.0
8868,
8869,5.0
8870,2.0
8871,4.0
8872,
8873,
8874,6.0
8875,6.0
8876,
8877,
8878,1.0
8879,4.0
8880,6.0
8881,1.0
8882,1.0
8883,
8884,
8885,4.0
8886,4.0
8887,1.0
8888,2.0
8889,4.0
8890,
8891,
8892,2.0
8893,
8894,1.0
8895,1.0
8896,1.0
8897,3.0
8898,2.0
8899,
8900,1.0
8901,3.0
8902,3.0
8903,5.0
8904,
8905,2.0
8906,4.0
8907,
8908,
8909,2.0
8910,3.0
8911,3.0
8912,
8913,2.0
8914,3.0
8915,
8916,5.0
8917,6.0
8918,2.0
8919,2.0
8920,4.0
8921,
8922,5.0
8923,3.0
8924,4.0
8925,5.0
8926,
8927,4.0
8928,5.0
8929,3.0
8930,
8931,
8932,5.0
8933,1.0
8934,1.0
8935,6.0
8936,
8937,
8938,
8939,3.0
8940,5.0
8941,1.0
8942,
8943,3.0
8944,3.0
8945,2.0
8946,1.0
8947,2.0
8948,4.0
8949,
8950,5.0
8951,
8952,2.0
8953,4.0
8954,4.0
8955,
8956,1.0
8957,5.0
8958,2.0
8959,3.0
8960,
8961,1.0
8962,
8963,4.0
8964,
8965,3.0
8966,4.0
8967,
8968,3.0
8969,2.0
8970,4.0
8971,
8972,5.0
8973,5.0
8974,2.0
8975,1.0
8976,4.0
8977,2.0
8978,
8979,2.0
8980,3.0
8981,
8982,5.0
8983,
8984,2.0
8985,
8986,4.0
8987,2.0
8988,
8989,2.0
8990,4.0
8991,4.0
8992,
8993,5.0
8994,5.0
8995,4.0
8996,3.0
8997,
8998,
8999,
9000,2.0
9001,2.0
9002,3.0
9003,2.0
9004,4.0
9005,2.0
9006,2.0
9007,2.0
9008,5.0
9009,2.0
9010,
9011,
9012,
9013,2.0
9014,
9015,2.0
9016,1.0
9017,
9018,4.0
9019,1.0
9020,3.0
9021,2.0
9022,4.0
9023,1.0
9024,5.0
9025,4.0
9026,3.0
9027,1.0
9028,5.0
9029,
9030,5.0
9031,5.0
9032,4.0
9033,5.0
9034,4.0
9035,2.0
9036,1.0
9037,
9038,3.0
9039,2.0
9040,3.0
9041,5.0
9042,3.0
9043,1.0
9044,6.0
9045,4.0
9046,4.0
9047,1.0
9048,1.0
9049,3.0
9050,1.0
9051,2.0
9052,4.0
9053,1.0
9054,1.0
9055,4.0
9056,5.0
9057,
9058,4.0
9059,1.0
9060,1.0
9061,5.0
9062,1.0
9063,3.0
9064,2.0
9065,3.0
9066,5.0
9067,3.0
9068,1.0
9069,1.0
9070,5.0
9071,6.0
9072,5.0
9073,3.0
9074,1.0
9075,
9076,6.0
9077,5.0
9078,1.0
9079,
9080,3.0
9081,2.0
9082,5.0
9083,
9084,4.0
9085,
9086,
9087,4.0
9088,
9089,4.0
9090,
9091,1.0
9092,4.0
9093,2.0
9094,
9095,1.0
9096,4.0
9097,4.0
9098,4.0
9099,3.0
9100,5.0
9101,2.0
9102,2.0
9103,6.0
9104,4.0
9105,
9106,
9107,4.0
9108,
9109,5.0
9110,1.0
9111,4.0
9112,5.0
9113,3.0
9114,5.0
9115,5.0
9116,1.0
9117,4.0
9118,1.0
9119,
9120,5.0
9121,4.0
9122,3.0
9123,3.0
9124,4.0
9125,
9126,3.0
9127,3.0
9128,2.0
9129,
9130,6.0
9131,3.0
9132,5.0
9133,
9134,4.0
9135,5.0
9136,4.0
9137,
9138,
9139,1.0
9140,3.0
9141,
9142,
9143,2.0
9144,1.0
9145,
9146,3.0
9147,4.0
9148,3.0
9149,5.0
9150,4.0
9151,2.0
9152,6.0
9153,5.0
9154,2.0
9155,4.0
9156,
9157,1.0
9158,3.0
9159,6.0
9160,6.0
9161,1.0
9162,3.0
9163,1.0
9164,2.0
9165,3.0
9166,3.0
9167,
9168,4.0
9169,
9170,3.0
9171,
9172,5.0
9173,6.0
9174,2.0
9175,5.0
9176,3.0
9177,5.0
9178,3.0
9179,3.0
9180,5.0
9181,6.0
9182,4.0
9183,1.0
9184,
9185,4.0
9186,
9187,4.0
9188,5.0
9189,5.0
9190,2.0
9191,
9192,4.0
9193,
9194,
9195,
9196,5.0
9197,
9198,2.0
9199,1.0
9200,
9201,3.0
9202,1.0
9203,
9204,6.0
9205,1.0
9206,3.0
9207,5.0
9208,5.0
9209,3.0
9210,1.0
9211,1.0
9212,5.0
9213,4.0
9214,
9215,
9216,1.0
9217,
9218,6.0
9219,4.0
9220,
9221,2.0
9222,2.0
9223,5.0
9224,5.0
9225,2.0
9226,1.0
9227,5.0
9228,
9229,4.0
9230,3.0
9231,3.0
9232,6.0
9233,1.0
9234,6.0
9235,5.0
9236,6.0
9237,
9238,1.0
9239,6.0
9240,
9241,2.0
9242,4.0
9243,3.0
9244,
9245,6.0
9246,2.0
9247,1.0
9248,5.0
9249,
9250,
9251,
9252,3.0
9253,5.0
9254,6.0
9255,
9256,
9257,2.0
9258,3.0
9259,6.0
9260,3.0
9261,3.0
9262,
9263,6.0
9264,2.0
9265,2.0
9266,3.0
9267,5.0
9268,
9269,
9270,2.0
9271,
9272,4.0
9273,4.0
9274,3.0
9275,4.0
9276,4.0
9277,
9278,5.0
9279,
9280,4.0
9281,2.0
9282,1.0
9283,5.0
9284,
9285,
9286,4.0
9287,
9288,1.0
9289,
9290,
9291,4.0
9292,2.0
9293,5.0
9294,4.0
9295,1.0
9296,6.0
9297,
9298,3.0
9299,4.0
9300,2.0
9301,
9302,5.0
9303,4.0
9304,1.0
9305,4.0
9306,2.0
9307,1.0
9308,
9309,4.0
9310,3.0
9311,
9312,
9313,4.0
9314,2.0
9315,5.0
9316,5.0
9317,6.0
9318,1.0
9319,1.0
9320,5.0
9321,5.0
9322,5.0
9323,4.0
9324,
9325,1.0
9326,5.0
9327,4.0
9328,3.0
9329,6.0
9330,5.0
9331,6.0
9332,4.0
9333,
9334,
9335,5.0
9336,5.0
9337,1.0
9338,3.0
9339,5.0
9340,1.0
9341,5.0
9342,
9343,1.0
9344,2.0
9345,3.0
9346,1.0
9347,
9348,1.0
9349,2.0
9350,
9351,1.0
9352,
9353,4.0
9354,6.0
9355,3.0
9356,
9357,
9358,4.0
9359,4.0
9360,
9361,2.0
9362,3.0
9363,6.0
9364,1.0
9365,
9366,1.0
9367,2.0
9368,1.0
9369,
9370,
9371,3.0
9372,
9373,2.0
9374,4.0
9375,3.0
9376,5.0
9377,5.0
9378,2.0
9379,1.0
9380,3.0
9381,5.0
9382,2.0
9383,6.0
9384,4.0
9385,5.0
9386,
9387,
9388,4.0
9389,1.0
9390,3.0
9391,2.0
9392,
9393,
9394,3.0
9395,2.0
9396,3.0
9397,5.0
9398,5.0
9399,
9400,2.0
9401,4.0
9402,1.0
9403,2.0
9404,2.0
9405,1.0
9406,4.0
9407,3.0
9408,4.0
9409,5.0
9410,
9411,1.0
9412,
9413,5.0
9414,3.0
9415,2.0
9416,
9417,4.0
9418,
9419,6.0
9420,
9421,2.0
9422,2.0
9423,6.0
9424,
9425,5.0
9426,
9427,
9428,5.0
9429,5.0
9430,3.0
9431,4.0
9432,
9433,
9434,3.0
9435,6.0
9436,2.0
9437,5.0
9438,3.0
9439,1.0
9440,3.0
9441,2.0
9442,5.0
9443,4.0
9444,
9445,
9446,
9447,5.0
9448,2.0
9449,2.0
9450,1.0
9451,5.0
9452,5.0
9453,4.0
9454,3.0
9455,6.0
9456,4.0
9457,
9458,5.0
9459,4.0
9460,3.0
9461,5.0
9462,5.0
9463,4.0
9464,
9465,
9466,4.0
9467,
9468,4.0
9469,3.0
9470,5.0
9471,4.0
9472,5.0
9473,4.0
9474,2.0
9475,5.0
9476,5.0
9477,4.0
9478,5.0
9479,
9480,3.0
9481,4.0
9482,1.0
9483,
9484,2.0
9485,4.0
9486,6.0
9487,1.0
9488,
9489,2.0
9490,3.0
9491,
9492,6.0
9493,5.0
9494,1.0
9495,3.0
9496,4.0
9497,4.0
9498,3.0
9499,4.0
9500,4.0
9501,4.0
9502,5.0
9503,3.0
9504,3.0
9505,
9506,2.0
9507,4.0
9508,2.0
9509,
9510,2.0
9511,
9512,6.0
9513,5.0
9514,5.0
9515,
9516,1.0
9517,5.0
9518,4.0
9519,
9520,2.0
9521,5.0
9522,2.0
9523,
9524,4.0
9525,
9526,5.0
9527,4.0
9528,
9529,5.0
9530,2.0
9531,5.0
9532,1.0
9533,
9534,3.0
9535,1.0
9536,3.0
9537,6.0
9538,4.0
9539,3.0
9540,4.0
9541,2.0
9542,4.0
9543,
9544,2.0
9545,
9546,5.0
9547,2.0
9548,
9549,1.0
9550,5.0
9551,5.0
9552,4.0
9553,3.0
9554,3.0
9555,5.0
9556,
9557,2.0
9558,5.0
9559,2.0
9560,2.0
9561,6.0
9562,4.0
9563,4.0
9564,2.0
9565,1.0
9566,1.0
9567,
9568,4.0
9569,4.0
9570,5.0
9571,
9572,5.0
9573,3.0
9574,5.0
9575,
9576,4.0
9577,3.0
9578,5.0
9579,3.0
9580,
9581,6.0
9582,3.0
9583,4.0
9584,6.0
9585,
9586,
9587,6.0
9588,
9589,
9590,4.0
9591,2.0
9592,3.0
9593,3.0
9594,
9595,
9596,5.0
9597,3.0
9598,2.0
9599,5.0
9600,2.0
9601,3.0
9602,2.0
9603,2.0
9604,3.0
9605,1.0
9606,5.0
9607,5.0
9608,6.0
9609,2.0
9610,3.0
9611,4.0
9612,
9613,
9614,
9615,3.0
9616,2.0
9617,3.0
9618,
9619,4.0
9620,1.0
9621,5.0
9622,
9623,6.0
9624,1.0
9625,
9626,6.0
9627,5.0
9628,2.0
9629,2.0
9630,2.0
9631,6.0
9632,5.0
9633,
9634,4.0
9635,4.0
9636,4.0
9637,3.0
9638,4.0
9639,
9640,3.0
9641,2.0
9642,2.0
9643,1.0
9644,2.0
9645,
9646,1.0
9647,1.0
9648,
9649,
9650,
9651,6.0
9652,2.0
9653,1.0
9654,4.0
9655,1.0
9656,1.0
9657,5.0
9658,
9659,6.0
9660,1.0
9661,
9662,3.0
9663,
9664,2.0
9665,
9666,1.0
9667,2.0
9668,6.0
9669,1.0
9670,4.0
9671,4.0
9672,2.0
9673,
9674,5.0
9675,
9676,4.0
9677,4.0
9678,2.0
9679,1.0
9680,6.0
9681,6.0
9682,4.0
9683,2.0
9684,
9685,5.0
9686,2.0
9687,
9688,4.0
9689,
9690,2.0
9691,4.0
9692,
9693,3.0
9694,3.0
9695,
9696,3.0
9697,1.0
9698,4.0
9699,5.0
9700,4.0
9701,4.0
9702,1.0
9703,2.0
9704,3.0
9705,3.0
9706,6.0
9707,3.0
9708,2.0
9709,2.0
9710,
9711,
9712,
9713,4.0
9714,2.0
9715,3.0
9716,6.0
9717,2.0
9718,2.0
9719,1.0
9720,3.0
9721,
9722,
9723,3.0
9724,5.0
9725,
9726,5.0
9727,5.0
9728,4.0
9729,5.0
9730,5.0
9731,
9732,3.0
9733,1.0
9734,2.0
9735,5.0
9736,2.0
9737,1.0
9738,4.0
9739,2.0
9740,1.0
9741,1.0
9742,6.0
9743,
9744,
9745,1.0
9746,4.0
9747,1.0
9748,5.0
9749,4.0
9750,
9751,2.0
9752,
9753,1.0
9754,1.0
9755,1.0
9756,
9757,
9758,1.0
9759,2.0
9760,
9761,5.0
9762,4.0
9763,3.0
9764,5.0
9765,4.0
9766,5.0
9767,5.0
9768,
9769,3.0
9770,2.0
9771,
9772,1.0
9773,
9774,
9775,3.0
9776,1.0
9777,3.0
9778,5.0
9779,
9780,5.0
9781,
9782,6.0
9783,2.0
9784,3.0
9785,3.0
9786,2.0
9787,
9788,2.0
9789,5.0
9790,
9791,1.0
9792,
9793,2.0
9794,5.0
9795,5.0
9796,2.0
9797,5.0
9798,5.0
9799,1.0
9800,3.0
9801,2.0
9802,5.0
9803,5.0
9804,1.0
9805,2.0
9806,
9807,4.0
9808,6.0
9809,1.0
9810,5.0
9811,
9812,1.0
9813,
9814,
9815,4.0
9816,1.0
9817,1.0
9818,1.0
9819,1.0
9820,
9821,4.0
9822,3.0
9823,2.0
9824,2.0
9825,1.0
9826,3.0
9827,1.0
9828,
9829,3.0
9830,1.0
9831,4.0
9832,
9833,2.0
9834,
9835,5.0
9836,
9837,4.0
9838,
9839,1.0
9840,2.0
9841,4.0
9842,3.0
9843,5.0
9844,3.0
9845,1.0
9846,3.0
9847,4.0
9848,2.0
9849,4.0
9850,3.0
9851,5.0
9852,1.0
9853,5.0
9854,4.0
9855,5.0
9856,6.0
9857,3.0
9858,
9859,2.0
9860,
9861,3.0
9862,3.0
9863,
9864,5.0
9865,2.0
9866,5.0
9867,4.0
9868,
9869,2.0
9870,5.0
9871,6.0
9872,6.0
9873,4.0
9874,
9875,1.0
9876,
9877,2.0
9878,3.0
9879,5.0
9880,5.0
9881,5.0
9882,4.0
9883,6.0
9884,4.0
9885,4.0
9886,2.0
9887,
9888,6.0
9889,
9890,3.0
9891,3.0
9892,5.0
9893,4.0
9894,
9895,4.0
9896,1.0
9897,1.0
9898,5.0
9899,1.0
9900,
9901,1.0
9902,1.0
9903,
9904,2.0
9905,2.0
9906,2.0
9907,
9908,1.0
9909,
9910,2.0
9911,5.0
9912,5.0
9913,3.0
9914,1.0
9915,3.0
9916,3.0
9917,
9918,6.0
9919,5.0
9920,
9921,
9922,1.0
9923,2.0
9924,3.0
9925,3.0
9926,4.0
9927,2.0
9928,4.0
9929,3.0
9930,5.0
9931,
9932,6.0
9933,5.0
9934,
9935,1.0
9936,2.0
9937,3.0
9938,6.0
9939,1.0
9940,
9941,2.0
9942,6.0
9943,
9944,5.0
9945,3.0
9946,1.0
9947,2.0
9948,4.0
9949,3.0
9950,1.0
9951,2.0
9952,4.0
9953,
9954,
9955,6.0
9956,3.0
9957,2.0
9958,1.0
9959,4.0
9960,5.0
9961,4.0
9962,1.0
9963,5.0
9964,5.0
9965,5.0
9966,1.0
9967,6.0
9968,4.0
9969,
9970,2.0
9971,4.0
9972,
9973,5.0
9974,
9975,4.0
9976,1.0
9977,
9978,4.0
9979,3.0
9980,1.0
9981,3.0
9982,3.0
9983,3.0
9984,
9985,4.0
9986,3.0
9987,4.0
9988,4.0
9989,6.0
9990,
9991,1.0
9992,2.0
9993,3.0
9994,4.0
9995,2.0
9996,3.0
9997,1.0
9998,
9999,2.0
10000,
10001,5.0
10002,6.0
10003,
10004,5.0
10005,3.0
10006,3.0
10007,3.0
10008,4.0
10009,1.0
10010,1.0
10011,
10012,3.0
10013,5.0
10014,
10015,4.0
10016,3.0
10017,
10018,4.0
10019,
10020,3.0
10021,4.0
10022,5.0
10023,6.0
10024,
10025,3.0
10026,
10027,2.0
10028,
10029,1.0
10030,
10031,
10032,
10033,
10034,1.0
10035,2.0
10036,2.0
10037,
10038,
10039,
10040,
10041,6.0
10042,4.0
10043,5.0
10044,2.0
10045,
10046,
10047,5.0
10048,2.0
10049,5.0
10050,2.0
10051,4.0
10052,6.0
10053,4.0
10054,
10055,5.0
10056,3.0
10057,
10058,1.0
10059,4.0
10060,3.0
10061,
10062,6.0
10063,
10064,
10065,
10066,5.0
10067,2.0
10068,1.0
10069,5.0
10070,5.0
10071,2.0
10072,
10073,2.0
10074,3.0
10075,6.0
10076,4.0
10077,
10078,4.0
10079,
10080,4.0
10081,4.0
10082,3.0
10083,4.0
10084,6.0
10085,
10086,5.0
10087,5.0
10088,3.0
10089,
10090,5.0
10091,
10092,6.0
10093,
10094,5.0
10095,3.0
10096,2.0
10097,1.0
10098,5.0
10099,4.0
10100,
10101,3.0
10102,1.0
10103,3.0
10104,
10105,2.0
10106,
10107,2.0
10108,5.0
10109,3.0
10110,
10111,2.0
10112,4.0
10113,2.0
10114,3.0
10115,1.0
10116,
10117,4.0
10118,3.0
10119,
10120,3.0
10121,2.0
10122,3.0
10123,3.0
10124,4.0
10125,
10126,4.0
10127,1.0
10128,4.0
10129,3.0
10130,3.0
10131,2.0
10132,1.0
10133,4.0
10134,
10135,
10136,5.0
10137,1.0
10138,3.0
10139,
10140,2.0
10141,3.0
10142,5.0
10143,4.0
10144,5.0
10145,6.0
10146,1.0
10147,6.0
10148,5.0
10149,2.0
10150,4.0
10151,
10152,1.0
10153,2.0
10154,1.0
10155,5.0
10156,3.0
10157,
10158,2.0
10159,2.0
10160,
10161,
10162,
10163,2.0
10164,2.0
10165,5.0
10166,3.0
10167,3.0
10168,5.0
10169,
10170,
10171,2.0
10172,3.0
10173,
10174,2.0
10175,3.0
10176,2.0
10177,3.0
10178,
10179,
10180,
10181,4.0
10182,2.0
10183,4.0
10184,1.0
10185,
10186,4.0
10187,
10188,4.0
10189,5.0
10190,5.0
10191,
10192,3.0
10193,
10194,5.0
10195,3.0
10196,5.0
10197,3.0
10198,2.0
10199,5.0
10200,2.0
10201,4.0
10202,1.0
10203,
10204,1.0
10205,
10206,2.0
10207,3.0
10208,
10209,2.0
10210,
10211,
10212,
10213,1.0
10214,2.0
10215,1.0
10216,6.0
10217,
10218,
10219,6.0
10220,
10221,
10222,
10223,2.0
10224,3.0
10225,2.0
10226,3.0
10227,1.0
10228,
10229,4.0
10230,
10231,
10232,
10233,4.0
10234,
10235,3.0
10236,1.0
10237,3.0
10238,5.0
10239,
10240,
10241,4.0
10242,2.0
10243,1.0
10244,2.0
10245,
10246,1.0
10247,4.0
10248,
10249,1.0
10250,
10251,
10252,
10253,3.0
10254,2.0
10255,2.0
10256,
10257,4.0
10258,5.0
10259,1.0
10260,3.0
10261,
10262,
10263,1.0
10264,2.0
10265,6.0
10266,6.0
10267,4.0
10268,2.0
10269,4.0
10270,4.0
10271,1.0
10272,5.0
10273,
10274,4.0
10275,
10276,5.0
10277,3.0
10278,5.0
10279,3.0
10280,4.0
10281,
10282,6.0
10283,4.0
10284,
10285,6.0
10286,
10287,4.0
10288,3.0
10289,1.0
10290,
10291,5.0
10292,2.0
10293,3.0
10294,5.0
10295,
10296,3.0
10297,6.0
10298,5.0
10299,3.0
10300,
10301,4.0
10302,2.0
10303,
10304,5.0
10305,
10306,
10307,
10308,1.0
10309,4.0
10310,
10311,
10312,4.0
10313,3.0
10314,2.0
10315,1.0
10316,1.0
10317,
10318,4.0
10319,
10320,4.0
10321,5.0
10322,3.0
10323,5.0
10324,6.0
10325,1.0
10326,3.0
10327,1.0
10328,5.0
10329,
10330,5.0
10331,3.0
10332,1.0
10333,
10334,4.0
10335,
10336,5.0
10337,6.0
10338,2.0
10339,1.0
10340,6.0
10341,5.0
10342,1.0
10343,2.0
10344,2.0
10345,5.0
10346,4.0
10347,
10348,
10349,
10350,2.0
10351,4.0
10352,1.0
10353,1.0
10354,2.0
10355,4.0
10356,3.0
10357,
10358,
10359,5.0
10360,4.0
10361,
10362,1.0
10363,5.0
10364,2.0
10365,6.0
10366,2.0
10367,6.0
10368,5.0
10369,
10370,5.0
10371,4.0
10372,
10373,2.0
10374,1.0
10375,
10376,4.0
10377,2.0
10378,3.0
10379,2.0
10380,2.0
10381,
10382,3.0
10383,
10384,3.0
10385,3.0
10386,
10387,
10388,2.0
10389,5.0
10390,
10391,
10392,3.0
10393,2.0
10394,1.0
10395,2.0
10396,
10397,3.0
10398,1.0
10399,4.0
10400,2.0
10401,5.0
10402,4.0
10403,3.0
10404,4.0
10405,
10406,3.0
10407,1.0
10408,
10409,5.0
10410,
10411,3.0
10412,1.0
10413,
10414,5.0
10415,1.0
10416,2.0
10417,3.0
10418,3.0
10419,4.0
10420,
10421,1.0
10422,4.0
10423,3.0
10424,
10425,4.0
10426,
10427,6.0
10428,1.0
10429,3.0
10430,6.0
10431,3.0
10432,5.0
10433,5.0
10434,1.0
10435,4.0
10436,6.0
10437,3.0
10438,1.0
10439,
10440,5.0
10441,2.0
10442,3.0
10443,4.0
10444,
10445,4.0
10446,1.0
10447,5.0
10448,
10449,1.0
10450,5.0
10451,5.0
10452,1.0
10453,3.0
10454,2.0
10455,5.0
10456,5.0
10457,
10458,5.0
10459,5.0
10460,3.0
10461,1.0
10462,4.0
10463,1.0
10464,3.0
10465,1.0
10466,2.0
10467,6.0
10468,6.0
10469,4.0
10470,3.0
10471,3.0
10472,
10473,2.0
10474,2.0
10475,
10476,3.0
10477,4.0
10478,4.0
10479,
10480,6.0
10481,2.0
10482,1.0
10483,1.0
10484,3.0
10485,3.0
10486,5.0
10487,2.0
10488,
10489,5.0
10490,2.0
10491,1.0
10492,3.0
10493,1.0
10494,
10495,
10496,3.0
10497,
10498,
10499,1.0
10500,2.0
10501,
10502,1.0
10503,5.0
10504,
10505,1.0
10506,5.0
10507,
10508,2.0
10509,2.0
10510,2.0
10511,
10512,1.0
10513,3.0
10514,5.0
10515,
10516,
10517,
10518,
10519,3.0
10520,2.0
10521,1.0
10522,
10523,1.0
10524,1.0
10525,
10526,6.0
10527,2.0
10528,
10529,
10530,5.0
10531,4.0
10532,5.0
10533,6.0
10534,2.0
10535,2.0
10536,1.0
10537,
10538,
10539,1.0
10540,3.0
10541,
10542,1.0
10543,5.0
10544,
10545,2.0
10546,2.0
10547,1.0
10548,4.0
10549,
10550,2.0
10551,5.0
10552,
10553,5.0
10554,3.0
10555,1.0
10556,1.0
10557,
10558,
10559,6.0
10560,1.0
10561,
10562,5.0
10563,
10564,3.0
10565,6.0
10566,3.0
10567,2.0
10568,5.0
10569,1.0
10570,5.0
10571,2.0
10572,5.0
10573,5.0
10574,
10575,3.0
10576,
10577,5.0
10578,3.0
10579,
10580,5.0
10581,
10582,2.0
10583,3.0
10584,3.0
10585,3.0
10586,5.0
10587,
10588,1.0
10589,4.0
10590,
10591,
10592,
10593,
10594,5.0
10595,
10596,
10597,2.0
10598,1.0
10599,4.0
10600,
10601,4.0
10602,5.0
10603,3.0
10604,
10605,2.0
10606,
10607,3.0
10608,
10609,2.0
10610,3.0
10611,2.0
10612,2.0
10613,4.0
10614,6.0
10615,2.0
10616,4.0
10617,2.0
10618,
10619,2.0
10620,
10621,3.0
10622,3.0
10623,
10624,5.0
10625,
10626,
10627,5.0
10628,2.0
10629,
10630,5.0
10631,
10632,3.0
10633,4.0
10634,
10635,2.0
10636,
10637,1.0
10638,
10639,3.0
10640,6.0
10641,1.0
10642,1.0
10643,2.0
10644,5.0
10645,5.0
10646,5.0
10647,2.0
10648,1.0
10649,5.0
10650,5.0
10651,
10652,
10653,
10654,1.0
10655,
10656,4.0
10657,4.0
10658,1.0
10659,5.0
10660,
10661,1.0
10662,
10663,2.0
10664,5.0
10665,
10666,
10667,3.0
10668,5.0
10669,2.0
10670,5.0
10671,3.0
10672,
10673,1.0
10674,3.0
10675,3.0
10676,5.0
10677,3.0
10678,
10679,4.0
10680,
10681,5.0
10682,2.0
10683,2.0
10684,1.0
10685,
10686,
10687,5.0
10688,
10689,4.0
10690,1.0
10691,3.0
10692,4.0
10693,
10694,3.0
10695,2.0
10696,5.0
10697,
10698,1.0
10699,5.0
10700,
10701,2.0
10702,5.0
10703,
10704,1.0
10705,5.0
10706,2.0
10707,6.0
10708,
10709,
10710,3.0
10711,
10712,6.0
10713,1.0
10714,3.0
10715,6.0
10716,2.0
10717,3.0
10718,1.0
10719,5.0
10720,
10721,2.0
10722,1.0
10723,2.0
10724,2.0
10725,
10726,5.0
10727,2.0
10728,5.0
10729,5.0
10730,
10731,2.0
10732,5.0
10733,
10734,5.0
10735,2.0
10736,2.0
10737,
10738,5.0
10739,1.0
10740,4.0
10741,2.0
10742,2.0
10743,5.0
10744,
10745,2.0
10746,2.0
10747,6.0
10748,1.0
10749,
10750,2.0
10751,4.0
10752,4.0
10753,4.0
10754,
10755,5.0
10756,5.0
10757,3.0
10758,
10759,1.0
10760,
10761,5.0
10762,
10763,
10764,3.0
10765,5.0
10766,5.0
10767,4.0
10768,2.0
10769,6.0
10770,2.0
10771,1.0
10772,1.0
10773,
10774,
10775,
10776,
10777,4.0
10778,1.0
10779,
10780,1.0
10781,
10782,1.0
10783,2.0
10784,1.0
10785,6.0
10786,4.0
10787,1.0
10788,5.0
10789,1.0
10790,3.0
10791,3.0
10792,3.0
10793,1.0
10794,2.0
10795,3.0
10796,
10797,5.0
10798,3.0
10799,5.0
10800,2.0
10801,2.0
10802,6.0
10803,5.0
10804,6.0
10805,5.0
10806,
10807,2.0
10808,1.0
10809,3.0
10810,3.0
10811,5.0
10812,
10813,2.0
10814,1.0
10815,2.0
10816,
10817,5.0
10818,4.0
10819,
10820,3.0
10821,3.0
10822,5.0
10823,4.0
10824,5.0
10825,
10826,5.0
10827,1.0
10828,
10829,2.0
10830,
10831,
10832,5.0
10833,
10834,2.0
10835,1.0
10836,3.0
10837,4.0
10838,1.0
10839,5.0
10840,
10841,4.0
10842,
10843,3.0
10844,6.0
10845,
10846,6.0
10847,2.0
10848,5.0
10849,5.0
10850,4.0
10851,1.0
10852,5.0
10853,
10854,2.0
10855,3.0
10856,5.0
10857,5.0
10858,1.0
10859,
10860,1.0
10861,
10862,5.0
10863,
10864,1.0
10865,3.0
10866,1.0
10867,
10868,1.0
10869,5.0
10870,5.0
10871,1.0
10872,2.0
10873,
10874,1.0
10875,
10876,3.0
10877,2.0
10878,
10879,1.0
10880,5.0
10881,2.0
10882,4.0
10883,3.0
10884,
10885,
10886,5.0
10887,
10888,5.0
10889,2.0
10890,2.0
10891,6.0
10892,6.0
10893,5.0
10894,2.0
10895,5.0
10896,5.0
10897,
10898,
10899,4.0
10900,4.0
10901,
10902,3.0
10903,3.0
10904,6.0
10905,
10906,2.0
10907,2.0
10908,3.0
10909,
10910,5.0
10911,5.0
10912,
10913,
10914,
10915,3.0
10916,
10917,
10918,2.0
10919,3.0
10920,1.0
10921,1.0
10922,1.0
10923,5.0
10924,1.0
10925,2.0
10926,2.0
10927,3.0
10928,5.0
10929,4.0
10930,4.0
10931,1.0
10932,2.0
10933,3.0
10934,
10935,
10936,4.0
10937,
10938,4.0
10939,2.0
10940,3.0
10941,
10942,3.0
10943,
10944,3.0
10945,
10946,2.0
10947,6.0
10948,4.0
10949,5.0
10950,1.0
10951,5.0
10952,5.0
10953,1.0
10954,6.0
10955,
10956,
10957,
10958,6.0
10959,
10960,2.0
10961,1.0
10962,2.0
10963,1.0
10964,
10965,4.0
10966,3.0
10967,6.0
10968,4.0
10969,
10970,1.0
10971,1.0
10972,4.0
10973,5.0
10974,2.0
10975,
10976,1.0
10977,
10978,1.0
10979,3.0
10980,
10981,1.0
10982,5.0
10983,2.0
10984,
10985,5.0
10986,3.0
10987,
10988,
10989,2.0
10990,1.0
10991,6.0
10992,1.0
10993,
10994,
10995,3.0
10996,2.0
10997,5.0
10998,5.0
10999,3.0
11000,4.0
11001,
11002,
11003,1.0
11004,4.0
11005,
11006,6.0
11007,
11008,4.0
11009,
11010,2.0
11011,3.0
11012,4.0
11013,4.0
11014,
11015,5.0
11016,
11017,
11018,1.0
11019,
11020,1.0
11021,1.0
11022,5.0
11023,
11024,2.0
11025,2.0
11026,2.0
11027,5.0
11028,3.0
11029,1.0
11030,3.0
11031,3.0
11032,2.0
11033,
11034,5.0
11035,
11036,3.0
11037,5.0
11038,6.0
11039,
11040,1.0
11041,5.0
11042,5.0
11043,1.0
11044,1.0
11045,4.0
11046,2.0
11047,5.0
11048,5.0
11049,2.0
11050,4.0
11051,5.0
11052,1.0
11053,
11054,5.0
11055,2.0
11056,2.0
11057,
11058,
11059,1.0
11060,5.0
11061,1.0
11062,2.0
11063,
11064,1.0
11065,2.0
11066,
11067,5.0
11068,
11069,6.0
11070,
11071,2.0
11072,
11073,5.0
11074,
11075,3.0
11076,2.0
11077,1.0
11078,
11079,2.0
11080,
11081,3.0
11082,3.0
11083,4.0
11084,1.0
11085,
11086,6.0
11087,2.0
11088,4.0
11089,5.0
11090,
11091,6.0
11092,5.0
11093,4.0
11094,5.0
11095,6.0
11096,2.0
11097,2.0
11098,5.0
11099,
11100,3.0
11101,
11102,4.0
11103,2.0
11104,5.0
11105,
11106,
11107,1.0
11108,4.0
11109,
11110,2.0
11111,5.0
11112,5.0
11113,5.0
11114,
11115,3.0
11116,4.0
11117,2.0
11118,
11119,5.0
11120,2.0
11121,
11122,
11123,6.0
11124,5.0
11125,5.0
11126,
11127,4.0
11128,5.0
11129,2.0
11130,2.0
11131,
11132,6.0
11133,2.0
11134,1.0
11135,2.0
11136,1.0
11137,5.0
11138,5.0
11139,4.0
11140,2.0
11141,3.0
11142,2.0
11143,
11144,5.0
11145,2.0
11146,
11147,1.0
11148,2.0
11149,
11150,
11151,1.0
11152,2.0
11153,
11154,
11155,1.0
11156,1.0
11157,5.0
11158,5.0
11159,5.0
11160,2.0
11161,2.0
11162,3.0
11163,
11164,5.0
11165,3.0
11166,5.0
11167,1.0
11168,1.0
11169,
11170,5.0
11171,
11172,2.0
11173,2.0
11174,
11175,5.0
11176,3.0
11177,3.0
11178,
11179,2.0
11180,6.0
11181,5.0
11182,2.0
11183,5.0
11184,1.0
11185,5.0
11186,5.0
11187,6.0
11188,3.0
11189,2.0
11190,5.0
11191,4.0
11192,
11193,2.0
11194,1.0
11195,3.0
11196,
11197,1.0
11198,1.0
11199,5.0
11200,5.0
11201,
11202,4.0
11203,
11204,4.0
11205,
11206,5.0
11207,5.0
11208,
11209,2.0
11210,3.0
11211,
11212,4.0
11213,1.0
11214,3.0
11215,2.0
11216,5.0
11217,3.0
11218,3.0
11219,2.0
11220,
11221,4.0
11222,5.0
11223,4.0
11224,2.0
11225,
11226,2.0
11227,
11228,
11229,4.0
11230,1.0
11231,
11232,4.0
11233,
11234,3.0
11235,3.0
11236,2.0
11237,
11238,5.0
11239,5.0
11240,5.0
11241,3.0
11242,
11243,3.0
11244,3.0
11245,6.0
11246,5.0
11247,2.0
11248,3.0
11249,6.0
11250,4.0
11251,3.0
11252,1.0
11253,6.0
11254,
11255,4.0
11256,6.0
11257,5.0
11258,
11259,5.0
11260,
11261,
11262,5.0
11263,
11264,4.0
11265,1.0
11266,4.0
11267,
11268,
11269,1.0
11270,1.0
11271,1.0
11272,2.0
11273,1.0
11274,
11275,
11276,4.0
11277,3.0
11278,
11279,4.0
11280,4.0
11281,3.0
11282,5.0
11283,
11284,2.0
11285,3.0
11286,2.0
11287,2.0
11288,1.0
11289,2.0
11290,4.0
11291,
11292,6.0
11293,1.0
11294,1.0
11295,1.0
11296,4.0
11297,2.0
11298,4.0
11299,5.0
11300,5.0
11301,1.0
11302,3.0
11303,5.0
11304,1.0
11305,5.0
11306,
11307,
11308,4.0
11309,6.0
11310,4.0
11311,1.0
11312,4.0
11313,
11314,6.0
11315,
11316,5.0
11317,4.0
11318,5.0
11319,5.0
11320,3.0
11321,2.0
11322,2.0
11323,4.0
11324,1.0
11325,2.0
11326,4.0
11327,1.0
11328,
11329,5.0
11330,2.0
11331,5.0
11332,5.0
11333,4.0
11334,2.0
11335,4.0
11336,1.0
11337,
11338,
11339,6.0
11340,3.0
11341,2.0
11342,5.0
11343,5.0
11344,2.0
11345,
11346,
11347,4.0
11348,5.0
11349,
11350,1.0
11351,5.0
11352,
11353,3.0
11354,
11355,4.0
11356,4.0
11357,3.0
11358,
11359,2.0
11360,1.0
11361,
11362,1.0
11363,4.0
11364,
11365,1.0
11366,3.0
11367,4.0
11368,5.0
11369,6.0
11370,
11371,1.0
11372,3.0
11373,5.0
11374,
11375,6.0
11376,2.0
11377,2.0
11378,5.0
11379,
11380,
11381,2.0
11382,3.0
11383,
11384,4.0
11385,2.0
11386,
11387,1.0
11388,
11389,3.0
11390,
11391,5.0
11392,4.0
11393,
11394,4.0
11395,5.0
11396,5.0
11397,4.0
11398,
11399,1.0
11400,6.0
11401,1.0
11402,5.0
11403,3.0
11404,3.0
11405,3.0
11406,5.0
11407,
11408,5.0
11409,2.0
11410,5.0
11411,3.0
11412,5.0
11413,5.0
11414,
11415,5.0
11416,2.0
11417,
11418,4.0
11419,
11420,1.0
11421,
11422,
11423,2.0
11424,3.0
11425,
11426,1.0
11427,5.0
11428,4.0
11429,6.0
11430,2.0
11431,4.0
11432,6.0
11433,1.0
11434,2.0
11435,
11436,2.0
11437,4.0
11438,5.0
11439,
11440,
11441,1.0
11442,
11443,3.0
11444,
11445,3.0
11446,1.0
11447,
11448,4.0
11449,1.0
11450,4.0
11451,4.0
11452,
11453,1.0
11454,1.0
11455,
11456,2.0
11457,
11458,3.0
11459,2.0
11460,
11461,3.0
11462,1.0
11463,5.0
11464,4.0
11465,4.0
11466,2.0
11467,6.0
11468,5.0
11469,3.0
11470,
11471,5.0
11472,2.0
11473,3.0
11474,2.0
11475,1.0
11476,1.0
11477,3.0
11478,2.0
11479,4.0
11480,4.0
11481,
11482,3.0
11483,6.0
11484,
11485,5.0
11486,1.0
11487,1.0
11488,4.0
11489,
11490,
11491,5.0
11492,1.0
11493,
11494,1.0
11495,1.0
11496,4.0
11497,4.0
11498,5.0
11499,
11500,2.0
11501,2.0
11502,
11503,5.0
11504,1.0
11505,1.0
11506,
11507,
11508,4.0
11509,
11510,6.0
11511,3.0
11512,4.0
11513,
11514,5.0
11515,3.0
11516,4.0
11517,2.0
11518,3.0
11519,5.0
11520,6.0
11521,5.0
11522,3.0
11523,
11524,
11525,5.0
11526,5.0
11527,1.0
11528,
11529,1.0
11530,2.0
11531,
11532,2.0
11533,3.0
11534,2.0
11535,
11536,1.0
11537,2.0
11538,3.0
11539,5.0
11540,
11541,
11542,
11543,2.0
11544,2.0
11545,
11546,6.0
11547,3.0
11548,5.0
11549,4.0
11550,
11551,
11552,5.0
11553,
11554,2.0
11555,3.0
11556,6.0
11557,
11558,
11559,
11560,3.0
11561,1.0
11562,4.0
11563,5.0
11564,
11565,3.0
11566,2.0
11567,
11568,5.0
11569,1.0
11570,5.0
11571,2.0
11572,
11573,4.0
11574,5.0
11575,2.0
11576,5.0
11577,
11578,2.0
11579,
11580,
11581,5.0
11582,1.0
11583,4.0
11584,2.0
11585,1.0
11586,3.0
11587,4.0
11588,
11589,5.0
11590,2.0
11591,5.0
11592,5.0
11593,4.0
11594,4.0
11595,
11596,
11597,5.0
11598,5.0
11599,1.0
11600,2.0
11601,
11602,1.0
11603,
11604,5.0
11605,3.0
11606,
11607,1.0
11608,1.0
11609,
11610,
11611,
11612,2.0
11613,1.0
11614,
11615,
11616,6.0
11617,3.0
11618,6.0
11619,3.0
11620,3.0
11621,2.0
11622,5.0
11623,3.0
11624,3.0
11625,1.0
11626,5.0
11627,1.0
11628,
11629,1.0
11630,2.0
11631,4.0
11632,3.0
11633,1.0
11634,1.0
11635,
11636,5.0
11637,2.0
11638,1.0
11639,
11640,3.0
11641,
11642,2.0
11643,5.0
11644,4.0
11645,4.0
11646,3.0
11647,
11648,
11649,2.0
11650,5.0
11651,4.0
11652,2.0
11653,4.0
11654,
11655,4.0
11656,1.0
11657,4.0
11658,2.0
11659,3.0
11660,5.0
11661,3.0
11662,4.0
11663,3.0
11664,2.0
11665,3.0
11666,1.0
11667,3.0
11668,4.0
11669,4.0
11670,3.0
11671,
11672,2.0
11673,1.0
11674,3.0
11675,5.0
11676,2.0
11677,4.0
11678,5.0
11679,
11680,
11681,5.0
11682,1.0
11683,1.0
11684,1.0
11685,
11686,6.0
11687,5.0
11688,
11689,3.0
11690,5.0
11691,4.0
11692,1.0
11693,5.0
11694,5.0
11695,3.0
11696,
11697,2.0
11698,3.0
11699,
11700,
11701,4.0
11702,5.0
11703,1.0
11704,1.0
11705,5.0
11706,1.0
11707,
11708,
11709,2.0
11710,1.0
11711,
11712,2.0
11713,5.0
11714,
11715,2.0
11716,4.0
11717,3.0
11718,5.0
11719,6.0
11720,4.0
11721,2.0
11722,1.0
11723,
11724,
11725,1.0
11726,1.0
11727,2.0
11728,1.0
11729,3.0
11730,
11731,
11732,5.0
11733,
11734,4.0
11735,
11736,
11737,1.0
11738,
11739,5.0
11740,6.0
11741,5.0
11742,
11743,
11744,5.0
11745,5.0
11746,
11747,5.0
11748,
11749,2.0
11750,
11751,4.0
11752,4.0
11753,1.0
11754,1.0
11755,4.0
11756,1.0
11757,5.0
11758,2.0
11759,4.0
11760,
11761,3.0
11762,5.0
11763,2.0
11764,1.0
11765,2.0
11766,1.0
11767,5.0
11768,1.0
11769,5.0
11770,3.0
11771,5.0
11772,3.0
11773,1.0
11774,1.0
11775,
11776,4.0
11777,2.0
11778,4.0
11779,3.0
11780,
11781,5.0
11782,2.0
11783,2.0
11784,
11785,2.0
11786,1.0
11787,6.0
11788,3.0
11789,4.0
11790,
11791,2.0
11792,
11793,4.0
11794,
11795,
11796,1.0
11797,
11798,1.0
11799,
11800,5.0
11801,3.0
11802,
11803,5.0
11804,
11805,
11806,5.0
11807,6.0
11808,
11809,5.0
11810,
11811,
11812,3.0
11813,2.0
11814,5.0
11815,
11816,1.0
11817,3.0
11818,6.0
11819,1.0
11820,6.0
11821,2.0
11822,4.0
11823,
11824,4.0
11825,3.0
11826,2.0
11827,3.0
11828,3.0
11829,6.0
11830,
11831,1.0
11832,6.0
11833,
11834,5.0
11835,2.0
11836,
11837,
11838,
11839,
11840,3.0
11841,2.0
11842,3.0
11843,5.0
11844,
11845,4.0
11846,3.0
11847,
11848,1.0
11849,2.0
11850,5.0
11851,5.0
11852,
11853,3.0
11854,4.0
11855,5.0
11856,3.0
11857,2.0
11858,2.0
11859,5.0
11860,3.0
11861,3.0
11862,
11863,5.0
11864,
11865,
11866,4.0
11867,
11868,5.0
11869,
11870,6.0
11871,1.0
11872,5.0
11873,
11874,
11875,2.0
11876,1.0
11877,4.0
11878,1.0
11879,2.0
11880,
11881,5.0
11882,4.0
11883,4.0
11884,2.0
11885,5.0
11886,4.0
11887,2.0
11888,3.0
11889,6.0
11890,3.0
11891,
11892,
11893,
11894,
11895,2.0
11896,
11897,2.0
11898,4.0
11899,5.0
11900,
11901,
11902,1.0
11903,4.0
11904,4.0
11905,2.0
11906,2.0
11907,2.0
11908,6.0
11909,1.0
11910,
11911,5.0
11912,2.0
11913,2.0
11914,2.0
11915,
11916,
11917,4.0
11918,
11919,
11920,5.0
11921,
11922,1.0
11923,2.0
11924,4.0
11925,2.0
11926,5.0
11927,5.0
11928,2.0
11929,
11930,1.0
11931,
11932,4.0
11933,1.0
11934,
11935,2.0
11936,1.0
11937,2.0
11938,
11939,1.0
11940,1.0
11941,2.0
11942,
11943,5.0
11944,2.0
11945,1.0
11946,
11947,4.0
11948,1.0
11949,2.0
11950,1.0
11951,2.0
11952,
11953,
11954,4.0
11955,1.0
11956,3.0
11957,2.0
11958,
11959,1.0
11960,5.0
11961,
11962,3.0
11963,2.0
11964,
11965,
11966,4.0
11967,6.0
11968,2.0
11969,1.0
11970,4.0
11971,5.0
11972,5.0
11973,2.0
11974,1.0
11975,4.0
11976,2.0
11977,1.0
11978,3.0
11979,2.0
11980,4.0
11981,2.0
11982,1.0
11983,4.0
11984,
11985,2.0
11986,3.0
11987,
11988,4.0
11989,3.0
11990,3.0
11991,
11992,5.0
11993,2.0
11994,4.0
11995,6.0
11996,4.0
11997,1.0
11998,
11999,5.0
12000,
12001,4.0
12002,5.0
12003,4.0
12004,
12005,5.0
12006,
12007,6.0
12008,5.0
12009,5.0
12010,3.0
12011,5.0
12012,
12013,2.0
12014,5.0
12015,5.0
12016,5.0
12017,5.0
12018,
12019,
12020,
12021,6.0
12022,6.0
12023,4.0
12024,1.0
12025,
12026,1.0
12027,3.0
12028,1.0
12029,1.0
12030,
12031,
12032,4.0
12033,2.0
12034,5.0
12035,3.0
12036,1.0
12037,4.0
12038,
12039,1.0
12040,
12041,
12042,
12043,6.0
12044,2.0
12045,3.0
12046,5.0
12047,
12048,2.0
12049,
12050,5.0
12051,
12052,3.0
12053,1.0
12054,5.0
12055,6.0
12056,3.0
12057,1.0
12058,
12059,2.0
12060,5.0
12061,
12062,5.0
12063,5.0
12064,1.0
12065,3.0
12066,5.0
12067,4.0
12068,
12069,5.0
12070,1.0
12071,4.0
12072,2.0
12073,1.0
12074,
12075,3.0
12076,
12077,5.0
12078,3.0
12079,
12080,5.0
12081,5.0
12082,2.0
12083,1.0
12084,
12085,1.0
12086,
12087,5.0
12088,4.0
12089,1.0
12090,4.0
12091,1.0
12092,4.0
12093,3.0
12094,1.0
12095,4.0
12096,4.0
12097,
12098,4.0
12099,
12100,
12101,4.0
12102,
12103,1.0
12104,1.0
12105,2.0
12106,
12107,
12108,
12109,3.0
12110,1.0
12111,4.0
12112,5.0
12113,1.0
12114,
12115,4.0
12116,
12117,1.0
12118,2.0
12119,2.0
12120,2.0
12121,5.0
12122,6.0
12123,2.0
12124,
12125,2.0
12126,1.0
12127,2.0
12128,3.0
12129,5.0
12130,1.0
12131,3.0
12132,6.0
12133,5.0
12134,
12135,4.0
12136,
12137,1.0
12138,
12139,3.0
12140,
12141,
12142,5.0
12143,6.0
12144,
12145,4.0
12146,5.0
12147,3.0
12148,4.0
12149,
12150,5.0
12151,1.0
12152,2.0
12153,5.0
12154,2.0
12155,
12156,5.0
12157,
12158,3.0
12159,2.0
12160,1.0
12161,3.0
12162,1.0
12163,4.0
12164,4.0
12165,
12166,1.0
12167,2.0
12168,5.0
12169,2.0
12170,5.0
12171,
12172,2.0
12173,4.0
12174,5.0
12175,5.0
12176,5.0
12177,5.0
12178,2.0
12179,4.0
12180,6.0
12181,4.0
12182,4.0
12183,5.0
12184,2.0
12185,3.0
12186,4.0
12187,1.0
12188,3.0
12189,3.0
12190,
12191,4.0
12192,2.0
12193,
12194,2.0
12195,
12196,2.0
12197,1.0
12198,4.0
12199,3.0
12200,2.0
12201,3.0
12202,
12203,2.0
12204,5.0
12205,2.0
12206,2.0
12207,3.0
12208,
12209,1.0
12210,
12211,2.0
12212,2.0
12213,5.0
12214,1.0
12215,1.0
12216,5.0
12217,2.0
12218,1.0
12219,1.0
12220,5.0
12221,2.0
12222,
12223,
12224,3.0
12225,4.0
12226,
12227,
12228,6.0
12229,4.0
12230,2.0
12231,4.0
12232,2.0
12233,1.0
12234,1.0
12235,
12236,2.0
12237,4.0
12238,3.0
12239,
12240,
12241,
12242,5.0
12243,1.0
12244,
12245,2.0
12246,2.0
12247,
12248,6.0
12249,
12250,5.0
12251,5.0
12252,3.0
12253,6.0
12254,1.0
12255,2.0
12256,5.0
12257,1.0
12258,1.0
12259,3.0
12260,3.0
12261,
12262,2.0
12263,1.0
12264,3.0
12265,
12266,3.0
12267,3.0
12268,3.0
12269,6.0
12270,1.0
12271,4.0
12272,
12273,5.0
12274,6.0
12275,3.0
12276,
12277,2.0
12278,2.0
12279,2.0
12280,1.0
12281,6.0
12282,6.0
12283,4.0
12284,3.0
12285,
12286,4.0
12287,3.0
12288,3.0
12289,2.0
12290,5.0
12291,2.0
12292,2.0
12293,4.0
12294,3.0
12295,2.0
12296,1.0
12297,6.0
12298,
12299,5.0
12300,
12301,3.0
12302,4.0
12303,4.0
12304,2.0
12305,5.0
12306,
12307,2.0
12308,4.0
12309,4.0
12310,
12311,2.0
12312,3.0
12313,
12314,4.0
12315,3.0
12316,
12317,4.0
12318,3.0
12319,
12320,
12321,
12322,5.0
12323,1.0
12324,3.0
12325,5.0
12326,5.0
12327,6.0
12328,
12329,5.0
12330,2.0
12331,4.0
12332,6.0
12333,1.0
12334,
12335,1.0
12336,
12337,6.0
12338,5.0
12339,5.0
12340,2.0
12341,2.0
12342,
12343,1.0
12344,1.0
12345,5.0
12346,2.0
12347,5.0
12348,1.0
12349,6.0
12350,
12351,
12352,1.0
12353,5.0
12354,
12355,1.0
12356,3.0
12357,
12358,
12359,2.0
12360,1.0
12361,
12362,1.0
12363,
12364,5.0
12365,2.0
12366,2.0
12367,5.0
12368,5.0
12369,2.0
12370,5.0
12371,3.0
12372,
12373,1.0
12374,5.0
12375,5.0
12376,5.0
12377,2.0
12378,2.0
12379,2.0
12380,4.0
12381,3.0
12382,1.0
12383,
12384,6.0
12385,1.0
12386,5.0
12387,1.0
12388,1.0
12389,1.0
12390,
12391,4.0
12392,
12393,
12394,6.0
12395,5.0
12396,1.0
12397,5.0
12398,2.0
12399,3.0
12400,4.0
12401,1.0
12402,4.0
12403,2.0
12404,5.0
12405,3.0
12406,5.0
12407,4.0
12408,3.0
12409,3.0
12410,
12411,1.0
12412,1.0
12413,5.0
12414,
12415,3.0
12416,3.0
12417,3.0
12418,
12419,3.0
12420,5.0
12421,2.0
12422,6.0
12423,5.0
12424,3.0
12425,4.0
12426,
12427,1.0
12428,2.0
12429,1.0
12430,2.0
12431,1.0
12432,
12433,
12434,2.0
12435,3.0
12436,2.0
12437,
12438,3.0
12439,3.0
12440,2.0
12441,3.0
12442,3.0
12443,2.0
12444,1.0
12445,
12446,1.0
12447,4.0
12448,3.0
12449,
12450,3.0
12451,5.0
12452,1.0
12453,5.0
12454,5.0
12455,
12456,4.0
12457,2.0
12458,2.0
12459,5.0
12460,5.0
12461,5.0
12462,
12463,1.0
12464,
12465,4.0
12466,6.0
12467,5.0
12468,5.0
12469,2.0
12470,3.0
12471,
12472,2.0
12473,2.0
12474,2.0
12475,3.0
12476,
12477,
12478,
12479,5.0
12480,
12481,4.0
12482,4.0
12483,
12484,5.0
12485,5.0
12486,3.0
12487,5.0
12488,5.0
12489,
12490,1.0
12491,2.0
12492,2.0
12493,
12494,
12495,
12496,
12497,4.0
12498,5.0
12499,5.0
12500,5.0
12501,
12502,
12503,1.0
12504,
12505,1.0
12506,
12507,
12508,
12509,
12510,5.0
12511,3.0
12512,2.0
12513,2.0
12514,5.0
12515,
12516,3.0
12517,3.0
12518,6.0
12519,4.0
12520,6.0
12521,4.0
12522,6.0
12523,2.0
12524,4.0
12525,4.0
12526,2.0
12527,6.0
12528,4.0
12529,3.0
12530,4.0
12531,
12532,1.0
12533,5.0
12534,3.0
12535,5.0
12536,
12537,
12538,2.0
12539,
12540,1.0
12541,5.0
12542,5.0
12543,
12544,3.0
12545,2.0
12546,
12547,1.0
12548,4.0
12549,
12550,
12551,2.0
12552,
12553,5.0
12554,2.0
12555,6.0
12556,5.0
12557,5.0
12558,5.0
12559,2.0
12560,5.0
12561,4.0
12562,
12563,1.0
12564,6.0
12565,
12566,4.0
12567,
12568,6.0
12569,5.0
12570,4.0
12571,3.0
12572,1.0
12573,1.0
12574,
12575,
12576,4.0
12577,1.0
12578,1.0
12579,
12580,3.0
12581,
12582,1.0
12583,6.0
12584,
12585,2.0
12586,2.0
12587,4.0
12588,3.0
12589,1.0
12590,
12591,
12592,4.0
12593,3.0
12594,1.0
12595,5.0
12596,1.0
12597,
12598,
12599,
12600,1.0
12601,2.0
12602,5.0
12603,1.0
12604,4.0
12605,
12606,
12607,2.0
12608,5.0
12609,3.0
12610,4.0
12611,4.0
12612,
12613,4.0
12614,4.0
12615,6.0
12616,2.0
12617,4.0
12618,
12619,1.0
12620,5.0
12621,
12622,1.0
12623,2.0
12624,3.0
12625,6.0
12626,5.0
12627,5.0
12628,6.0
12629,3.0
12630,1.0
12631,5.0
12632,4.0
12633,
12634,4.0
12635,
12636,5.0
12637,
12638,6.0
12639,5.0
12640,
12641,
12642,3.0
12643,
12644,
12645,4.0
12646,
12647,4.0
12648,4.0
12649,4.0
12650,3.0
12651,5.0
12652,
12653,5.0
12654,5.0
12655,3.0
12656,5.0
12657,2.0
12658,5.0
12659,
12660,3.0
12661,3.0
12662,4.0
12663,6.0
12664,2.0
12665,2.0
12666,
12667,
12668,5.0
12669,
12670,
12671,2.0
12672,4.0
12673,3.0
12674,
12675,1.0
12676,
12677,2.0
12678,3.0
12679,2.0
12680,4.0
12681,3.0
12682,5.0
12683,
12684,4.0
12685,1.0
12686,
12687,3.0
12688,3.0
12689,
12690,
12691,3.0
12692,2.0
12693,5.0
12694,4.0
12695,
12696,3.0
12697,5.0
12698,1.0
12699,1.0
12700,
12701,6.0
12702,2.0
12703,5.0
12704,
12705,5.0
12706,3.0
12707,2.0
12708,6.0
12709,3.0
12710,4.0
12711,5.0
12712,
12713,2.0
12714,3.0
12715,3.0
12716,2.0
12717,
12718,5.0
12719,1.0
12720,5.0
12721,
12722,1.0
12723,4.0
12724,5.0
12725,6.0
12726,5.0
12727,1.0
12728,2.0
12729,6.0
12730,4.0
12731,
12732,4.0
12733,
12734,1.0
12735,1.0
12736,5.0
12737,4.0
12738,4.0
12739,
12740,2.0
12741,
12742,
12743,5.0
12744,
12745,6.0
12746,2.0
12747,
12748,
12749,2.0
12750,1.0
12751,3.0
12752,1.0
12753,1.0
12754,2.0
12755,6.0
12756,1.0
12757,3.0
12758,2.0
12759,1.0
12760,3.0
12761,
12762,4.0
12763,
12764,5.0
12765,
12766,
12767,3.0
12768,2.0
12769,1.0
12770,2.0
12771,1.0
12772,2.0
12773,2.0
12774,1.0
12775,6.0
12776,3.0
12777,4.0
12778,2.0
12779,
12780,5.0
12781,5.0
12782,3.0
12783,5.0
12784,4.0
12785,
12786,3.0
12787,
12788,3.0
12789,6.0
12790,5.0
12791,1.0
12792,
12793,6.0
12794,2.0
12795,6.0
12796,2.0
12797,4.0
12798,
12799,3.0
12800,5.0
12801,3.0
12802,3.0
12803,4.0
12804,5.0
12805,5.0
12806,1.0
12807,5.0
12808,
12809,
12810,1.0
12811,4.0
12812,3.0
12813,4.0
12814,
12815,6.0
12816,
12817,
12818,2.0
12819,2.0
12820,4.0
12821,
12822,
12823,1.0
12824,3.0
12825,
12826,3.0
12827,
12828,1.0
12829,5.0
12830,
12831,
12832,
12833,
12834,5.0
12835,6.0
12836,
12837,5.0
12838,1.0
12839,
12840,4.0
12841,5.0
12842,
12843,5.0
12844,
12845,1.0
12846,1.0
12847,
12848,5.0
12849,
12850,2.0
12851,1.0
12852,2.0
12853,
12854,
12855,5.0
12856,5.0
12857,2.0
12858,1.0
12859,3.0
12860,4.0
12861,1.0
12862,3.0
12863,4.0
12864,4.0
12865,3.0
12866,
12867,5.0
12868,5.0
12869,4.0
12870,1.0
12871,1.0
12872,1.0
12873,
12874,
12875,5.0
12876,6.0
12877,
12878,
12879,5.0
12880,4.0
12881,
12882,4.0
12883,1.0
12884,
12885,2.0
12886,
12887,5.0
12888,1.0
12889,1.0
12890,
12891,6.0
12892,5.0
12893,
12894,2.0
12895,1.0
12896,2.0
12897,5.0
12898,1.0
12899,
12900,2.0
12901,
12902,5.0
12903,
12904,6.0
12905,
12906,1.0
12907,
12908,
12909,
12910,5.0
12911,4.0
12912,5.0
12913,1.0
12914,6.0
12915,5.0
12916,3.0
12917,2.0
12918,
12919,2.0
12920,
12921,
12922,
12923,1.0
12924,3.0
12925,5.0
12926,
12927,
12928,1.0
12929,1.0
12930,3.0
12931,4.0
12932,6.0
12933,
12934,
12935,5.0
12936,1.0
12937,4.0
12938,2.0
12939,1.0
12940,2.0
12941,4.0
12942,1.0
12943,2.0
12944,
12945,5.0
12946,5.0
12947,1.0
12948,2.0
12949,2.0
12950,1.0
12951,2.0
12952,5.0
12953,2.0
12954,1.0
12955,1.0
12956,2.0
12957,
12958,5.0
12959,6.0
12960,5.0
12961,5.0
12962,
12963,3.0
12964,5.0
12965,4.0
12966,
12967,1.0
12968,3.0
12969,
12970,
12971,3.0
12972,3.0
12973,1.0
12974,3.0
12975,
12976,3.0
12977,
12978,5.0
12979,2.0
12980,4.0
12981,4.0
12982,5.0
12983,3.0
12984,3.0
12985,1.0
12986,3.0
12987,6.0
12988,3.0
12989,6.0
12990,1.0
12991,4.0
12992,
12993,5.0
12994,
12995,5.0
12996,2.0
12997,
12998,3.0
12999,
13000,
13001,2.0
13002,3.0
13003,2.0
13004,1.0
13005,1.0
13006,
13007,
13008,2.0
13009,2.0
13010,2.0
13011,
13012,
13013,
13014,2.0
13015,5.0
13016,1.0
13017,3.0
13018,4.0
13019,5.0
13020,
13021,
13022,1.0
13023,2.0
13024,1.0
13025,4.0
13026,5.0
13027,5.0
13028,1.0
13029,2.0
13030,4.0
13031,5.0
13032,5.0
13033,1.0
13034,5.0
13035,3.0
13036,
13037,2.0
13038,6.0
13039,2.0
13040,2.0
13041,3.0
13042,3.0
13043,5.0
13044,3.0
13045,
13046,
13047,5.0
13048,2.0
13049,3.0
13050,1.0
13051,
13052,5.0
13053,4.0
13054,4.0
13055,
13056,5.0
13057,2.0
13058,2.0
13059,
13060,2.0
13061,
13062,4.0
13063,
13064,3.0
13065,4.0
13066,
13067,6.0
13068,
13069,6.0
13070,2.0
13071,4.0
13072,5.0
13073,1.0
13074,4.0
13075,5.0
13076,4.0
13077,4.0
13078,4.0
13079,3.0
13080,2.0
13081,1.0
13082,
13083,
13084,1.0
13085,2.0
13086,1.0
13087,2.0
13088,
13089,
13090,5.0
13091,
13092,2.0
13093,3.0
13094,1.0
13095,
13096,3.0
13097,5.0
13098,1.0
13099,5.0
13100,1.0
13101,2.0
13102,5.0
13103,2.0
13104,
13105,4.0
13106,5.0
13107,2.0
13108,
13109,2.0
13110,1.0
13111,5.0
13112,2.0
13113,3.0
13114,2.0
13115,
13116,
13117,3.0
13118,
13119,
13120,2.0
13121,5.0
13122,3.0
13123,5.0
13124,6.0
13125,
13126,3.0
13127,1.0
13128,5.0
13129,5.0
13130,4.0
13131,1.0
13132,1.0
13133,1.0
13134,1.0
13135,2.0
13136,4.0
13137,2.0
13138,2.0
13139,4.0
13140,2.0
13141,5.0
13142,
13143,3.0
13144,2.0
13145,
13146,
13147,3.0
13148,4.0
13149,1.0
13150,1.0
13151,2.0
13152,1.0
13153,4.0
13154,4.0
13155,6.0
13156,5.0
13157,4.0
13158,3.0
13159,5.0
13160,
13161,5.0
13162,5.0
13163,1.0
13164,
13165,6.0
13166,6.0
13167,5.0
13168,
13169,5.0
13170,
13171,4.0
13172,3.0
13173,2.0
13174,4.0
13175,2.0
13176,3.0
13177,5.0
13178,3.0
13179,5.0
13180,1.0
13181,2.0
13182,3.0
13183,
13184,
13185,
13186,4.0
13187,1.0
13188,4.0
13189,5.0
13190,
13191,1.0
13192,4.0
13193,1.0
13194,3.0
13195,
13196,5.0
13197,5.0
13198,5.0
13199,3.0
13200,4.0
13201,
13202,4.0
13203,3.0
13204,6.0
13205,
13206,3.0
13207,5.0
13208,1.0
13209,3.0
13210,4.0
13211,5.0
13212,3.0
13213,4.0
13214,4.0
13215,
13216,
13217,5.0
13218,5.0
13219,3.0
13220,2.0
13221,4.0
13222,3.0
13223,5.0
13224,1.0
13225,
13226,5.0
13227,
13228,
13229,
13230,2.0
13231,1.0
13232,
13233,1.0
13234,5.0
13235,6.0
13236,2.0
13237,4.0
13238,4.0
13239,1.0
13240,5.0
13241,2.0
13242,4.0
13243,2.0
13244,3.0
13245,4.0
13246,
13247,2.0
13248,5.0
13249,3.0
13250,5.0
13251,2.0
13252,5.0
13253,3.0
13254,1.0
13255,6.0
13256,2.0
13257,5.0
13258,
13259,3.0
13260,3.0
13261,6.0
13262,4.0
13263,2.0
13264,
13265,6.0
13266,3.0
13267,5.0
13268,6.0
13269,6.0
13270,2.0
13271,
13272,2.0
13273,5.0
13274,2.0
13275,4.0
13276,4.0
13277,2.0
13278,3.0
13279,
13280,4.0
13281,
13282,5.0
13283,2.0
13284,2.0
13285,2.0
13286,
13287,1.0
13288,4.0
13289,
13290,2.0
13291,
13292,
13293,3.0
13294,5.0
13295,
13296,2.0
13297,1.0
13298,4.0
13299,3.0
13300,5.0
13301,
13302,3.0
13303,3.0
13304,2.0
13305,6.0
13306,
13307,3.0
13308,
13309,4.0
13310,1.0
13311,2.0
13312,4.0
13313,5.0
13314,
13315,
13316,5.0
13317,
13318,1.0
13319,3.0
13320,2.0
13321,1.0
13322,
13323,3.0
13324,
13325,2.0
13326,1.0
13327,5.0
13328,5.0
13329,1.0
13330,3.0
13331,
13332,4.0
13333,3.0
13334,5.0
13335,6.0
13336,2.0
13337,
13338,2.0
13339,
13340,
13341,
13342,
13343,1.0
13344,2.0
13345,5.0
13346,
13347,
13348,1.0
13349,2.0
13350,5.0
13351,3.0
13352,3.0
13353,5.0
13354,
13355,
13356,2.0
13357,4.0
13358,3.0
13359,1.0
13360,4.0
13361,
13362,
13363,1.0
13364,3.0
13365,2.0
13366,
13367,
13368,5.0
13369,3.0
13370,3.0
13371,4.0
13372,
13373,1.0
13374,5.0
13375,3.0
13376,4.0
13377,2.0
13378,
13379,1.0
13380,
13381,2.0
13382,
13383,6.0
13384,2.0
13385,4.0
13386,2.0
13387,5.0
13388,5.0
13389,2.0
13390,5.0
13391,5.0
13392,
13393,
13394,4.0
13395,
13396,5.0
13397,2.0
13398,3.0
13399,
13400,1.0
13401,1.0
13402,5.0
13403,1.0
13404,2.0
13405,6.0
13406,
13407,2.0
13408,3.0
13409,
13410,4.0
13411,
13412,
13413,3.0
13414,
13415,
13416,6.0
13417,5.0
13418,4.0
13419,
13420,6.0
13421,5.0
13422,4.0
13423,1.0
13424,
13425,
13426,2.0
13427,
13428,1.0
13429,1.0
13430,5.0
13431,5.0
13432,
13433,4.0
13434,2.0
13435,4.0
13436,3.0
13437,1.0
13438,3.0
13439,1.0
13440,
13441,1.0
13442,2.0
13443,
13444,2.0
13445,5.0
13446,
13447,
13448,
13449,6.0
13450,6.0
13451,1.0
13452,
13453,2.0
13454,
13455,4.0
13456,3.0
13457,1.0
13458,
13459,1.0
13460,4.0
13461,3.0
13462,3.0
13463,
13464,
13465,2.0
13466,5.0
13467,3.0
13468,4.0
13469,2.0
13470,2.0
13471,2.0
13472,
13473,
13474,3.0
13475,6.0
13476,1.0
13477,4.0
13478,2.0
13479,
13480,4.0
13481,6.0
13482,
13483,
13484,4.0
13485,
13486,2.0
13487,5.0
13488,6.0
13489,3.0
13490,
13491,3.0
13492,2.0
13493,
13494,5.0
13495,2.0
13496,5.0
13497,1.0
13498,2.0
13499,
13500,4.0
13501,
13502,
13503,5.0
13504,
13505,5.0
13506,
13507,5.0
13508,
13509,
13510,4.0
13511,3.0
13512,
13513,
13514,1.0
13515,
13516,5.0
13517,
13518,6.0
13519,6.0
13520,4.0
13521,4.0
13522,3.0
13523,6.0
13524,5.0
13525,5.0
13526,
13527,5.0
13528,2.0
13529,
13530,3.0
13531,3.0
13532,6.0
13533,6.0
13534,
13535,
13536,5.0
13537,2.0
13538,3.0
13539,
13540,
13541,3.0
13542,1.0
13543,3.0
13544,3.0
13545,5.0
13546,2.0
13547,5.0
13548,2.0
13549,5.0
13550,5.0
13551,5.0
13552,
13553,6.0
13554,1.0
13555,3.0
13556,2.0
13557,6.0
13558,1.0
13559,
13560,5.0
13561,5.0
13562,2.0
13563,2.0
13564,
13565,4.0
13566,
13567,3.0
13568,
13569,2.0
13570,4.0
13571,2.0
13572,2.0
13573,2.0
13574,3.0
13575,3.0
13576,3.0
13577,5.0
13578,1.0
13579,2.0
13580,
13581,2.0
13582,
13583,3.0
13584,1.0
13585,5.0
13586,4.0
13587,4.0
13588,6.0
13589,3.0
13590,
13591,
13592,2.0
13593,2.0
13594,
13595,5.0
13596,5.0
13597,1.0
13598,
13599,3.0
13600,1.0
13601,4.0
13602,
13603,4.0
13604,2.0
13605,
13606,2.0
13607,1.0
13608,
13609,1.0
13610,
13611,3.0
13612,1.0
13613,3.0
13614,2.0
13615,2.0
13616,1.0
13617,
13618,
13619,
13620,6.0
13621,1.0
13622,
13623,1.0
13624,
13625,3.0
13626,1.0
13627,4.0
13628,4.0
13629,3.0
13630,4.0
13631,3.0
13632,
13633,4.0
13634,3.0
13635,1.0
13636,2.0
13637,2.0
13638,1.0
13639,1.0
13640,
13641,4.0
13642,6.0
13643,4.0
13644,
13645,4.0
13646,2.0
13647,4.0
13648,5.0
13649,1.0
13650,5.0
13651,2.0
13652,2.0
13653,2.0
13654,6.0
13655,
13656,3.0
13657,6.0
13658,4.0
13659,6.0
13660,3.0
13661,
13662,1.0
13663,4.0
13664,1.0
13665,3.0
13666,4.0
13667,2.0
13668,2.0
13669,
13670,
13671,3.0
13672,
13673,
13674,3.0
13675,5.0
13676,
13677,
13678,4.0
13679,1.0
13680,5.0
13681,4.0
13682,6.0
13683,3.0
13684,1.0
13685,5.0
13686,2.0
13687,2.0
13688,1.0
13689,
13690,2.0
13691,1.0
13692,2.0
13693,4.0
13694,3.0
13695,4.0
13696,2.0
13697,5.0
13698,4.0
13699,1.0
13700,5.0
13701,5.0
13702,4.0
13703,2.0
13704,2.0
13705,4.0
13706,4.0
13707,2.0
13708,2.0
13709,
13710,5.0
13711,5.0
13712,3.0
13713,4.0
13714,5.0
13715,1.0
13716,5.0
13717,3.0
13718,1.0
13719,1.0
13720,6.0
13721,2.0
13722,5.0
13723,1.0
13724,2.0
13725,1.0
13726,5.0
13727,3.0
13728,2.0
13729,
13730,5.0
13731,3.0
13732,5.0
13733,
13734,3.0
13735,6.0
13736,5.0
13737,2.0
13738,2.0
13739,
13740,2.0
13741,2.0
13742,6.0
13743,
13744,5.0
13745,2.0
13746,3.0
13747,4.0
13748,
13749,4.0
13750,5.0
13751,
13752,5.0
13753,6.0
13754,3.0
13755,
13756,
13757,5.0
13758,5.0
13759,
13760,1.0
13761,4.0
13762,5.0
13763,2.0
13764,1.0
13765,5.0
13766,4.0
13767,5.0
13768,4.0
13769,1.0
13770,
13771,5.0
13772,2.0
13773,4.0
13774,4.0
13775,5.0
13776,
13777,3.0
13778,5.0
13779,
13780,5.0
13781,
13782,6.0
13783,
13784,1.0
13785,6.0
13786,3.0
13787,1.0
13788,5.0
13789,4.0
13790,
13791,5.0
13792,6.0
13793,
13794,
13795,4.0
13796,3.0
13797,6.0
13798,5.0
13799,1.0
13800,3.0
13801,
13802,6.0
13803,3.0
13804,
13805,
13806,
13807,2.0
13808,4.0
13809,3.0
13810,3.0
13811,3.0
13812,5.0
13813,4.0
13814,3.0
13815,
13816,3.0
13817,5.0
13818,6.0
13819,4.0
13820,3.0
13821,2.0
13822,
13823,
13824,5.0
13825,5.0
13826,
13827,5.0
13828,5.0
13829,5.0
13830,1.0
13831,
13832,2.0
13833,
13834,1.0
13835,4.0
13836,
13837,2.0
13838,4.0
13839,1.0
13840,3.0
13841,5.0
13842,
13843,1.0
13844,2.0
13845,2.0
13846,3.0
13847,2.0
13848,4.0
13849,
13850,5.0
13851,4.0
13852,5.0
13853,2.0
13854,
13855,5.0
13856,
13857,1.0
13858,5.0
13859,
13860,
13861,
13862,4.0
13863,6.0
13864,6.0
13865,5.0
13866,3.0
13867,
13868,
13869,
13870,5.0
13871,1.0
13872,3.0
13873,4.0
13874,
13875,5.0
13876,4.0
13877,3.0
13878,3.0
13879,4.0
13880,1.0
13881,
13882,1.0
13883,3.0
13884,4.0
13885,4.0
13886,4.0
13887,
13888,2.0
13889,
13890,2.0
13891,2.0
13892,
13893,4.0
13894,
13895,1.0
13896,1.0
13897,
13898,3.0
13899,1.0
13900,
13901,
13902,5.0
13903,5.0
13904,
13905,4.0
13906,4.0
13907,1.0
13908,1.0
13909,
13910,3.0
13911,6.0
13912,4.0
13913,4.0
13914,6.0
13915,
13916,
13917,2.0
13918,2.0
13919,
13920,2.0
13921,
13922,
13923,4.0
13924,1.0
13925,3.0
13926,4.0
13927,
13928,3.0
13929,2.0
13930,3.0
13931,2.0
13932,2.0
13933,
13934,4.0
13935,2.0
13936,4.0
13937,1.0
13938,
13939,5.0
13940,3.0
13941,4.0
13942,5.0
13943,4.0
13944,5.0
13945,2.0
13946,1.0
13947,2.0
13948,4.0
13949,2.0
13950,6.0
13951,3.0
13952,1.0
13953,2.0
13954,
13955,1.0
13956,
13957,5.0
13958,2.0
13959,5.0
13960,3.0
13961,2.0
13962,
13963,1.0
13964,5.0
13965,6.0
13966,
13967,3.0
13968,
13969,5.0
13970,1.0
13971,
13972,5.0
13973,3.0
13974,6.0
13975,
13976,2.0
13977,1.0
13978,4.0
13979,
13980,
13981,5.0
13982,3.0
13983,
13984,
13985,4.0
13986,5.0
13987,3.0
13988,3.0
13989,2.0
13990,2.0
13991,3.0
13992,3.0
13993,
13994,3.0
13995,
13996,2.0
13997,
13998,4.0
13999,1.0
14000,1.0
14001,
14002,3.0
14003,1.0
14004,
14005,1.0
14006,4.0
14007,2.0
14008,
14009,
14010,4.0
14011,5.0
14012,3.0
14013,1.0
14014,
14015,
14016,1.0
14017,
14018,
14019,4.0
14020,2.0
14021,3.0
14022,2.0
14023,
14024,3.0
14025,1.0
14026,4.0
14027,
14028,2.0
14029,
14030,5.0
14031,5.0
14032,5.0
14033,4.0
14034,
14035,5.0
14036,
14037,4.0
14038,1.0
14039,5.0
14040,4.0
14041,
14042,3.0
14043,1.0
14044,1.0
14045,3.0
14046,5.0
14047,5.0
14048,1.0
14049,
14050,3.0
14051,6.0
14052,
14053,
14054,
14055,4.0
14056,6.0
14057,
14058,2.0
14059,3.0
14060,
14061,1.0
14062,4.0
14063,
14064,2.0
14065,1.0
14066,2.0
14067,2.0
14068,
14069,5.0
14070,5.0
14071,
14072,3.0
14073,2.0
14074,2.0
14075,2.0
14076,5.0
14077,5.0
14078,2.0
14079,
14080,5.0
14081,
14082,3.0
14083,2.0
14084,4.0
14085,1.0
14086,1.0
14087,
14088,3.0
14089,
14090,
14091,6.0
14092,1.0
14093,
14094,1.0
14095,2.0
14096,1.0
14097,4.0
14098,
14099,5.0
14100,3.0
14101,
14102,6.0
14103,
14104,5.0
14105,1.0
14106,1.0
14107,
14108,1.0
14109,1.0
14110,5.0
14111,
14112,
14113,2.0
14114,3.0
14115,4.0
14116,2.0
14117,5.0
14118,3.0
14119,5.0
14120,4.0
14121,3.0
14122,5.0
14123,1.0
14124,3.0
14125,3.0
14126,5.0
14127,6.0
14128,2.0
14129,2.0
14130,3.0
14131,3.0
14132,1.0
14133,5.0
14134,3.0
14135,3.0
14136,6.0
14137,
14138,1.0
14139,5.0
14140,1.0
14141,
14142,
14143,1.0
14144,4.0
14145,3.0
14146,3.0
14147,2.0
14148,4.0
14149,1.0
14150,
14151,3.0
14152,
14153,
14154,4.0
14155,4.0
14156,3.0
14157,
14158,4.0
14159,3.0
14160,2.0
14161,1.0
14162,
14163,1.0
14164,2.0
14165,5.0
14166,1.0
14167,
14168,1.0
14169,3.0
14170,6.0
14171,
14172,1.0
14173,
14174,1.0
14175,4.0
14176,5.0
14177,5.0
14178,5.0
14179,3.0
14180,4.0
14181,
14182,1.0
14183,
14184,
14185,3.0
14186,1.0
14187,3.0
14188,1.0
14189,
14190,6.0
14191,1.0
14192,1.0
14193,
14194,
14195,2.0
14196,2.0
14197,2.0
14198,3.0
14199,5.0
14200,1.0
14201,
14202,
14203,5.0
14204,3.0
14205,1.0
14206,2.0
14207,2.0
14208,2.0
14209,
14210,1.0
14211,3.0
14212,3.0
14213,5.0
14214,1.0
14215,6.0
14216,2.0
14217,6.0
14218,1.0
14219,5.0
14220,2.0
14221,5.0
14222,5.0
14223,
14224,5.0
14225,5.0
14226,
14227,1.0
14228,3.0
14229,5.0
14230,1.0
14231,5.0
14232,1.0
14233,4.0
14234,4.0
14235,4.0
14236,1.0
14237,5.0
14238,
14239,4.0
14240,1.0
14241,1.0
14242,1.0
14243,
14244,3.0
14245,1.0
14246,5.0
14247,4.0
14248,5.0
14249,3.0
14250,2.0
14251,2.0
14252,6.0
14253,
14254,5.0
14255,3.0
14256,3.0
14257,
14258,5.0
14259,5.0
14260,1.0
14261,4.0
14262,3.0
14263,5.0
14264,2.0
14265,1.0
14266,1.0
14267,3.0
14268,5.0
14269,
14270,5.0
14271,
14272,3.0
14273,
14274,5.0
14275,1.0
14276,1.0
14277,
14278,2.0
14279,
14280,
14281,6.0
14282,
14283,2.0
14284,3.0
14285,1.0
14286,1.0
14287,5.0
14288,5.0
14289,3.0
14290,2.0
14291,2.0
14292,5.0
14293,2.0
14294,
14295,2.0
14296,3.0
14297,5.0
14298,4.0
14299,1.0
14300,4.0
14301,
14302,5.0
14303,4.0
14304,3.0
14305,
14306,
14307,1.0
14308,2.0
14309,4.0
14310,5.0
14311,4.0
14312,1.0
14313,
14314,3.0
14315,2.0
14316,
14317,1.0
14318,1.0
14319,5.0
14320,5.0
14321,
14322,4.0
14323,
14324,3.0
14325,
14326,2.0
14327,2.0
14328,3.0
14329,1.0
14330,3.0
14331,1.0
14332,5.0
14333,3.0
14334,2.0
14335,3.0
14336,1.0
14337,3.0
14338,5.0
14339,6.0
14340,
14341,
14342,
14343,
14344,
14345,3.0
14346,5.0
14347,1.0
14348,1.0
14349,2.0
14350,5.0
14351,
14352,1.0
14353,4.0
14354,5.0
14355,1.0
14356,3.0
14357,6.0
14358,1.0
14359,
14360,
14361,5.0
14362,5.0
14363,5.0
14364,
14365,5.0
14366,3.0
14367,2.0
14368,2.0
14369,2.0
14370,3.0
14371,2.0
14372,2.0
14373,6.0
14374,2.0
14375,1.0
14376,2.0
14377,2.0
14378,4.0
14379,2.0
14380,1.0
14381,2.0
14382,6.0
14383,3.0
14384,
14385,4.0
14386,1.0
14387,4.0
14388,1.0
14389,2.0
14390,2.0
14391,1.0
14392,2.0
14393,3.0
14394,2.0
14395,3.0
14396,2.0
14397,5.0
14398,5.0
14399,
14400,2.0
14401,
14402,5.0
14403,
14404,
14405,3.0
14406,
14407,1.0
14408,4.0
14409,4.0
14410,3.0
14411,4.0
14412,4.0
14413,5.0
14414,
14415,1.0
14416,
14417,4.0
14418,
14419,2.0
14420,3.0
14421,
14422,6.0
14423,1.0
14424,4.0
14425,3.0
14426,
14427,5.0
14428,1.0
14429,4.0
14430,1.0
14431,5.0
14432,3.0
14433,
14434,5.0
14435,
14436,2.0
14437,3.0
14438,4.0
14439,
14440,2.0
14441,
14442,
14443,
14444,4.0
14445,5.0
14446,2.0
14447,2.0
14448,2.0
14449,6.0
14450,3.0
14451,
14452,
14453,
14454,2.0
14455,5.0
14456,1.0
14457,
14458,5.0
14459,2.0
14460,
14461,
14462,4.0
14463,1.0
14464,
14465,
14466,5.0
14467,
14468,1.0
14469,
14470,
14471,3.0
14472,3.0
14473,5.0
14474,1.0
14475,3.0
14476,
14477,6.0
14478,1.0
14479,
14480,1.0
14481,
14482,
14483,
14484,3.0
14485,
14486,
14487,5.0
14488,4.0
14489,
14490,3.0
14491,4.0
14492,
14493,1.0
14494,
14495,
14496,4.0
14497,
14498,3.0
14499,2.0
14500,
14501,
14502,2.0
14503,
14504,1.0
14505,
14506,2.0
14507,
14508,
14509,6.0
14510,5.0
14511,5.0
14512,
14513,2.0
14514,
14515,5.0
14516,5.0
14517,3.0
14518,4.0
14519,
14520,2.0
14521,5.0
14522,1.0
14523,1.0
14524,5.0
14525,4.0
14526,4.0
14527,4.0
14528,1.0
14529,2.0
14530,
14531,2.0
14532,
14533,5.0
14534,4.0
14535,4.0
14536,5.0
14537,
14538,1.0
14539,6.0
14540,5.0
14541,2.0
14542,
14543,5.0
14544,2.0
14545,
14546,1.0
14547,3.0
14548,3.0
14549,4.0
14550,5.0
14551,
14552,3.0
14553,5.0
14554,6.0
14555,3.0
14556,
14557,5.0
14558,2.0
14559,1.0
14560,2.0
14561,1.0
14562,
14563,
14564,
14565,6.0
14566,2.0
14567,5.0
14568,3.0
14569,5.0
14570,
14571,3.0
14572,
14573,5.0
14574,2.0
14575,2.0
14576,
14577,4.0
14578,2.0
14579,3.0
14580,4.0
14581,5.0
14582,
14583,3.0
14584,1.0
14585,4.0
14586,5.0
14587,2.0
14588,
14589,5.0
14590,2.0
14591,
14592,
14593,1.0
14594,4.0
14595,1.0
14596,5.0
14597,3.0
14598,5.0
14599,2.0
14600,3.0
14601,1.0
14602,4.0
14603,1.0
14604,
14605,5.0
14606,2.0
14607,3.0
14608,2.0
14609,
14610,
14611,
14612,5.0
14613,
14614,2.0
14615,
14616,
14617,5.0
14618,3.0
14619,2.0
14620,4.0
14621,4.0
14622,1.0
14623,4.0
14624,3.0
14625,5.0
14626,2.0
14627,1.0
14628,5.0
14629,
14630,6.0
14631,5.0
14632,5.0
14633,
14634,
14635,4.0
14636,
14637,
14638,1.0
14639,1.0
14640,
14641,3.0
14642,
14643,2.0
14644,5.0
14645,2.0
14646,1.0
14647,2.0
14648,
14649,
14650,1.0
14651,5.0
14652,5.0
14653,
14654,1.0
14655,
14656,
14657,2.0
14658,
14659,
14660,2.0
14661,2.0
14662,4.0
14663,4.0
14664,
14665,2.0
14666,
14667,
14668,
14669,
14670,2.0
14671,1.0
14672,6.0
14673,4.0
14674,
14675,3.0
14676,6.0
14677,2.0
14678,5.0
14679,1.0
14680,2.0
14681,
14682,
14683,3.0
14684,2.0
14685,
14686,5.0
14687,4.0
14688,
14689,3.0
14690,3.0
14691,
14692,
14693,
14694,1.0
14695,3.0
14696,
14697,1.0
14698,
14699,4.0
14700,
14701,1.0
14702,5.0
14703,2.0
14704,4.0
14705,6.0
14706,
14707,
14708,1.0
14709,
14710,1.0
14711,2.0
14712,4.0
14713,
14714,5.0
14715,2.0
14716,3.0
14717,5.0
14718,
14719,1.0
14720,1.0
14721,5.0
14722,2.0
14723,
14724,2.0
14725,1.0
14726,4.0
14727,6.0
14728,6.0
14729,3.0
14730,4.0
14731,1.0
14732,5.0
14733,2.0
14734,
14735,
14736,4.0
14737,3.0
14738,
14739,
14740,1.0
14741,
14742,2.0
14743,3.0
14744,3.0
14745,3.0
14746,
14747,5.0
14748,1.0
14749,
14750,2.0
14751,4.0
14752,
14753,1.0
14754,
14755,2.0
14756,
14757,5.0
14758,3.0
14759,2.0
14760,1.0
14761,
14762,
14763,6.0
14764,
14765,5.0
14766,
14767,
14768,5.0
14769,1.0
14770,5.0
14771,5.0
14772,2.0
14773,4.0
14774,1.0
14775,2.0
14776,1.0
14777,2.0
14778,
14779,1.0
14780,2.0
14781,2.0
14782,1.0
14783,2.0
14784,1.0
14785,1.0
14786,3.0
14787,1.0
14788,
14789,2.0
14790,
14791,1.0
14792,2.0
14793,2.0
14794,2.0
14795,1.0
14796,4.0
14797,6.0
14798,2.0
14799,3.0
14800,
14801,2.0
14802,5.0
14803,1.0
14804,1.0
14805,3.0
14806,4.0
14807,2.0
14808,3.0
14809,3.0
14810,5.0
14811,3.0
14812,2.0
14813,5.0
14814,5.0
14815,1.0
14816,5.0
14817,
14818,6.0
14819,5.0
14820,
14821,1.0
14822,
14823,
14824,6.0
14825,2.0
14826,4.0
14827,1.0
14828,5.0
14829,2.0
14830,
14831,4.0
14832,2.0
14833,
14834,1.0
14835,3.0
14836,1.0
14837,5.0
14838,6.0
14839,
14840,4.0
14841,
14842,
14843,5.0
14844,4.0
14845,
14846,
14847,
14848,2.0
14849,4.0
14850,
14851,
14852,2.0
14853,2.0
14854,3.0
14855,3.0
14856,
14857,
14858,2.0
14859,4.0
14860,4.0
14861,
14862,5.0
14863,3.0
14864,3.0
14865,6.0
14866,5.0
14867,3.0
14868,3.0
14869,
14870,
14871,2.0
14872,2.0
14873,1.0
14874,6.0
14875,5.0
14876,6.0
14877,5.0
14878,3.0
14879,2.0
14880,
14881,2.0
14882,5.0
14883,3.0
14884,
14885,5.0
14886,
14887,5.0
14888,
14889,2.0
14890,2.0
14891,2.0
14892,5.0
14893,4.0
14894,2.0
14895,5.0
14896,3.0
14897,
14898,
14899,4.0
14900,1.0
14901,5.0
14902,4.0
14903,4.0
14904,5.0
14905,
14906,2.0
14907,1.0
14908,2.0
14909,5.0
14910,
14911,5.0
14912,
14913,6.0
14914,2.0
14915,4.0
14916,5.0
14917,2.0
14918,
14919,4.0
14920,1.0
14921,2.0
14922,4.0
14923,5.0
14924,
14925,6.0
14926,2.0
14927,3.0
14928,1.0
14929,
14930,
14931,
14932,3.0
14933,5.0
14934,6.0
14935,2.0
14936,1.0
14937,4.0
14938,
14939,5.0
14940,3.0
14941,2.0
14942,
14943,
14944,
14945,1.0
14946,4.0
14947,4.0
14948,6.0
14949,
14950,2.0
14951,1.0
14952,3.0
14953,
14954,5.0
14955,
14956,1.0
14957,1.0
14958,4.0
14959,5.0
14960,4.0
14961,
14962,5.0
14963,
14964,
14965,5.0
14966,
14967,1.0
14968,5.0
14969,1.0
14970,
14971,4.0
14972,1.0
14973,1.0
14974,4.0
14975,2.0
14976,1.0
14977,5.0
14978,1.0
14979,1.0
14980,
14981,6.0
14982,2.0
14983,
14984,6.0
14985,5.0
14986,2.0
14987,1.0
14988,
14989,6.0
14990,
14991,4.0
14992,3.0
14993,
14994,2.0
14995,
14996,4.0
14997,
14998,2.0
14999,4.0
15000,3.0
15001,1.0
15002,5.0
15003,6.0
15004,5.0
15005,
15006,
15007,5.0
15008,6.0
15009,
15010,4.0
15011,2.0
15012,4.0
15013,2.0
15014,2.0
15015,4.0
15016,5.0
15017,2.0
15018,3.0
15019,5.0
15020,2.0
15021,
15022,6.0
15023,
15024,
15025,3.0
15026,2.0
15027,
15028,4.0
15029,
15030,2.0
15031,2.0
15032,
15033,
15034,
15035,3.0
15036,
15037,
15038,5.0
15039,2.0
15040,1.0
15041,
15042,4.0
15043,2.0
15044,2.0
15045,5.0
15046,
15047,5.0
15048,1.0
15049,1.0
15050,6.0
15051,4.0
15052,1.0
15053,3.0
15054,2.0
15055,
15056,
15057,
15058,1.0
15059,4.0
15060,3.0
15061,5.0
15062,4.0
15063,1.0
15064,
15065,1.0
15066,
15067,3.0
15068,6.0
15069,
15070,
15071,
15072,
15073,1.0
15074,3.0
15075,5.0
15076,
15077,2.0
15078,5.0
15079,2.0
15080,2.0
15081,2.0
15082,3.0
15083,
15084,
15085,2.0
15086,
15087,
15088,2.0
15089,3.0
15090,6.0
15091,
15092,5.0
15093,1.0
15094,4.0
15095,6.0
15096,4.0
15097,2.0
15098,
15099,3.0
15100,
15101,1.0
15102,1.0
15103,1.0
15104,2.0
15105,1.0
15106,1.0
15107,2.0
15108,1.0
15109,6.0
15110,2.0
15111,2.0
15112,2.0
15113,
15114,1.0
15115,5.0
15116,
15117,
15118,1.0
15119,3.0
15120,
15121,2.0
15122,4.0
15123,5.0
15124,
15125,3.0
15126,2.0
15127,
15128,1.0
15129,1.0
15130,5.0
15131,
15132,3.0
15133,6.0
15134,1.0
15135,
15136,
15137,1.0
15138,5.0
15139,5.0
15140,4.0
15141,
15142,2.0
15143,1.0
15144,4.0
15145,2.0
15146,2.0
15147,2.0
15148,1.0
15149,2.0
15150,4.0
15151,
15152,4.0
15153,5.0
15154,5.0
15155,3.0
15156,
15157,1.0
15158,3.0
15159,4.0
15160,5.0
15161,3.0
15162,1.0
15163,1.0
15164,2.0
15165,2.0
15166,
15167,
15168,
15169,
15170,3.0
15171,5.0
15172,5.0
15173,2.0
15174,4.0
15175,1.0
15176,1.0
15177,5.0
15178,
15179,2.0
15180,4.0
15181,3.0
15182,
15183,2.0
15184,3.0
15185,
15186,2.0
15187,1.0
15188,
15189,1.0
15190,1.0
15191,4.0
15192,
15193,5.0
15194,
15195,5.0
15196,3.0
15197,5.0
15198,1.0
15199,2.0
15200,5.0
15201,1.0
15202,
15203,
15204,
15205,5.0
15206,6.0
15207,1.0
15208,5.0
15209,4.0
15210,3.0
15211,2.0
15212,1.0
15213,3.0
15214,2.0
15215,2.0
15216,
15217,2.0
15218,
15219,1.0
15220,
15221,2.0
15222,3.0
15223,3.0
15224,5.0
15225,1.0
15226,6.0
15227,3.0
15228,1.0
15229,3.0
15230,
15231,2.0
15232,5.0
15233,1.0
15234,3.0
15235,2.0
15236,2.0
15237,
15238,1.0
15239,4.0
15240,4.0
15241,1.0
15242,
15243,4.0
15244,5.0
15245,6.0
15246,4.0
15247,4.0
15248,2.0
15249,3.0
15250,1.0
15251,2.0
15252,1.0
15253,3.0
15254,
15255,5.0
15256,4.0
15257,
15258,
15259,2.0
15260,5.0
15261,1.0
15262,1.0
15263,3.0
15264,1.0
15265,2.0
15266,
15267,6.0
15268,2.0
15269,
15270,
15271,
15272,2.0
15273,3.0
15274,2.0
15275,3.0
15276,5.0
15277,5.0
15278,3.0
15279,1.0
15280,4.0
15281,
15282,
15283,1.0
15284,3.0
15285,
15286,3.0
15287,6.0
15288,4.0
15289,4.0
15290,1.0
15291,5.0
15292,1.0
15293,5.0
15294,
15295,2.0
15296,
15297,3.0
15298,4.0
15299,
15300,1.0
15301,2.0
15302,5.0
15303,3.0
15304,1.0
15305,
15306,2.0
15307,2.0
15308,
15309,
15310,
15311,3.0
15312,6.0
15313,1.0
15314,2.0
15315,1.0
15316,5.0
15317,
15318,5.0
15319,4.0
15320,5.0
15321,4.0
15322,5.0
15323,1.0
15324,1.0
15325,3.0
15326,1.0
15327,1.0
15328,2.0
15329,3.0
15330,4.0
15331,3.0
15332,2.0
15333,5.0
15334,4.0
15335,
15336,2.0
15337,3.0
15338,5.0
15339,4.0
15340,4.0
15341,2.0
15342,
15343,
15344,
15345,
15346,2.0
15347,6.0
15348,
15349,
15350,
15351,5.0
15352,
15353,
15354,5.0
15355,6.0
15356,4.0
15357,1.0
15358,
15359,5.0
15360,4.0
15361,
15362,
15363,1.0
15364,6.0
15365,
15366,6.0
15367,4.0
15368,5.0
15369,5.0
15370,
15371,
15372,5.0
15373,
15374,2.0
15375,6.0
15376,4.0
15377,3.0
15378,2.0
15379,6.0
15380,2.0
15381,
15382,1.0
15383,2.0
15384,2.0
15385,5.0
15386,3.0
15387,2.0
15388,3.0
15389,3.0
15390,6.0
15391,4.0
15392,
15393,
15394,
15395,
15396,2.0
15397,2.0
15398,5.0
15399,4.0
15400,
15401,5.0
15402,1.0
15403,
15404,4.0
15405,3.0
15406,5.0
15407,
15408,2.0
15409,1.0
15410,
15411,5.0
15412,4.0
15413,5.0
15414,6.0
15415,2.0
15416,2.0
15417,3.0
15418,3.0
15419,4.0
15420,3.0
15421,4.0
15422,2.0
15423,
15424,
15425,
15426,3.0
15427,4.0
15428,2.0
15429,
15430,5.0
15431,3.0
15432,
15433,1.0
15434,4.0
15435,
15436,
15437,5.0
15438,3.0
15439,
15440,
15441,
15442,5.0
15443,
15444,4.0
15445,5.0
15446,4.0
15447,1.0
15448,2.0
15449,1.0
15450,4.0
15451,5.0
15452,4.0
15453,1.0
15454,1.0
15455,1.0
15456,6.0
15457,6.0
15458,5.0
15459,4.0
15460,1.0
15461,4.0
15462,
15463,
15464,1.0
15465,4.0
15466,4.0
15467,5.0
15468,
15469,2.0
15470,1.0
15471,
15472,
15473,2.0
15474,
15475,
15476,2.0
15477,2.0
15478,4.0
15479,2.0
15480,3.0
15481,
15482,2.0
15483,
15484,2.0
15485,2.0
15486,3.0
15487,1.0
15488,
15489,1.0
15490,1.0
15491,2.0
15492,1.0
15493,4.0
15494,5.0
15495,
15496,
15497,6.0
15498,5.0
15499,4.0
15500,3.0
15501,4.0
15502,1.0
15503,6.0
15504,2.0
15505,
15506,2.0
15507,
15508,5.0
15509,
15510,4.0
15511,4.0
15512,3.0
15513,
15514,1.0
15515,5.0
15516,1.0
15517,4.0
15518,
15519,1.0
15520,6.0
15521,2.0
15522,5.0
15523,3.0
15524,1.0
15525,6.0
15526,
15527,4.0
15528,5.0
15529,
15530,
15531,3.0
15532,2.0
15533,
15534,
15535,4.0
15536,
15537,5.0
15538,4.0
15539,3.0
15540,
15541,2.0
15542,2.0
15543,
15544,4.0
15545,1.0
15546,2.0
15547,2.0
15548,6.0
15549,3.0
15550,5.0
15551,4.0
15552,3.0
15553,1.0
15554,4.0
15555,3.0
15556,1.0
15557,1.0
15558,6.0
15559,2.0
15560,
15561,
15562,
15563,4.0
15564,
15565,1.0
15566,
15567,5.0
15568,2.0
15569,2.0
15570,1.0
15571,
15572,3.0
15573,
15574,
15575,3.0
15576,3.0
15577,
15578,5.0
15579,1.0
15580,1.0
15581,
15582,1.0
15583,
15584,
15585,2.0
15586,1.0
15587,5.0
15588,
15589,5.0
15590,1.0
15591,2.0
15592,2.0
15593,6.0
15594,5.0
15595,5.0
15596,
15597,
15598,4.0
15599,
15600,2.0
15601,
15602,1.0
15603,5.0
15604,
15605,3.0
15606,4.0
15607,
15608,
15609,1.0
15610,5.0
15611,1.0
15612,4.0
15613,2.0
15614,2.0
15615,5.0
15616,4.0
15617,2.0
15618,
15619,
15620,1.0
15621,2.0
15622,1.0
15623,2.0
15624,5.0
15625,2.0
15626,4.0
15627,5.0
15628,3.0
15629,3.0
15630,
15631,1.0
15632,
15633,3.0
15634,1.0
15635,
15636,
15637,5.0
15638,1.0
15639,
15640,
15641,4.0
15642,
15643,5.0
15644,1.0
15645,
15646,
15647,1.0
15648,2.0
15649,2.0
15650,1.0
15651,5.0
15652,6.0
15653,3.0
15654,1.0
15655,
15656,1.0
15657,6.0
15658,
15659,
15660,1.0
15661,5.0
15662,5.0
15663,3.0
15664,2.0
15665,5.0
15666,6.0
15667,2.0
15668,5.0
15669,2.0
15670,
15671,2.0
15672,3.0
15673,4.0
15674,2.0
15675,2.0
15676,1.0
15677,6.0
15678,5.0
15679,4.0
15680,2.0
15681,2.0
15682,5.0
15683,
15684,4.0
15685,1.0
15686,5.0
15687,2.0
15688,
15689,
15690,5.0
15691,1.0
15692,1.0
15693,1.0
15694,5.0
15695,3.0
15696,1.0
15697,5.0
15698,4.0
15699,3.0
15700,5.0
15701,5.0
15702,1.0
15703,6.0
15704,
15705,3.0
15706,
15707,
15708,2.0
15709,
15710,3.0
15711,5.0
15712,3.0
15713,
15714,5.0
15715,1.0
15716,2.0
15717,4.0
15718,
15719,
15720,3.0
15721,3.0
15722,1.0
15723,
15724,5.0
15725,
15726,1.0
15727,1.0
15728,2.0
15729,3.0
15730,4.0
15731,5.0
15732,
15733,6.0
15734,5.0
15735,2.0
15736,2.0
15737,2.0
15738,
15739,
15740,5.0
15741,
15742,2.0
15743,5.0
15744,1.0
15745,1.0
15746,
15747,1.0
15748,5.0
15749,6.0
15750,
15751,5.0
15752,2.0
15753,1.0
15754,1.0
15755,
15756,3.0
15757,4.0
15758,3.0
15759,3.0
15760,
15761,6.0
15762,3.0
15763,1.0
15764,5.0
15765,5.0
15766,4.0
15767,
15768,
15769,
15770,2.0
15771,4.0
15772,
15773,2.0
15774,4.0
15775,4.0
15776,2.0
15777,5.0
15778,
15779,5.0
15780,3.0
15781,
15782,1.0
15783,1.0
15784,4.0
15785,6.0
15786,6.0
15787,
15788,1.0
15789,6.0
15790,1.0
15791,
15792,
15793,4.0
15794,5.0
15795,1.0
15796,4.0
15797,1.0
15798,
15799,5.0
15800,
15801,6.0
15802,1.0
15803,
15804,4.0
15805,5.0
15806,3.0
15807,
15808,2.0
15809,2.0
15810,6.0
15811,2.0
15812,4.0
15813,3.0
15814,2.0
15815,1.0
15816,6.0
15817,
15818,
15819,1.0
15820,4.0
15821,5.0
15822,3.0
15823,
15824,1.0
15825,
15826,2.0
15827,
15828,5.0
15829,4.0
15830,
15831,2.0
15832,
15833,3.0
15834,4.0
15835,
15836,
15837,
15838,
15839,
15840,2.0
15841,1.0
15842,2.0
15843,1.0
15844,2.0
15845,3.0
15846,4.0
15847,4.0
15848,5.0
15849,2.0
15850,1.0
15851,1.0
15852,1.0
15853,5.0
15854,
15855,3.0
15856,3.0
15857,6.0
15858,5.0
15859,3.0
15860,2.0
15861,4.0
15862,5.0
15863,4.0
15864,2.0
15865,
15866,5.0
15867,3.0
15868,
15869,5.0
15870,1.0
15871,
15872,3.0
15873,1.0
15874,4.0
15875,1.0
15876,2.0
15877,
15878,
15879,5.0
15880,5.0
15881,5.0
15882,2.0
15883,2.0
15884,
15885,
15886,
15887,2.0
15888,3.0
15889,
15890,1.0
15891,2.0
15892,2.0
15893,1.0
15894,2.0
15895,
15896,
15897,
15898,3.0
15899,3.0
15900,1.0
15901,2.0
15902,3.0
15903,
15904,6.0
15905,
15906,1.0
15907,2.0
15908,
15909,1.0
15910,1.0
15911,6.0
15912,2.0
15913,5.0
15914,
15915,
15916,5.0
15917,2.0
15918,
15919,4.0
15920,1.0
15921,
15922,2.0
15923,1.0
15924,
15925,
15926,2.0
15927,
15928,1.0
15929,
15930,4.0
15931,
15932,2.0
15933,
15934,2.0
15935,3.0
15936,3.0
15937,
15938,5.0
15939,4.0
15940,4.0
15941,4.0
15942,1.0
15943,5.0
15944,1.0
15945,2.0
15946,1.0
15947,3.0
15948,3.0
15949,
15950,
15951,3.0
15952,5.0
15953,3.0
15954,1.0
15955,1.0
15956,1.0
15957,1.0
15958,
15959,2.0
15960,3.0
15961,5.0
15962,4.0
15963,5.0
15964,4.0
15965,4.0
15966,
15967,2.0
15968,
15969,4.0
15970,4.0
15971,
15972,4.0
15973,2.0
15974,1.0
15975,
15976,2.0
15977,2.0
15978,5.0
15979,
15980,4.0
15981,1.0
15982,3.0
15983,
15984,4.0
15985,5.0
15986,4.0
15987,2.0
15988,
15989,5.0
15990,1.0
15991,
15992,5.0
15993,
15994,5.0
15995,1.0
15996,4.0
15997,1.0
15998,6.0
15999,5.0
16000,2.0
16001,5.0
16002,
16003,4.0
16004,2.0
16005,
16006,1.0
16007,1.0
16008,4.0
16009,
16010,5.0
16011,6.0
16012,
16013,5.0
16014,
16015,3.0
16016,
16017,5.0
16018,
16019,3.0
16020,1.0
16021,
16022,6.0
16023,4.0
16024,5.0
16025,2.0
16026,
16027,4.0
16028,
16029,
16030,2.0
16031,1.0
16032,4.0
16033,5.0
16034,
16035,1.0
16036,
16037,2.0
16038,4.0
16039,5.0
16040,
16041,
16042,6.0
16043,5.0
16044,2.0
16045,6.0
16046,2.0
16047,5.0
16048,3.0
16049,5.0
16050,
16051,
16052,2.0
16053,
16054,5.0
16055,5.0
16056,5.0
16057,4.0
16058,5.0
16059,5.0
16060,2.0
16061,4.0
16062,4.0
16063,1.0
16064,
16065,6.0
16066,5.0
16067,1.0
16068,3.0
16069,
16070,1.0
16071,
16072,6.0
16073,5.0
16074,2.0
16075,4.0
16076,3.0
16077,4.0
16078,5.0
16079,6.0
16080,3.0
16081,
16082,
16083,4.0
16084,5.0
16085,
16086,
16087,
16088,2.0
16089,
16090,
16091,2.0
16092,
16093,2.0
16094,2.0
16095,3.0
16096,1.0
16097,3.0
16098,3.0
16099,
16100,
16101,
16102,3.0
16103,3.0
16104,5.0
16105,
16106,1.0
16107,5.0
16108,5.0
16109,2.0
16110,
16111,1.0
16112,4.0
16113,4.0
16114,3.0
16115,
16116,2.0
16117,1.0
16118,3.0
16119,3.0
16120,3.0
16121,3.0
16122,1.0
16123,1.0
16124,2.0
16125,3.0
16126,4.0
16127,3.0
16128,5.0
16129,5.0
16130,2.0
16131,
16132,2.0
16133,1.0
16134,
16135,2.0
16136,2.0
16137,5.0
16138,
16139,4.0
16140,2.0
16141,
16142,5.0
16143,1.0
16144,2.0
16145,2.0
16146,1.0
16147,4.0
16148,2.0
16149,6.0
16150,3.0
16151,
16152,
16153,2.0
16154,3.0
16155,
16156,
16157,
16158,6.0
16159,1.0
16160,3.0
16161,3.0
16162,1.0
16163,
16164,6.0
16165,
16166,5.0
16167,
16168,6.0
16169,5.0
16170,3.0
16171,3.0
16172,
16173,1.0
16174,5.0
16175,
16176,5.0
16177,5.0
16178,5.0
16179,2.0
16180,5.0
16181,4.0
16182,3.0
16183,3.0
16184,1.0
16185,2.0
16186,5.0
16187,5.0
16188,
16189,3.0
16190,5.0
16191,3.0
16192,2.0
16193,1.0
16194,3.0
16195,
16196,3.0
16197,1.0
16198,
16199,4.0
16200,4.0
16201,3.0
16202,2.0
16203,
16204,5.0
16205,2.0
16206,3.0
16207,2.0
16208,3.0
16209,5.0
16210,5.0
16211,
16212,
16213,4.0
16214,5.0
16215,1.0
16216,5.0
16217,3.0
16218,2.0
16219,4.0
16220,2.0
16221,
16222,
16223,5.0
16224,3.0
16225,6.0
16226,3.0
16227,4.0
16228,3.0
16229,1.0
16230,5.0
16231,3.0
16232,3.0
16233,1.0
16234,2.0
16235,5.0
16236,3.0
16237,
16238,4.0
16239,2.0
16240,
16241,
16242,5.0
16243,
16244,4.0
16245,
16246,4.0
16247,3.0
16248,
16249,3.0
16250,5.0
16251,4.0
16252,
16253,5.0
16254,2.0
16255,2.0
16256,
16257,4.0
16258,5.0
16259,1.0
16260,5.0
16261,5.0
16262,
16263,2.0
16264,1.0
16265,5.0
16266,5.0
16267,6.0
16268,3.0
16269,1.0
16270,2.0
16271,1.0
16272,2.0
16273,5.0
16274,1.0
16275,
16276,6.0
16277,5.0
16278,1.0
16279,
16280,3.0
16281,
16282,2.0
16283,2.0
16284,4.0
16285,5.0
16286,
16287,
16288,
16289,4.0
16290,2.0
16291,2.0
16292,
16293,2.0
16294,3.0
16295,
16296,5.0
16297,
16298,4.0
16299,4.0
16300,1.0
16301,1.0
16302,1.0
16303,3.0
16304,6.0
16305,5.0
16306,3.0
16307,4.0
16308,
16309,
16310,4.0
16311,5.0
16312,5.0
16313,
16314,
16315,5.0
16316,1.0
16317,2.0
16318,2.0
16319,4.0
16320,
16321,1.0
16322,
16323,5.0
16324,5.0
16325,1.0
16326,1.0
16327,2.0
16328,1.0
16329,1.0
16330,4.0
16331,
16332,
16333,2.0
16334,2.0
16335,
16336,1.0
16337,4.0
16338,4.0
16339,2.0
16340,
16341,
16342,5.0
16343,5.0
16344,
16345,5.0
16346,6.0
16347,5.0
16348,3.0
16349,1.0
16350,
16351,5.0
16352,
16353,
16354,5.0
16355,3.0
16356,3.0
16357,2.0
16358,
16359,
16360,2.0
16361,
16362,
16363,
16364,
16365,2.0
16366,4.0
16367,
16368,4.0
16369,5.0
16370,5.0
16371,3.0
16372,2.0
16373,2.0
16374,
16375,3.0
16376,
16377,1.0
16378,5.0
16379,6.0
16380,5.0
16381,4.0
16382,6.0
16383,
16384,3.0
16385,3.0
16386,1.0
16387,3.0
16388,3.0
16389,
16390,
16391,3.0
16392,5.0
16393,1.0
16394,3.0
16395,4.0
16396,
16397,
16398,1.0
16399,1.0
16400,3.0
16401,
16402,1.0
16403,3.0
16404,4.0
16405,3.0
16406,5.0
16407,3.0
16408,3.0
16409,4.0
16410,
16411,
16412,2.0
16413,5.0
16414,1.0
16415,
16416,2.0
16417,2.0
16418,5.0
16419,3.0
16420,4.0
16421,5.0
16422,4.0
16423,
16424,1.0
16425,1.0
16426,
16427,5.0
16428,5.0
16429,4.0
16430,5.0
16431,6.0
16432,
16433,
16434,5.0
16435,2.0
16436,3.0
16437,
16438,
16439,1.0
16440,5.0
16441,
16442,4.0
16443,4.0
16444,5.0
16445,
16446,2.0
16447,
16448,3.0
16449,
16450,1.0
16451,4.0
16452,
16453,5.0
16454,4.0
16455,4.0
16456,
16457,2.0
16458,5.0
16459,3.0
16460,1.0
16461,3.0
16462,2.0
16463,
16464,3.0
16465,2.0
16466,5.0
16467,
16468,
16469,2.0
16470,
16471,2.0
16472,1.0
16473,2.0
16474,2.0
16475,2.0
16476,
16477,2.0
16478,2.0
16479,
16480,4.0
16481,2.0
16482,4.0
16483,
16484,4.0
16485,
16486,4.0
16487,5.0
16488,5.0
16489,2.0
16490,
16491,
16492,1.0
16493,
16494,1.0
16495,1.0
16496,
16497,
16498,3.0
16499,5.0
16500,6.0
16501,4.0
16502,2.0
16503,5.0
16504,2.0
16505,
16506,
16507,4.0
16508,4.0
16509,6.0
16510,5.0
16511,2.0
16512,5.0
16513,4.0
16514,1.0
16515,5.0
16516,4.0
16517,
16518,2.0
16519,1.0
16520,1.0
16521,1.0
16522,
16523,3.0
16524,4.0
16525,1.0
16526,3.0
16527,5.0
16528,1.0
16529,2.0
16530,4.0
16531,3.0
16532,4.0
16533,
16534,1.0
16535,2.0
16536,3.0
16537,2.0
16538,3.0
16539,
16540,
16541,6.0
16542,1.0
16543,1.0
16544,
16545,
16546,
16547,1.0
16548,3.0
16549,5.0
16550,
16551,3.0
16552,4.0
16553,
16554,5.0
16555,1.0
16556,5.0
16557,5.0
16558,
16559,2.0
16560,4.0
16561,
16562,
16563,
16564,4.0
16565,1.0
16566,3.0
16567,2.0
16568,3.0
16569,
16570,1.0
16571,5.0
16572,1.0
16573,5.0
16574,5.0
16575,5.0
16576,5.0
16577,
16578,
16579,3.0
16580,3.0
16581,
16582,3.0
16583,1.0
16584,5.0
16585,
16586,
16587,
16588,3.0
16589,
16590,3.0
16591,
16592,2.0
16593,2.0
16594,
16595,3.0
16596,1.0
16597,4.0
16598,1.0
16599,6.0
16600,4.0
16601,5.0
16602,2.0
16603,3.0
16604,2.0
16605,
16606,4.0
16607,2.0
16608,5.0
16609,3.0
16610,6.0
16611,5.0
16612,1.0
16613,3.0
16614,6.0
16615,2.0
16616,
16617,5.0
16618,
16619,
16620,5.0
16621,3.0
16622,6.0
16623,
16624,
16625,3.0
16626,
16627,3.0
16628,
16629,1.0
16630,3.0
16631,2.0
16632,2.0
16633,2.0
16634,2.0
16635,2.0
16636,5.0
16637,1.0
16638,
16639,
16640,3.0
16641,4.0
16642,1.0
16643,5.0
16644,4.0
16645,1.0
16646,3.0
16647,5.0
16648,5.0
16649,2.0
16650,2.0
16651,5.0
16652,4.0
16653,1.0
16654,2.0
16655,5.0
16656,3.0
16657,
16658,
16659,
16660,
16661,
16662,
16663,2.0
16664,
16665,2.0
16666,4.0
16667,
16668,1.0
16669,1.0
16670,4.0
16671,3.0
16672,5.0
16673,6.0
16674,5.0
16675,4.0
16676,2.0
16677,6.0
16678,4.0
16679,5.0
16680,
16681,2.0
16682,5.0
16683,6.0
16684,4.0
16685,4.0
16686,3.0
16687,1.0
16688,5.0
16689,
16690,1.0
16691,
16692,
16693,5.0
16694,2.0
16695,2.0
16696,5.0
16697,
16698,1.0
16699,
16700,5.0
16701,
16702,
16703,
16704,
16705,3.0
16706,
16707,4.0
16708,1.0
16709,1.0
16710,5.0
16711,5.0
16712,1.0
16713,1.0
16714,5.0
16715,
16716,6.0
16717,
16718,3.0
16719,2.0
16720,3.0
16721,4.0
16722,2.0
16723,
16724,4.0
16725,5.0
16726,3.0
16727,1.0
16728,2.0
16729,4.0
16730,
16731,4.0
16732,5.0
16733,3.0
16734,5.0
16735,4.0
16736,
16737,5.0
16738,4.0
16739,1.0
16740,4.0
16741,
16742,3.0
16743,
16744,
16745,3.0
16746,5.0
16747,4.0
16748,5.0
16749,
16750,1.0
16751,4.0
16752,1.0
16753,2.0
16754,6.0
16755,1.0
16756,6.0
16757,2.0
16758,5.0
16759,
16760,1.0
16761,2.0
16762,5.0
16763,1.0
16764,5.0
16765,5.0
16766,3.0
16767,4.0
16768,
16769,
16770,5.0
16771,6.0
16772,1.0
16773,5.0
16774,2.0
16775,
16776,
16777,5.0
16778,2.0
16779,3.0
16780,1.0
16781,4.0
16782,3.0
16783,4.0
16784,
16785,2.0
16786,
16787,2.0
16788,1.0
16789,1.0
16790,1.0
16791,5.0
16792,3.0
16793,4.0
16794,4.0
16795,
16796,3.0
16797,
16798,
16799,2.0
16800,
16801,2.0
16802,5.0
16803,
16804,1.0
16805,5.0
16806,
16807,
16808,3.0
16809,2.0
16810,3.0
16811,1.0
16812,2.0
16813,
16814,
16815,2.0
16816,4.0
16817,
16818,2.0
16819,
16820,3.0
16821,
16822,
16823,
16824,1.0
16825,6.0
16826,3.0
16827,
16828,1.0
16829,1.0
16830,2.0
16831,4.0
16832,
16833,
16834,2.0
16835,1.0
16836,4.0
16837,2.0
16838,2.0
16839,
16840,
16841,
16842,
16843,5.0
16844,5.0
16845,1.0
16846,6.0
16847,5.0
16848,
16849,5.0
16850,3.0
16851,5.0
16852,4.0
16853,3.0
16854,1.0
16855,
16856,3.0
16857,
16858,6.0
16859,2.0
16860,
16861,
16862,
16863,
16864,2.0
16865,5.0
16866,1.0
16867,2.0
16868,
16869,2.0
16870,6.0
16871,3.0
16872,
16873,5.0
16874,3.0
16875,3.0
16876,2.0
16877,2.0
16878,6.0
16879,1.0
16880,6.0
16881,
16882,4.0
16883,2.0
16884,1.0
16885,3.0
16886,3.0
16887,3.0
16888,5.0
16889,4.0
16890,5.0
16891,3.0
16892,
16893,
16894,1.0
16895,2.0
16896,2.0
16897,4.0
16898,
16899,2.0
16900,5.0
16901,4.0
16902,1.0
16903,5.0
16904,
16905,4.0
16906,3.0
16907,2.0
16908,
16909,2.0
16910,1.0
16911,4.0
16912,3.0
16913,2.0
16914,2.0
16915,
16916,1.0
16917,5.0
16918,3.0
16919,4.0
16920,5.0
16921,4.0
16922,
16923,2.0
16924,4.0
16925,1.0
16926,3.0
16927,1.0
16928,
16929,5.0
16930,
16931,
16932,2.0
16933,1.0
16934,
16935,
16936,5.0
16937,
16938,5.0
16939,1.0
16940,6.0
16941,2.0
16942,6.0
16943,2.0
16944,
16945,4.0
16946,5.0
16947,3.0
16948,5.0
16949,2.0
16950,3.0
16951,4.0
16952,4.0
16953,2.0
16954,1.0
16955,4.0
16956,1.0
16957,
16958,1.0
16959,4.0
16960,2.0
16961,
16962,6.0
16963,5.0
16964,1.0
16965,6.0
16966,
16967,2.0
16968,1.0
16969,3.0
16970,
16971,
16972,3.0
16973,1.0
16974,2.0
16975,2.0
16976,5.0
16977,4.0
16978,5.0
16979,1.0
16980,2.0
16981,
16982,3.0
16983,5.0
16984,1.0
16985,
16986,
16987,3.0
16988,4.0
16989,1.0
16990,2.0
16991,3.0
16992,2.0
16993,5.0
16994,1.0
16995,2.0
16996,6.0
16997,5.0
16998,
16999,
17000,
17001,
17002,3.0
17003,
17004,
17005,
17006,
17007,4.0
17008,3.0
17009,5.0
17010,
17011,
17012,1.0
17013,1.0
17014,5.0
17015,
17016,6.0
17017,
17018,
17019,3.0
17020,2.0
17021,
17022,
17023,5.0
17024,3.0
17025,1.0
17026,3.0
17027,1.0
17028,2.0
17029,3.0
17030,5.0
17031,4.0
17032,
17033,3.0
17034,
17035,
17036,4.0
17037,2.0
17038,
17039,
17040,2.0
17041,1.0
17042,
17043,3.0
17044,2.0
17045,
17046,3.0
17047,
17048,1.0
17049,3.0
17050,1.0
17051,3.0
17052,4.0
17053,6.0
17054,4.0
17055,5.0
17056,
17057,
17058,
17059,3.0
17060,1.0
17061,4.0
17062,3.0
17063,4.0
17064,2.0
17065,2.0
17066,
17067,
17068,
17069,
17070,3.0
17071,1.0
17072,4.0
17073,3.0
17074,
17075,
17076,4.0
17077,3.0
17078,
17079,5.0
17080,
17081,
17082,1.0
17083,4.0
17084,3.0
17085,3.0
17086,4.0
17087,1.0
17088,5.0
17089,
17090,4.0
17091,
17092,5.0
17093,1.0
17094,1.0
17095,5.0
17096,
17097,3.0
17098,3.0
17099,
17100,1.0
17101,
17102,5.0
17103,
17104,4.0
17105,6.0
17106,3.0
17107,
17108,
17109,6.0
17110,6.0
17111,
17112,1.0
17113,5.0
17114,
17115,2.0
17116,2.0
17117,4.0
17118,1.0
17119,3.0
17120,
17121,
17122,3.0
17123,2.0
17124,
17125,2.0
17126,1.0
17127,2.0
17128,
17129,
17130,1.0
17131,6.0
17132,1.0
17133,
17134,3.0
17135,1.0
17136,6.0
17137,6.0
17138,1.0
17139,
17140,4.0
17141,5.0
17142,
17143,3.0
17144,4.0
17145,4.0
17146,
17147,1.0
17148,3.0
17149,5.0
17150,3.0
17151,5.0
17152,6.0
17153,2.0
17154,2.0
17155,2.0
17156,5.0
17157,1.0
17158,4.0
17159,2.0
17160,5.0
17161,4.0
17162,6.0
17163,6.0
17164,
17165,
17166,2.0
17167,
17168,
17169,
17170,
17171,5.0
17172,
17173,3.0
17174,3.0
17175,1.0
17176,2.0
17177,
17178,5.0
17179,1.0
17180,5.0
17181,2.0
17182,
17183,2.0
17184,
17185,2.0
17186,4.0
17187,5.0
17188,4.0
17189,2.0
17190,5.0
17191,3.0
17192,1.0
17193,5.0
17194,5.0
17195,1.0
17196,2.0
17197,3.0
17198,2.0
17199,
17200,1.0
17201,
17202,5.0
17203,5.0
17204,5.0
17205,2.0
17206,
17207,
17208,2.0
17209,1.0
17210,1.0
17211,4.0
17212,5.0
17213,
17214,4.0
17215,4.0
17216,
17217,1.0
17218,6.0
17219,5.0
17220,1.0
17221,1.0
17222,6.0
17223,2.0
17224,
17225,1.0
17226,
17227,
17228,4.0
17229,3.0
17230,5.0
17231,1.0
17232,1.0
17233,1.0
17234,
17235,5.0
17236,4.0
17237,
17238,1.0
17239,1.0
17240,1.0
17241,2.0
17242,3.0
17243,4.0
17244,
17245,1.0
17246,6.0
17247,2.0
17248,3.0
17249,6.0
17250,2.0
17251,4.0
17252,2.0
17253,
17254,5.0
17255,2.0
17256,2.0
17257,4.0
17258,1.0
17259,2.0
17260,
17261,3.0
17262,6.0
17263,
17264,5.0
17265,5.0
17266,2.0
17267,
17268,
17269,3.0
17270,1.0
17271,4.0
17272,3.0
17273,3.0
17274,
17275,5.0
17276,4.0
17277,5.0
17278,3.0
17279,5.0
17280,2.0
17281,3.0
17282,
17283,5.0
17284,4.0
17285,5.0
17286,2.0
17287,5.0
17288,1.0
17289,
17290,2.0
17291,1.0
17292,5.0
17293,6.0
17294,4.0
17295,
17296,
17297,
17298,
17299,2.0
17300,
17301,1.0
17302,6.0
17303,6.0
17304,6.0
17305,3.0
17306,1.0
17307,1.0
17308,1.0
17309,2.0
17310,
17311,2.0
17312,4.0
17313,1.0
17314,
17315,
17316,5.0
17317,4.0
17318,4.0
17319,1.0
17320,3.0
17321,3.0
17322,
17323,
17324,
17325,2.0
17326,2.0
17327,5.0
17328,
17329,
17330,3.0
17331,6.0
17332,6.0
17333,6.0
17334,3.0
17335,1.0
17336,5.0
17337,
17338,4.0
17339,
17340,4.0
17341,2.0
17342,3.0
17343,2.0
17344,2.0
17345,1.0
17346,4.0
17347,2.0
17348,
17349,
17350,2.0
17351,3.0
17352,
17353,
17354,
17355,1.0
17356,6.0
17357,4.0
17358,
17359,4.0
17360,5.0
17361,6.0
17362,1.0
17363,5.0
17364,3.0
17365,1.0
17366,3.0
17367,4.0
17368,
17369,4.0
17370,2.0
17371,4.0
17372,
17373,4.0
17374,4.0
17375,6.0
17376,5.0
17377,4.0
17378,3.0
17379,5.0
17380,
17381,3.0
17382,4.0
17383,1.0
17384,
17385,2.0
17386,1.0
17387,1.0
17388,
17389,1.0
17390,1.0
17391,2.0
17392,
17393,
17394,
17395,
17396,
17397,
17398,1.0
17399,
17400,1.0
17401,1.0
17402,1.0
17403,4.0
17404,1.0
17405,2.0
17406,3.0
17407,4.0
17408,
17409,1.0
17410,1.0
17411,4.0
17412,5.0
17413,5.0
17414,5.0
17415,
17416,6.0
17417,2.0
17418,1.0
17419,3.0
17420,2.0
17421,5.0
17422,2.0
17423,3.0
17424,
17425,
17426,5.0
17427,
17428,1.0
17429,
17430,
17431,1.0
17432,
17433,5.0
17434,4.0
17435,2.0
17436,4.0
17437,1.0
17438,
17439,1.0
17440,
17441,2.0
17442,1.0
17443,3.0
17444,
17445,5.0
17446,5.0
17447,
17448,3.0
17449,6.0
17450,5.0
17451,3.0
17452,5.0
17453,
17454,2.0
17455,
17456,
17457,2.0
17458,5.0
17459,
17460,1.0
17461,2.0
17462,5.0
17463,2.0
17464,1.0
17465,3.0
17466,4.0
17467,2.0
17468,
17469,3.0
17470,
17471,2.0
17472,6.0
17473,3.0
17474,
17475,5.0
17476,4.0
17477,1.0
17478,3.0
17479,5.0
17480,6.0
17481,2.0
17482,5.0
17483,3.0
17484,
17485,5.0
17486,
17487,4.0
17488,3.0
17489,2.0
17490,
17491,1.0
17492,4.0
17493,4.0
17494,1.0
17495,6.0
17496,2.0
17497,
17498,3.0
17499,
17500,6.0
17501,3.0
17502,6.0
17503,5.0
17504,4.0
17505,
17506,2.0
17507,2.0
17508,
17509,
17510,2.0
17511,
17512,4.0
17513,
17514,
17515,2.0
17516,4.0
17517,5.0
17518,3.0
17519,5.0
17520,4.0
17521,1.0
17522,5.0
17523,2.0
17524,
17525,
17526,1.0
17527,5.0
17528,5.0
17529,2.0
17530,
17531,6.0
17532,
17533,4.0
17534,4.0
17535,3.0
17536,5.0
17537,
17538,
17539,
17540,3.0
17541,1.0
17542,5.0
17543,1.0
17544,2.0
17545,2.0
17546,3.0
17547,4.0
17548,5.0
17549,
17550,2.0
17551,
17552,
17553,4.0
17554,3.0
17555,4.0
17556,
17557,2.0
17558,2.0
17559,5.0
17560,4.0
17561,3.0
17562,2.0
17563,2.0
17564,3.0
17565,6.0
17566,
17567,
17568,1.0
17569,2.0
17570,3.0
17571,4.0
17572,1.0
17573,4.0
17574,2.0
17575,5.0
17576,3.0
17577,
17578,3.0
17579,5.0
17580,5.0
17581,4.0
17582,3.0
17583,1.0
17584,2.0
17585,2.0
17586,4.0
17587,2.0
17588,5.0
17589,
17590,
17591,
17592,4.0
17593,2.0
17594,1.0
17595,5.0
17596,4.0
17597,6.0
17598,3.0
17599,2.0
17600,5.0
17601,
17602,4.0
17603,4.0
17604,4.0
17605,1.0
17606,
17607,
17608,2.0
17609,2.0
17610,5.0
17611,5.0
17612,5.0
17613,4.0
17614,
17615,5.0
17616,3.0
17617,
17618,
17619,5.0
17620,5.0
17621,2.0
17622,
17623,1.0
17624,2.0
17625,3.0
17626,5.0
17627,
17628,5.0
17629,1.0
17630,
17631,4.0
17632,5.0
17633,4.0
17634,6.0
17635,3.0
17636,5.0
17637,3.0
17638,5.0
17639,1.0
17640,6.0
17641,5.0
17642,5.0
17643,2.0
17644,4.0
17645,5.0
17646,2.0
17647,4.0
17648,
17649,6.0
17650,6.0
17651,1.0
17652,
17653,
17654,
17655,5.0
17656,
17657,2.0
17658,2.0
17659,3.0
17660,
17661,1.0
17662,2.0
17663,2.0
17664,1.0
17665,3.0
17666,5.0
17667,
17668,5.0
17669,4.0
17670,
17671,
17672,4.0
17673,4.0
17674,3.0
17675,1.0
17676,
17677,6.0
17678,
17679,6.0
17680,3.0
17681,6.0
17682,1.0
17683,6.0
17684,2.0
17685,
17686,5.0
17687,1.0
17688,
17689,1.0
17690,
17691,2.0
17692,4.0
17693,2.0
17694,4.0
17695,1.0
17696,
17697,
17698,1.0
17699,6.0
17700,
17701,
17702,3.0
17703,2.0
17704,1.0
17705,2.0
17706,3.0
17707,1.0
17708,2.0
17709,
17710,4.0
17711,
17712,6.0
17713,2.0
17714,
17715,
17716,5.0
17717,4.0
17718,
17719,5.0
17720,
17721,
17722,3.0
17723,
17724,
17725,4.0
17726,5.0
17727,5.0
17728,5.0
17729,2.0
17730,4.0
17731,4.0
17732,1.0
17733,
17734,5.0
17735,5.0
17736,5.0
17737,6.0
17738,1.0
17739,5.0
17740,4.0
17741,
17742,1.0
17743,3.0
17744,
17745,4.0
17746,
17747,1.0
17748,5.0
17749,5.0
17750,5.0
17751,
17752,3.0
17753,
17754,2.0
17755,1.0
17756,1.0
17757,2.0
17758,5.0
17759,5.0
17760,2.0
17761,5.0
17762,
17763,3.0
17764,
17765,2.0
17766,5.0
17767,6.0
17768,
17769,3.0
17770,5.0
17771,5.0
17772,1.0
17773,1.0
17774,4.0
17775,6.0
17776,1.0
17777,5.0
17778,6.0
17779,5.0
17780,
17781,3.0
17782,5.0
17783,1.0
17784,1.0
17785,1.0
17786,1.0
17787,
17788,4.0
17789,5.0
17790,3.0
17791,
17792,
17793,3.0
17794,
17795,5.0
17796,5.0
17797,2.0
17798,1.0
17799,3.0
17800,
17801,5.0
17802,
17803,1.0
17804,1.0
17805,2.0
17806,1.0
17807,6.0
17808,3.0
17809,5.0
17810,3.0
17811,5.0
17812,3.0
17813,5.0
17814,1.0
17815,2.0
17816,
17817,
17818,2.0
17819,2.0
17820,4.0
17821,5.0
17822,5.0
17823,3.0
17824,2.0
17825,4.0
17826,
17827,1.0
17828,3.0
17829,3.0
17830,3.0
17831,2.0
17832,5.0
17833,5.0
17834,6.0
17835,5.0
17836,1.0
17837,
17838,
17839,5.0
17840,5.0
17841,4.0
17842,5.0
17843,3.0
17844,4.0
17845,4.0
17846,5.0
17847,1.0
17848,3.0
17849,3.0
17850,3.0
17851,
17852,1.0
17853,1.0
17854,2.0
17855,5.0
17856,4.0
17857,4.0
17858,4.0
17859,2.0
17860,1.0
17861,5.0
17862,3.0
17863,
17864,2.0
17865,2.0
17866,3.0
17867,5.0
17868,2.0
17869,1.0
17870,4.0
17871,
17872,3.0
17873,6.0
17874,
17875,
17876,4.0
17877,5.0
17878,
17879,4.0
17880,
17881,6.0
17882,5.0
17883,
17884,5.0
17885,
17886,4.0
17887,2.0
17888,5.0
17889,5.0
17890,
17891,4.0
17892,2.0
17893,2.0
17894,
17895,4.0
17896,
17897,3.0
17898,
17899,5.0
17900,
17901,3.0
17902,
17903,
17904,1.0
17905,
17906,5.0
17907,
17908,2.0
17909,4.0
17910,
17911,5.0
17912,
17913,1.0
17914,3.0
17915,3.0
17916,5.0
17917,4.0
17918,1.0
17919,
17920,1.0
17921,
17922,5.0
17923,6.0
17924,1.0
17925,2.0
17926,1.0
17927,5.0
17928,5.0
17929,2.0
17930,4.0
17931,3.0
17932,
17933,1.0
17934,
17935,3.0
17936,2.0
17937,4.0
17938,
17939,3.0
17940,2.0
17941,5.0
17942,
17943,1.0
17944,5.0
17945,1.0
17946,3.0
17947,2.0
17948,2.0
17949,
17950,2.0
17951,
17952,4.0
17953,
17954,
17955,
17956,3.0
17957,4.0
17958,4.0
17959,1.0
17960,2.0
17961,1.0
17962,6.0
17963,5.0
17964,
17965,
17966,3.0
17967,2.0
17968,4.0
17969,2.0
17970,
17971,1.0
17972,2.0
17973,3.0
17974,2.0
17975,5.0
17976,1.0
17977,2.0
17978,2.0
17979,4.0
17980,5.0
17981,1.0
17982,
17983,4.0
17984,3.0
17985,5.0
17986,
17987,2.0
17988,5.0
17989,4.0
17990,
17991,3.0
17992,4.0
17993,5.0
17994,
17995,5.0
17996,3.0
17997,
17998,5.0
17999,6.0
18000,5.0
18001,
18002,
18003,2.0
18004,1.0
18005,1.0
18006,3.0
18007,4.0
18008,6.0
18009,
18010,
18011,4.0
18012,4.0
18013,6.0
18014,3.0
18015,2.0
18016,1.0
18017,5.0
18018,5.0
18019,4.0
18020,5.0
18021,5.0
18022,4.0
18023,
18024,5.0
18025,1.0
18026,3.0
18027,
18028,1.0
18029,4.0
18030,4.0
18031,2.0
18032,1.0
18033,1.0
18034,5.0
18035,5.0
18036,3.0
18037,3.0
18038,4.0
18039,2.0
18040,5.0
18041,1.0
18042,
18043,
18044,5.0
18045,
18046,2.0
18047,5.0
18048,5.0
18049,3.0
18050,1.0
18051,5.0
18052,5.0
18053,2.0
18054,4.0
18055,5.0
18056,5.0
18057,2.0
18058,1.0
18059,4.0
18060,
18061,3.0
18062,1.0
18063,
18064,3.0
18065,2.0
18066,
18067,2.0
18068,
18069,1.0
18070,
18071,5.0
18072,5.0
18073,1.0
18074,2.0
18075,3.0
18076,5.0
18077,2.0
18078,6.0
18079,5.0
18080,4.0
18081,2.0
18082,
18083,4.0
18084,
18085,
18086,2.0
18087,3.0
18088,6.0
18089,4.0
18090,2.0
18091,
18092,4.0
18093,
18094,3.0
18095,4.0
18096,3.0
18097,4.0
18098,2.0
18099,4.0
18100,2.0
18101,
18102,1.0
18103,4.0
18104,1.0
18105,1.0
18106,6.0
18107,
18108,5.0
18109,1.0
18110,
18111,6.0
18112,
18113,2.0
18114,
18115,3.0
18116,
18117,4.0
18118,5.0
18119,2.0
18120,3.0
18121,3.0
18122,4.0
18123,5.0
18124,1.0
18125,
18126,
18127,1.0
18128,
18129,2.0
18130,
18131,4.0
18132,6.0
18133,1.0
18134,5.0
18135,2.0
18136,
18137,
18138,2.0
18139,3.0
18140,2.0
18141,
18142,5.0
18143,2.0
18144,1.0
18145,1.0
18146,3.0
18147,3.0
18148,1.0
18149,
18150,1.0
18151,4.0
18152,
18153,5.0
18154,
18155,2.0
18156,
18157,
18158,3.0
18159,3.0
18160,5.0
18161,1.0
18162,5.0
18163,2.0
18164,
18165,1.0
18166,1.0
18167,2.0
18168,1.0
18169,1.0
18170,4.0
18171,
18172,
18173,2.0
18174,6.0
18175,3.0
18176,
18177,2.0
18178,1.0
18179,5.0
18180,6.0
18181,
18182,
18183,
18184,
18185,5.0
18186,
18187,5.0
18188,6.0
18189,
18190,4.0
18191,5.0
18192,2.0
18193,
18194,
18195,4.0
18196,3.0
18197,2.0
18198,2.0
18199,
18200,
18201,
18202,5.0
18203,
18204,5.0
18205,1.0
18206,5.0
18207,
18208,4.0
18209,4.0
18210,4.0
18211,5.0
18212,3.0
18213,2.0
18214,4.0
18215,1.0
18216,
18217,
18218,2.0
18219,
18220,3.0
18221,
18222,2.0
18223,6.0
18224,4.0
18225,1.0
18226,
18227,5.0
18228,1.0
18229,3.0
18230,5.0
18231,
18232,
18233,3.0
18234,
18235,2.0
18236,2.0
18237,4.0
18238,4.0
18239,
18240,2.0
18241,
18242,1.0
18243,6.0
18244,6.0
18245,
18246,
18247,
18248,2.0
18249,
18250,2.0
18251,6.0
18252,1.0
18253,
18254,5.0
18255,
18256,1.0
18257,
18258,6.0
18259,3.0
18260,1.0
18261,1.0
18262,2.0
18263,1.0
18264,6.0
18265,
18266,3.0
18267,6.0
18268,5.0
18269,1.0
18270,3.0
18271,6.0
18272,2.0
18273,5.0
18274,
18275,
18276,5.0
18277,3.0
18278,2.0
18279,2.0
18280,
18281,2.0
18282,1.0
18283,
18284,6.0
18285,2.0
18286,
18287,4.0
18288,6.0
18289,3.0
18290,4.0
18291,2.0
18292,4.0
18293,
18294,1.0
18295,3.0
18296,
18297,
18298,
18299,6.0
18300,3.0
18301,4.0
18302,3.0
18303,
18304,1.0
18305,5.0
18306,3.0
18307,
18308,2.0
18309,3.0
18310,1.0
18311,1.0
18312,5.0
18313,3.0
18314,2.0
18315,2.0
18316,3.0
18317,1.0
18318,4.0
18319,
18320,3.0
18321,
18322,6.0
18323,
18324,
18325,
18326,1.0
18327,1.0
18328,
18329,
18330,1.0
18331,2.0
18332,1.0
18333,5.0
18334,2.0
18335,1.0
18336,4.0
18337,5.0
18338,5.0
18339,
18340,3.0
18341,
18342,1.0
18343,2.0
18344,2.0
18345,3.0
18346,1.0
18347,2.0
18348,2.0
18349,
18350,
18351,4.0
18352,5.0
18353,3.0
18354,6.0
18355,
18356,1.0
18357,6.0
18358,2.0
18359,5.0
18360,6.0
18361,
18362,
18363,5.0
18364,6.0
18365,
18366,5.0
18367,1.0
18368,1.0
18369,
18370,1.0
18371,
18372,3.0
18373,5.0
18374,3.0
18375,1.0
18376,3.0
18377,
18378,3.0
18379,4.0
18380,1.0
18381,
18382,5.0
18383,2.0
18384,
18385,
18386,3.0
18387,2.0
18388,
18389,1.0
18390,2.0
18391,5.0
18392,
18393,5.0
18394,5.0
18395,2.0
18396,1.0
18397,3.0
18398,6.0
18399,4.0
18400,
18401,4.0
18402,3.0
18403,5.0
18404,5.0
18405,4.0
18406,5.0
18407,5.0
18408,
18409,1.0
18410,5.0
18411,5.0
18412,4.0
18413,4.0
18414,2.0
18415,2.0
18416,
18417,5.0
18418,
18419,3.0
18420,3.0
18421,1.0
18422,1.0
18423,2.0
18424,2.0
18425,5.0
18426,5.0
18427,5.0
18428,
18429,
18430,3.0
18431,2.0
18432,2.0
18433,3.0
18434,1.0
18435,
18436,
18437,5.0
18438,4.0
18439,
18440,1.0
18441,
18442,1.0
18443,1.0
18444,5.0
18445,3.0
18446,5.0
18447,
18448,6.0
18449,3.0
18450,2.0
18451,3.0
18452,
18453,2.0
18454,5.0
18455,
18456,1.0
18457,
18458,6.0
18459,2.0
18460,3.0
18461,5.0
18462,1.0
18463,
18464,1.0
18465,4.0
18466,6.0
18467,1.0
18468,
18469,1.0
18470,5.0
18471,4.0
18472,1.0
18473,
18474,
18475,2.0
18476,4.0
18477,3.0
18478,
18479,5.0
18480,1.0
18481,
18482,2.0
18483,4.0
18484,1.0
18485,3.0
18486,
18487,1.0
18488,5.0
18489,6.0
18490,1.0
18491,4.0
18492,5.0
18493,1.0
18494,1.0
18495,3.0
18496,
18497,1.0
18498,2.0
18499,5.0
18500,3.0
18501,3.0
18502,
18503,6.0
18504,3.0
18505,1.0
18506,3.0
18507,
18508,2.0
18509,2.0
18510,4.0
18511,3.0
18512,5.0
18513,5.0
18514,5.0
18515,3.0
18516,2.0
18517,
18518,2.0
18519,5.0
18520,1.0
18521,2.0
18522,
18523,3.0
18524,1.0
18525,3.0
18526,4.0
18527,
18528,5.0
18529,
18530,5.0
18531,1.0
18532,2.0
18533,
18534,4.0
18535,1.0
18536,5.0
18537,
18538,2.0
18539,3.0
18540,5.0
18541,2.0
18542,2.0
18543,
18544,4.0
18545,4.0
18546,6.0
18547,
18548,5.0
18549,6.0
18550,1.0
18551,2.0
18552,2.0
18553,5.0
18554,1.0
18555,3.0
18556,1.0
18557,3.0
18558,4.0
18559,1.0
18560,2.0
18561,
18562,
18563,4.0
18564,4.0
18565,3.0
18566,4.0
18567,1.0
18568,
18569,
18570,2.0
18571,
18572,2.0
18573,4.0
18574,5.0
18575,2.0
18576,
18577,
18578,
18579,1.0
18580,4.0
18581,3.0
18582,
18583,3.0
18584,3.0
18585,3.0
18586,5.0
18587,2.0
18588,
18589,3.0
18590,
18591,
18592,4.0
18593,5.0
18594,4.0
18595,5.0
18596,4.0
18597,
18598,2.0
18599,4.0
18600,5.0
18601,
18602,
18603,
18604,2.0
18605,2.0
18606,1.0
18607,5.0
18608,2.0
18609,5.0
18610,
18611,6.0
18612,
18613,
18614,1.0
18615,
18616,2.0
18617,2.0
18618,2.0
18619,2.0
18620,
18621,2.0
18622,2.0
18623,4.0
18624,1.0
18625,
18626,
18627,
18628,4.0
18629,6.0
18630,
18631,5.0
18632,1.0
18633,1.0
18634,
18635,2.0
18636,
18637,
18638,
18639,6.0
18640,5.0
18641,5.0
18642,2.0
18643,5.0
18644,3.0
18645,5.0
18646,3.0
18647,2.0
18648,1.0
18649,1.0
18650,3.0
18651,
18652,6.0
18653,2.0
18654,2.0
18655,5.0
18656,2.0
18657,3.0
18658,2.0
18659,1.0
18660,
18661,1.0
18662,5.0
18663,2.0
18664,5.0
18665,1.0
18666,
18667,4.0
18668,1.0
18669,
18670,4.0
18671,2.0
18672,3.0
18673,
18674,2.0
18675,
18676,
18677,2.0
18678,4.0
18679,
18680,
18681,5.0
18682,4.0
18683,3.0
18684,5.0
18685,6.0
18686,1.0
18687,3.0
18688,5.0
18689,
18690,5.0
18691,4.0
18692,3.0
18693,3.0
18694,4.0
18695,1.0
18696,
18697,5.0
18698,1.0
18699,
18700,5.0
18701,
18702,6.0
18703,
18704,2.0
18705,5.0
18706,1.0
18707,4.0
18708,2.0
18709,1.0
18710,1.0
18711,5.0
18712,3.0
18713,4.0
18714,4.0
18715,
18716,1.0
18717,4.0
18718,
18719,
18720,5.0
18721,
18722,2.0
18723,3.0
18724,1.0
18725,
18726,2.0
18727,1.0
18728,5.0
18729,
18730,1.0
18731,5.0
18732,4.0
18733,
18734,1.0
18735,
18736,3.0
18737,5.0
18738,3.0
18739,4.0
18740,4.0
18741,5.0
18742,5.0
18743,
18744,5.0
18745,
18746,
18747,
18748,1.0
18749,3.0
18750,1.0
18751,5.0
18752,4.0
18753,6.0
18754,1.0
18755,
18756,4.0
18757,2.0
18758,5.0
18759,4.0
18760,2.0
18761,2.0
18762,4.0
18763,
18764,
18765,
18766,6.0
18767,5.0
18768,
18769,
18770,1.0
18771,6.0
18772,2.0
18773,1.0
18774,4.0
18775,1.0
18776,
18777,1.0
18778,2.0
18779,2.0
18780,
18781,3.0
18782,1.0
18783,
18784,5.0
18785,4.0
18786,2.0
18787,
18788,3.0
18789,
18790,
18791,
18792,1.0
18793,4.0
18794,3.0
18795,
18796,5.0
18797,1.0
18798,6.0
18799,3.0
18800,1.0
18801,5.0
18802,
18803,5.0
18804,3.0
18805,2.0
18806,
18807,1.0
18808,5.0
18809,1.0
18810,
18811,2.0
18812,
18813,5.0
18814,5.0
18815,
18816,5.0
18817,
18818,
18819,4.0
18820,2.0
18821,3.0
18822,5.0
18823,1.0
18824,1.0
18825,6.0
18826,5.0
18827,
18828,4.0
18829,2.0
18830,3.0
18831,
18832,
18833,4.0
18834,
18835,5.0
18836,
18837,1.0
18838,2.0
18839,
18840,3.0
18841,
18842,
18843,5.0
18844,6.0
18845,6.0
18846,
18847,1.0
18848,2.0
18849,
18850,4.0
18851,
18852,4.0
18853,5.0
18854,5.0
18855,
18856,5.0
18857,1.0
18858,2.0
18859,
18860,5.0
18861,
18862,5.0
18863,2.0
18864,
18865,5.0
18866,2.0
18867,
18868,4.0
18869,2.0
18870,3.0
18871,5.0
18872,3.0
18873,4.0
18874,4.0
18875,1.0
18876,3.0
18877,2.0
18878,6.0
18879,2.0
18880,
18881,3.0
18882,3.0
18883,2.0
18884,3.0
18885,5.0
18886,
18887,
18888,5.0
18889,5.0
18890,3.0
18891,6.0
18892,1.0
18893,1.0
18894,4.0
18895,4.0
18896,2.0
18897,2.0
18898,2.0
18899,2.0
18900,3.0
18901,4.0
18902,4.0
18903,
18904,1.0
18905,4.0
18906,
18907,2.0
18908,2.0
18909,
18910,3.0
18911,
18912,5.0
18913,
18914,
18915,3.0
18916,
18917,4.0
18918,2.0
18919,
18920,3.0
18921,
18922,2.0
18923,
18924,6.0
18925,5.0
18926,5.0
18927,2.0
18928,
18929,5.0
18930,1.0
18931,1.0
18932,3.0
18933,1.0
18934,2.0
18935,1.0
18936,4.0
18937,
18938,4.0
18939,5.0
18940,
18941,
18942,4.0
18943,3.0
18944,
18945,4.0
18946,4.0
18947,1.0
18948,5.0
18949,1.0
18950,4.0
18951,3.0
18952,
18953,
18954,4.0
18955,3.0
18956,1.0
18957,
18958,2.0
18959,1.0
18960,6.0
18961,1.0
18962,1.0
18963,5.0
18964,5.0
18965,2.0
18966,
18967,3.0
18968,3.0
18969,5.0
18970,
18971,2.0
18972,3.0
18973,
18974,4.0
18975,4.0
18976,1.0
18977,
18978,2.0
18979,1.0
18980,3.0
18981,6.0
18982,3.0
18983,4.0
18984,4.0
18985,4.0
18986,1.0
18987,6.0
18988,
18989,
18990,3.0
18991,4.0
18992,
18993,
18994,
18995,4.0
18996,
18997,5.0
18998,6.0
18999,5.0
19000,5.0
19001,
19002,1.0
19003,
19004,4.0
19005,3.0
19006,5.0
19007,1.0
19008,5.0
19009,1.0
19010,5.0
19011,
19012,4.0
19013,
19014,
19015,5.0
19016,
19017,
19018,3.0
19019,
19020,4.0
19021,1.0
19022,6.0
19023,
19024,
19025,1.0
19026,
19027,
19028,
19029,
19030,
19031,2.0
19032,3.0
19033,
19034,4.0
19035,1.0
19036,4.0
19037,3.0
19038,
19039,3.0
19040,1.0
19041,1.0
19042,5.0
19043,2.0
19044,3.0
19045,
19046,1.0
19047,5.0
19048,4.0
19049,5.0
19050,
19051,
19052,5.0
19053,5.0
19054,4.0
19055,3.0
19056,
19057,
19058,2.0
19059,6.0
19060,4.0
19061,
19062,
19063,
19064,2.0
19065,4.0
19066,1.0
19067,2.0
19068,3.0
19069,5.0
19070,
19071,4.0
19072,5.0
19073,1.0
19074,
19075,
19076,
19077,
19078,6.0
19079,
19080,3.0
19081,
19082,5.0
19083,3.0
19084,2.0
19085,2.0
19086,6.0
19087,
19088,4.0
19089,
19090,4.0
19091,
19092,2.0
19093,3.0
19094,3.0
19095,
19096,6.0
19097,
19098,
19099,1.0
19100,2.0
19101,3.0
19102,5.0
19103,6.0
19104,
19105,1.0
19106,
19107,
19108,2.0
19109,2.0
19110,
19111,4.0
19112,
19113,1.0
19114,4.0
19115,2.0
19116,5.0
19117,3.0
19118,5.0
19119,5.0
19120,1.0
19121,1.0
19122,
19123,
19124,3.0
19125,
19126,4.0
19127,5.0
19128,
19129,
19130,1.0
19131,1.0
19132,
19133,2.0
19134,
19135,2.0
19136,3.0
19137,5.0
19138,2.0
19139,
19140,
19141,3.0
19142,4.0
19143,1.0
19144,5.0
19145,2.0
19146,4.0
19147,5.0
19148,5.0
19149,6.0
19150,5.0
19151,6.0
19152,3.0
19153,6.0
19154,
19155,2.0
19156,2.0
19157,1.0
19158,1.0
19159,6.0
19160,5.0
19161,
19162,
19163,
19164,3.0
19165,
19166,5.0
19167,3.0
19168,4.0
19169,
19170,1.0
19171,
19172,
19173,5.0
19174,1.0
19175,1.0
19176,6.0
19177,5.0
19178,2.0
19179,6.0
19180,
19181,6.0
19182,4.0
19183,
19184,3.0
19185,
19186,6.0
19187,4.0
19188,2.0
19189,1.0
19190,6.0
19191,3.0
19192,6.0
19193,3.0
19194,
19195,
19196,5.0
19197,2.0
19198,5.0
19199,4.0
19200,3.0
19201,5.0
19202,2.0
19203,5.0
19204,
19205,
19206,
19207,4.0
19208,
19209,
19210,
19211,3.0
19212,2.0
19213,3.0
19214,1.0
19215,5.0
19216,
19217,6.0
19218,6.0
19219,5.0
19220,3.0
19221,
19222,
19223,1.0
19224,
19225,1.0
19226,2.0
19227,
19228,1.0
19229,2.0
19230,3.0
19231,2.0
19232,5.0
19233,4.0
19234,6.0
19235,1.0
19236,5.0
19237,4.0
19238,5.0
19239,2.0
19240,2.0
19241,
19242,2.0
19243,5.0
19244,
19245,3.0
19246,1.0
19247,5.0
19248,
19249,5.0
19250,
19251,6.0
19252,2.0
19253,5.0
19254,2.0
19255,5.0
19256,
19257,2.0
19258,2.0
19259,5.0
19260,3.0
19261,2.0
19262,5.0
19263,5.0
19264,
19265,3.0
19266,1.0
19267,4.0
19268,4.0
19269,5.0
19270,
19271,5.0
19272,
19273,
19274,2.0
19275,5.0
19276,3.0
19277,2.0
19278,3.0
19279,
19280,2.0
19281,5.0
19282,5.0
19283,1.0
19284,
19285,
19286,
19287,5.0
19288,1.0
19289,4.0
19290,
19291,3.0
19292,5.0
19293,4.0
19294,
19295,3.0
19296,2.0
19297,4.0
19298,3.0
19299,4.0
19300,
19301,1.0
19302,2.0
19303,5.0
19304,
19305,1.0
19306,4.0
19307,6.0
19308,
19309,5.0
19310,1.0
19311,4.0
19312,1.0
19313,3.0
19314,3.0
19315,1.0
19316,
19317,2.0
19318,1.0
19319,
19320,
19321,2.0
19322,
19323,1.0
19324,6.0
19325,1.0
19326,1.0
19327,
19328,3.0
19329,
19330,3.0
19331,4.0
19332,3.0
19333,3.0
19334,2.0
19335,3.0
19336,1.0
19337,5.0
19338,3.0
19339,
19340,2.0
19341,
19342,6.0
19343,1.0
19344,5.0
19345,3.0
19346,1.0
19347,
19348,1.0
19349,
19350,
19351,2.0
19352,2.0
19353,6.0
19354,5.0
19355,5.0
19356,2.0
19357,5.0
19358,5.0
19359,
19360,1.0
19361,2.0
19362,5.0
19363,5.0
19364,
19365,3.0
19366,
19367,2.0
19368,2.0
19369,3.0
19370,6.0
19371,3.0
19372,4.0
19373,1.0
19374,2.0
19375,1.0
19376,
19377,
19378,2.0
19379,1.0
19380,2.0
19381,1.0
19382,1.0
19383,1.0
19384,5.0
19385,5.0
19386,2.0
19387,
19388,
19389,
19390,4.0
19391,3.0
19392,5.0
19393,1.0
19394,4.0
19395,3.0
19396,5.0
19397,5.0
19398,4.0
19399,1.0
19400,4.0
19401,3.0
19402,
19403,1.0
19404,
19405,2.0
19406,3.0
19407,4.0
19408,
19409,1.0
19410,5.0
19411,3.0
19412,6.0
19413,
19414,
19415,3.0
19416,3.0
19417,
19418,5.0
19419,3.0
19420,3.0
19421,4.0
19422,
19423,1.0
19424,4.0
19425,1.0
19426,1.0
19427,5.0
19428,5.0
19429,2.0
19430,1.0
19431,2.0
19432,5.0
19433,
19434,
19435,6.0
19436,5.0
19437,4.0
19438,2.0
19439,3.0
19440,6.0
19441,4.0
19442,1.0
19443,
19444,2.0
19445,2.0
19446,4.0
19447,5.0
19448,2.0
19449,
19450,
19451,
19452,3.0
19453,3.0
19454,2.0
19455,4.0
19456,
19457,5.0
19458,5.0
19459,1.0
19460,2.0
19461,2.0
19462,1.0
19463,2.0
19464,6.0
19465,5.0
19466,4.0
19467,1.0
19468,2.0
19469,5.0
19470,4.0
19471,3.0
19472,
19473,
19474,3.0
19475,
19476,3.0
19477,
19478,
19479,
19480,2.0
19481,4.0
19482,
19483,5.0
19484,1.0
19485,5.0
19486,4.0
19487,
19488,5.0
19489,5.0
19490,1.0
19491,6.0
19492,5.0
19493,5.0
19494,1.0
19495,
19496,3.0
19497,3.0
19498,3.0
19499,1.0
19500,2.0
19501,
19502,3.0
19503,1.0
19504,2.0
19505,3.0
19506,2.0
19507,5.0
19508,4.0
19509,1.0
19510,5.0
19511,
19512,1.0
19513,3.0
19514,
19515,
19516,6.0
19517,5.0
19518,5.0
19519,3.0
19520,5.0
19521,6.0
19522,2.0
19523,
19524,
19525,5.0
19526,1.0
19527,2.0
19528,5.0
19529,
19530,3.0
19531,1.0
19532,5.0
19533,2.0
19534,2.0
19535,2.0
19536,5.0
19537,1.0
19538,4.0
19539,4.0
19540,2.0
19541,5.0
19542,1.0
19543,1.0
19544,1.0
19545,2.0
19546,
19547,
19548,3.0
19549,1.0
19550,1.0
19551,5.0
19552,3.0
19553,5.0
19554,
19555,
19556,1.0
19557,5.0
19558,3.0
19559,6.0
19560,5.0
19561,
19562,
19563,1.0
19564,
19565,
19566,
19567,4.0
19568,
19569,1.0
19570,2.0
19571,2.0
19572,3.0
19573,
19574,2.0
19575,
19576,5.0
19577,6.0
19578,
19579,4.0
19580,
19581,
19582,
19583,5.0
19584,3.0
19585,1.0
19586,
19587,
19588,6.0
19589,1.0
19590,
19591,4.0
19592,
19593,2.0
19594,5.0
19595,2.0
19596,5.0
19597,5.0
19598,
19599,
19600,
19601,2.0
19602,
19603,1.0
19604,
19605,
19606,4.0
19607,
19608,
19609,3.0
19610,2.0
19611,2.0
19612,4.0
19613,
19614,1.0
19615,5.0
19616,
19617,5.0
19618,5.0
19619,
19620,4.0
19621,
19622,
19623,5.0
19624,
19625,3.0
19626,3.0
19627,2.0
19628,3.0
19629,
19630,1.0
19631,1.0
19632,2.0
19633,4.0
19634,5.0
19635,
19636,4.0
19637,1.0
19638,2.0
19639,1.0
19640,1.0
19641,
19642,3.0
19643,4.0
19644,2.0
19645,6.0
19646,
19647,5.0
19648,1.0
19649,
19650,2.0
19651,2.0
19652,1.0
19653,
19654,5.0
19655,4.0
19656,2.0
19657,
19658,2.0
19659,
19660,2.0
19661,5.0
19662,
19663,5.0
19664,2.0
19665,
19666,
19667,2.0
19668,6.0
19669,2.0
19670,5.0
19671,4.0
19672,4.0
19673,5.0
19674,1.0
19675,1.0
19676,
19677,2.0
19678,5.0
19679,
19680,1.0
19681,4.0
19682,4.0
19683,2.0
19684,
19685,6.0
19686,
19687,2.0
19688,2.0
19689,6.0
19690,2.0
19691,5.0
19692,4.0
19693,5.0
19694,1.0
19695,3.0
19696,6.0
19697,
19698,
19699,4.0
19700,2.0
19701,5.0
19702,2.0
19703,4.0
19704,
19705,5.0
19706,5.0
19707,1.0
19708,4.0
19709,3.0
19710,4.0
19711,2.0
19712,2.0
19713,1.0
19714,5.0
19715,4.0
19716,
19717,
19718,
19719,5.0
19720,
19721,4.0
19722,
19723,3.0
19724,
19725,2.0
19726,
19727,4.0
19728,3.0
19729,1.0
19730,6.0
19731,3.0
19732,2.0
19733,4.0
19734,4.0
19735,6.0
19736,4.0
19737,5.0
19738,
19739,6.0
19740,
19741,4.0
19742,1.0
19743,1.0
19744,2.0
19745,
19746,1.0
19747,3.0
19748,1.0
19749,
19750,3.0
19751,3.0
19752,1.0
19753,5.0
19754,1.0
19755,
19756,1.0
19757,6.0
19758,5.0
19759,5.0
19760,
19761,2.0
19762,3.0
19763,
19764,3.0
19765,
19766,2.0
19767,5.0
19768,1.0
19769,
19770,5.0
19771,1.0
19772,5.0
19773,
19774,4.0
19775,2.0
19776,
19777,1.0
19778,3.0
19779,5.0
19780,5.0
19781,3.0
19782,2.0
19783,1.0
19784,3.0
19785,1.0
19786,4.0
19787,5.0
19788,
19789,5.0
19790,4.0
19791,2.0
19792,
19793,5.0
19794,3.0
19795,4.0
19796,
19797,5.0
19798,2.0
19799,
19800,3.0
19801,1.0
19802,5.0
19803,3.0
19804,3.0
19805,
19806,4.0
19807,3.0
19808,
19809,5.0
19810,6.0
19811,
19812,5.0
19813,4.0
19814,
19815,
19816,3.0
19817,5.0
19818,3.0
19819,
19820,
19821,
19822,
19823,4.0
19824,
19825,4.0
19826,2.0
19827,2.0
19828,
19829,3.0
19830,4.0
19831,2.0
19832,2.0
19833,
19834,
19835,5.0
19836,1.0
19837,2.0
19838,1.0
19839,5.0
19840,
19841,2.0
19842,5.0
19843,
19844,1.0
19845,4.0
19846,2.0
19847,5.0
19848,2.0
19849,3.0
19850,1.0
19851,
19852,4.0
19853,4.0
19854,
19855,1.0
19856,5.0
19857,
19858,
19859,6.0
19860,4.0
19861,
19862,
19863,1.0
19864,5.0
19865,1.0
19866,3.0
19867,1.0
19868,2.0
19869,4.0
19870,5.0
19871,
19872,4.0
19873,3.0
19874,
19875,5.0
19876,5.0
19877,
19878,2.0
19879,4.0
19880,1.0
19881,4.0
19882,
19883,5.0
19884,1.0
19885,1.0
19886,2.0
19887,3.0
19888,2.0
19889,4.0
19890,3.0
19891,1.0
19892,6.0
19893,3.0
19894,1.0
19895,
19896,
19897,2.0
19898,1.0
19899,5.0
19900,
19901,3.0
19902,1.0
19903,3.0
19904,3.0
19905,4.0
19906,1.0
19907,
19908,4.0
19909,4.0
19910,
19911,1.0
19912,
19913,
19914,2.0
19915,
19916,4.0
19917,5.0
19918,
19919,6.0
19920,6.0
19921,3.0
19922,
19923,
19924,
19925,2.0
19926,5.0
19927,3.0
19928,1.0
19929,1.0
19930,6.0
19931,
19932,5.0
19933,3.0
19934,5.0
19935,3.0
19936,2.0
19937,
19938,
19939,3.0
19940,4.0
19941,
19942,2.0
19943,
19944,3.0
19945,3.0
19946,1.0
19947,5.0
19948,5.0
19949,4.0
19950,4.0
19951,
19952,3.0
19953,2.0
19954,2.0
19955,2.0
19956,3.0
19957,2.0
19958,
19959,1.0
19960,4.0
19961,4.0
19962,6.0
19963,
19964,5.0
19965,3.0
19966,2.0
19967,1.0
19968,
19969,4.0
19970,2.0
19971,
19972,3.0
19973,5.0
19974,
19975,
19976,
19977,2.0
19978,
19979,4.0
19980,
19981,3.0
19982,
19983,1.0
19984,4.0
19985,
19986,4.0
19987,5.0
19988,5.0
19989,3.0
19990,
19991,2.0
19992,3.0
19993,2.0
19994,3.0
19995,2.0
19996,4.0
19997,3.0
19998,
19999,
