Id,Predicted
0,5
1,2
2,5
3,5
4,3
5,2
6,3
7,3
8,4
9,5
10
11,3
12,3
13,3
14,3
15,2
16,3
17,3
18
19,3
20,1
21
22,3
23,4
24,3
25,3
26,3
27,3
28,4
29,3
30,3
31,3
32
33,5
34,5
35,3
36,2
37,2
38,3
39,6
40,3
41
42,5
43,5
44,3
45
46,1
47,6
48,3
49,3
50,1
51
52,5
53
54,4
55
56,5
57,1
58,3
59,6
60
61
62,3
63,3
64,3
65,2
66,5
67,5
68,3
69,1
70
71,1
72,3
73,3
74
75,2
76,3
77,5
78,3
79,3
80,3
81
82
83,3
84,3
85,1
86,3
87,5
88,3
89,1
90,3
91,4
92,5
93,6
94,4
95,5
96,3
97,3
98,3
99
100,6
101,4
102,3
103
104
105
106
107,2
108,3
109,3
110
111
112,1
113,2
114,5
115
116,2
117,3
118,3
119,3
120,3
121,3
122,1
123,2
124,3
125,3
126,5
127,1
128
129,3
130,3
131,1
132,3
133,3
134,3
135,3
136,5
137,3
138,5
139,3
140,5
141,4
142
143,3
144
145,4
146,3
147,5
148,3
149
150
151,5
152,3
153,3
154,3
155,2
156,5
157,2
158,3
159,3
160
161,3
162,3
163,2
164,1
165,5
166,3
167,3
168,1
169,4
170
171,3
172,3
173,3
174,5
175,2
176,3
177,3
178
179,3
180,3
181,2
182,5
183,3
184,5
185
186,3
187,3
188,6
189,3
190
191
192,5
193,1
194,1
195,2
196,2
197,3
198,2
199,3
200,1
201
202,3
203,6
204
205,2
206,3
207,2
208,3
209,1
210,3
211,3
212,5
213,3
214
215,3
216
217,5
218,3
219,3
220,3
221,3
222
223,1
224
225,4
226
227,1
228,4
229
230
231,5
232,3
233,4
234
235,4
236,3
237
238,3
239,2
240,2
241,5
242
243
244,3
245,3
246,5
247,4
248,3
249,5
250,1
251,3
252,2
253,5
254,3
255,3
256,2
257
258
259,3
260,1
261,3
262,1
263,3
264,3
265,3
266,1
267
268
269,2
270,1
271,2
272,2
273,3
274,6
275
276,3
277,2
278,3
279,3
280,5
281
282
283,2
284,4
285,4
286,4
287
288,5
289,1
290,3
291,3
292,3
293,4
294,3
295,3
296,3
297,2
298,5
299
300,3
301,3
302,1
303,5
304,6
305,3
306
307,3
308,1
309,3
310,3
311,3
312
313
314,3
315,3
316
317,1
318,5
319,5
320,3
321
322,3
323,5
324,4
325,5
326,3
327
328,5
329,6
330,3
331,5
332,3
333,2
334,5
335,3
336
337,1
338,6
339,3
340
341,5
342,3
343,3
344,3
345,2
346,2
347,3
348,3
349,3
350,2
351,5
352,1
353,5
354,3
355,5
356
357,3
358,4
359,5
360
361
362,2
363,3
364
365,5
366,3
367
368,3
369,5
370,5
371,2
372
373
374,3
375,3
376,3
377,3
378,1
379,3
380
381,3
382,3
383,3
384,6
385,3
386,1
387
388,1
389,3
390
391,3
392,3
393,5
394,4
395
396,5
397,3
398,2
399,3
400,2
401,3
402,4
403
404,3
405
406,3
407
408,3
409
410,3
411
412,3
413,5
414,5
415,4
416,2
417,3
418
419,5
420
421,4
422,1
423
424,3
425
426,1
427,3
428,3
429
430,3
431,3
432
433,3
434,3
435,4
436,5
437,2
438,5
439,3
440
441,1
442,2
443,3
444
445,3
446,4
447,1
448,5
449,3
450
451,1
452,5
453,2
454,4
455,1
456,3
457,3
458
459
460,3
461,1
462,2
463
464,3
465,1
466,1
467,3
468,3
469,3
470,3
471,1
472,4
473,6
474
475,5
476,3
477,3
478,3
479,3
480,3
481,3
482,3
483,2
484,3
485,3
486,3
487,3
488,2
489,4
490,3
491,1
492,1
493
494,6
495,3
496,1
497,2
498,3
499
500
501,3
502
503,3
504,4
505,3
506,1
507
508,3
509,3
510,4
511,4
512,3
513,3
514,1
515,1
516
517,3
518,3
519,1
520,5
521,5
522,3
523,3
524,3
525,4
526
527,3
528,2
529
530,3
531,3
532,2
533,2
534,2
535,1
536,3
537,3
538,3
539,1
540,4
541,2
542,3
543,3
544
545,5
546,2
547,5
548
549,3
550,3
551,3
552,3
553,1
554,3
555,2
556
557,5
558,3
559,3
560,3
561,3
562
563,4
564
565,3
566
567
568,5
569,3
570,1
571,1
572,3
573,3
574,3
575,3
576,3
577,3
578
579,3
580,5
581,1
582,1
583,5
584,5
585,1
586
587,4
588,3
589
590,5
591,2
592,3
593,4
594,3
595,2
596,3
597,3
598,3
599,5
600,3
601,3
602
603,5
604,3
605
606,3
607,5
608,5
609,3
610,3
611,5
612,1
613
614,1
615,2
616
617,1
618,4
619,4
620
621,5
622,3
623,2
624,3
625,3
626,2
627,5
628,3
629,2
630,5
631,5
632,1
633,3
634,6
635,5
636,3
637,3
638,3
639,2
640,4
641,5
642,3
643,3
644
645,2
646,3
647,3
648,3
649,3
650,4
651,3
652,2
653
654,3
655,3
656
657
658,3
659,3
660,2
661,3
662,3
663,3
664,3
665
666,4
667,3
668,2
669,5
670,3
671,3
672,3
673
674,6
675,2
676,5
677,3
678,4
679,2
680,3
681,2
682,3
683,3
684,2
685,1
686,5
687,3
688,3
689,3
690,5
691,3
692,2
693,3
694,4
695,5
696,1
697,1
698,3
699
700,4
701,3
702,3
703,4
704,2
705,5
706,3
707
708,5
709,3
710,1
711,3
712,3
713,1
714,4
715,4
716,3
717,5
718
719,3
720
721,3
722,5
723,2
724,1
725,5
726,3
727,6
728,5
729,1
730,3
731,3
732,5
733,4
734,1
735,4
736,3
737,3
738,3
739,3
740,5
741,3
742,1
743
744,3
745,1
746,3
747,3
748,2
749,3
750,3
751
752,1
753,3
754
755
756,4
757,3
758,3
759,5
760,3
761,3
762,3
763
764
765,3
766,1
767
768,1
769,3
770,3
771,5
772
773,3
774,3
775,3
776,2
777
778
779,3
780,2
781,3
782,4
783,1
784,1
785,2
786,3
787,3
788,3
789,3
790,3
791,3
792,3
793,2
794,3
795
796,6
797,3
798,3
799,3
800
801,3
802,3
803,1
804,3
805,1
806,3
807,5
808,2
809,3
810,3
811,3
812,3
813,3
814
815,1
816,5
817,3
818,3
819,2
820
821,3
822,3
823,3
824,2
825,2
826,3
827,5
828,2
829
830,3
831,5
832,2
833
834,3
835
836,2
837,3
838,4
839,5
840,3
841
842,3
843
844,3
845,3
846
847,3
848,1
849,1
850,3
851,1
852
853,4
854
855,5
856,3
857
858,5
859,5
860,4
861,3
862,4
863
864,3
865
866,3
867,3
868,5
869
870,2
871
872,3
873,3
874,3
875,2
876,4
877,1
878,3
879
880,3
881,2
882,1
883,3
884,3
885,5
886,3
887
888
889,3
890,2
891,3
892
893,6
894,4
895,4
896,1
897,3
898,6
899,1
900
901,3
902,3
903,3
904,1
905
906
907,3
908,5
909,2
910,3
911,5
912,3
913,3
914,3
915,4
916,3
917,3
918
919,3
920,3
921,3
922,3
923,1
924,3
925,6
926,4
927,3
928,1
929,1
930,3
931,2
932
933,5
934,6
935,5
936,5
937,3
938
939,3
940,3
941,5
942,1
943,3
944,3
945,5
946,1
947,3
948,5
949,2
950
951,5
952,3
953,3
954,3
955,3
956,3
957
958,6
959,3
960,3
961,3
962
963,3
964,3
965,3
966,5
967
968,3
969,3
970,5
971,3
972,2
973,1
974
975,3
976,4
977,2
978,3
979
980,3
981,3
982,3
983,3
984,3
985,3
986
987,1
988,3
989
990,2
991,3
992,2
993,3
994,2
995,4
996,4
997,4
998,3
999,3
1000,3
1001,1
1002,3
1003
1004,3
1005,6
1006,3
1007,3
1008,2
1009,5
1010,3
1011,3
1012,1
1013
1014
1015,3
1016,5
1017,3
1018,3
1019,5
1020,3
1021,3
1022,3
1023,3
1024,5
1025,1
1026
1027,3
1028,5
1029,5
1030,3
1031,2
1032,3
1033,3
1034
1035,3
1036,4
1037,6
1038
1039,2
1040,5
1041,3
1042,3
1043,2
1044,3
1045,5
1046,3
1047,3
1048,5
1049,1
1050,6
1051,2
1052,4
1053
1054
1055,3
1056
1057,3
1058,1
1059
1060,3
1061,5
1062,2
1063,3
1064,3
1065,3
1066,3
1067
1068,3
1069,4
1070
1071,3
1072,5
1073,2
1074,5
1075,3
1076,1
1077,1
1078,6
1079,4
1080
1081,3
1082,4
1083,1
1084,6
1085,3
1086,3
1087,1
1088,4
1089,3
1090
1091,3
1092
1093,3
1094,3
1095,2
1096,3
1097,2
1098
1099,3
1100,3
1101,3
1102,3
1103,3
1104,1
1105
1106,2
1107,3
1108,3
1109,3
1110,5
1111,5
1112,6
1113,1
1114,3
1115,3
1116,5
1117
1118,3
1119,4
1120,1
1121,4
1122,3
1123,1
1124,2
1125
1126,5
1127,3
1128,1
1129,4
1130
1131,3
1132,1
1133,3
1134,2
1135
1136
1137,3
1138,2
1139,5
1140
1141,3
1142,2
1143,3
1144,4
1145,2
1146,3
1147,3
1148
1149,3
1150,2
1151,2
1152,1
1153,3
1154,1
1155,2
1156,2
1157,3
1158,3
1159,3
1160,1
1161,3
1162
1163,1
1164,3
1165,2
1166,3
1167,3
1168,5
1169,3
1170,3
1171,3
1172,3
1173
1174
1175,3
1176
1177,1
1178,3
1179,3
1180
1181,1
1182,3
1183,1
1184
1185,3
1186
1187,5
1188,5
1189,3
1190,3
1191
1192,4
1193
1194,5
1195,3
1196
1197
1198,2
1199,3
1200,4
1201,1
1202,3
1203
1204,3
1205,3
1206,2
1207,6
1208,3
1209,6
1210,2
1211
1212
1213,3
1214,3
1215,3
1216,6
1217
1218,1
1219,3
1220,3
1221,3
1222,5
1223,3
1224,3
1225,5
1226,4
1227,3
1228,3
1229,5
1230,3
1231,1
1232
1233,1
1234,3
1235,2
1236
1237
1238
1239,1
1240,3
1241
1242,3
1243,3
1244,5
1245,2
1246,6
1247,1
1248,3
1249
1250,3
1251,5
1252,2
1253,1
1254,2
1255
1256,3
1257
1258,3
1259,3
1260,3
1261,3
1262,3
1263
1264,3
1265,5
1266,5
1267,2
1268,3
1269,2
1270,3
1271
1272
1273,4
1274
1275,3
1276,2
1277
1278,3
1279,3
1280,1
1281,6
1282,3
1283,5
1284,1
1285,1
1286,3
1287,3
1288,3
1289,3
1290,1
1291,6
1292,3
1293,3
1294,1
1295,3
1296,1
1297,3
1298,5
1299
1300
1301
1302,1
1303
1304,1
1305,3
1306,6
1307
1308,2
1309,3
1310
1311,4
1312,4
1313,4
1314,5
1315,5
1316,4
1317,5
1318,1
1319,3
1320,3
1321,3
1322,3
1323
1324,5
1325,3
1326,1
1327,3
1328
1329
1330,1
1331,1
1332,3
1333,2
1334,3
1335,3
1336
1337,2
1338
1339,3
1340,1
1341,5
1342,1
1343,3
1344
1345,4
1346
1347,1
1348,3
1349,4
1350,3
1351,3
1352
1353,3
1354,3
1355,5
1356,3
1357,3
1358,1
1359
1360
1361,3
1362,3
1363,4
1364
1365,3
1366,3
1367,3
1368,3
1369
1370
1371,4
1372,4
1373,1
1374,2
1375,2
1376
1377,1
1378,3
1379,3
1380,3
1381,2
1382,5
1383
1384,3
1385
1386,4
1387,6
1388,5
1389,2
1390
1391,3
1392,2
1393,3
1394,3
1395,3
1396,3
1397
1398
1399,3
1400,3
1401,4
1402,2
1403
1404,6
1405,4
1406,5
1407
1408,3
1409
1410,3
1411,3
1412,4
1413
1414,2
1415,3
1416,3
1417,3
1418,5
1419,3
1420
1421,3
1422
1423,3
1424
1425,1
1426,3
1427,2
1428,5
1429
1430
1431,3
1432,5
1433,4
1434,3
1435,3
1436
1437,5
1438
1439
1440,2
1441,1
1442
1443,5
1444,1
1445,4
1446,1
1447
1448,1
1449,3
1450
1451,3
1452,1
1453,1
1454,1
1455,2
1456,6
1457,3
1458,5
1459,2
1460,3
1461,2
1462
1463,3
1464,3
1465,2
1466
1467,3
1468,3
1469,3
1470,4
1471,3
1472,3
1473,4
1474,4
1475,3
1476
1477,1
1478,3
1479,3
1480,3
1481,3
1482,4
1483,3
1484,1
1485,5
1486,6
1487,2
1488
1489,3
1490
1491,3
1492,5
1493
1494,3
1495,1
1496,3
1497,3
1498,3
1499,3
1500
1501,2
1502,4
1503,2
1504,3
1505,3
1506,2
1507,3
1508
1509,2
1510,1
1511,3
1512,6
1513,2
1514,5
1515,3
1516
1517,3
1518,5
1519,5
1520,5
1521
1522,3
1523,1
1524,2
1525
1526,3
1527,3
1528
1529,3
1530,3
1531,6
1532,5
1533,5
1534
1535,3
1536,1
1537
1538,2
1539,3
1540,6
1541
1542,3
1543,5
1544
1545,3
1546,2
1547,3
1548,3
1549,3
1550,3
1551,3
1552
1553,4
1554
1555,5
1556
1557,2
1558,3
1559,3
1560,2
1561,5
1562,3
1563,3
1564,3
1565,3
1566,3
1567,6
1568,3
1569,6
1570,2
1571,3
1572,5
1573
1574,3
1575,2
1576
1577,3
1578,2
1579,3
1580,4
1581
1582,3
1583
1584
1585
1586,3
1587,3
1588,4
1589,2
1590,3
1591,3
1592,3
1593,3
1594,5
1595,3
1596,2
1597
1598,3
1599,3
1600,3
1601,3
1602
1603,3
1604,3
1605,3
1606,3
1607
1608,4
1609
1610,3
1611,3
1612,1
1613,2
1614
1615,2
1616,1
1617
1618,1
1619,3
1620,1
1621,2
1622,1
1623,3
1624,2
1625,4
1626,3
1627,3
1628,2
1629,3
1630,5
1631,2
1632
1633
1634,3
1635
1636,5
1637,1
1638,3
1639,3
1640
1641,3
1642,3
1643,4
1644,1
1645,2
1646
1647,5
1648,2
1649
1650,3
1651
1652,3
1653,3
1654,3
1655,3
1656,5
1657
1658,5
1659,5
1660
1661,1
1662
1663,3
1664
1665,3
1666,4
1667,3
1668,5
1669,1
1670,6
1671
1672,3
1673,3
1674,3
1675,4
1676,2
1677
1678,5
1679,4
1680,5
1681,5
1682,3
1683,3
1684,3
1685,3
1686,3
1687,3
1688
1689,3
1690,2
1691,5
1692,1
1693
1694,1
1695,6
1696
1697,3
1698,4
1699
1700,3
1701,3
1702
1703,2
1704,2
1705,3
1706,1
1707,4
1708,1
1709,5
1710,3
1711,1
1712,6
1713
1714
1715,3
1716,3
1717,3
1718,1
1719,3
1720,1
1721,3
1722,5
1723,2
1724,3
1725,2
1726
1727,2
1728,3
1729
1730,6
1731,2
1732,5
1733,1
1734,3
1735,3
1736,3
1737,3
1738,5
1739,5
1740
1741
1742,3
1743
1744,1
1745,4
1746
1747,1
1748,1
1749,3
1750,3
1751,2
1752
1753
1754,5
1755,5
1756,6
1757,3
1758,6
1759,6
1760,3
1761,3
1762,3
1763
1764,3
1765,3
1766,3
1767,3
1768,4
1769,2
1770,6
1771
1772,3
1773,5
1774,5
1775,3
1776,3
1777,5
1778,4
1779,3
1780,3
1781,1
1782
1783,2
1784,2
1785,2
1786
1787,2
1788,3
1789,1
1790,3
1791,3
1792,3
1793
1794,4
1795,2
1796,3
1797,3
1798,2
1799
1800,5
1801,5
1802,1
1803,1
1804,5
1805,2
1806
1807,6
1808,5
1809,6
1810,5
1811,3
1812,5
1813
1814,2
1815,5
1816,4
1817,1
1818,3
1819,3
1820,3
1821,3
1822,3
1823,3
1824
1825,1
1826,1
1827,3
1828,3
1829,3
1830,4
1831,1
1832,3
1833
1834,1
1835,2
1836,4
1837
1838
1839
1840,3
1841
1842,1
1843,1
1844,2
1845,2
1846,3
1847,2
1848
1849,6
1850,2
1851
1852,1
1853,3
1854,1
1855,3
1856
1857
1858,1
1859,3
1860,1
1861
1862,2
1863,3
1864
1865,3
1866
1867,4
1868,3
1869,2
1870,5
1871,3
1872,2
1873,3
1874
1875,5
1876,3
1877,3
1878,2
1879
1880,3
1881
1882,2
1883
1884,2
1885,5
1886,4
1887,3
1888,3
1889,5
1890,1
1891,3
1892,3
1893,3
1894,1
1895,1
1896,2
1897,3
1898,3
1899,3
1900,3
1901,3
1902,5
1903,3
1904,3
1905,5
1906,5
1907,5
1908,1
1909,1
1910,1
1911,2
1912,5
1913
1914
1915,3
1916,2
1917,6
1918,2
1919,2
1920,3
1921,3
1922,1
1923,3
1924,3
1925
1926,3
1927
1928,3
1929,5
1930,3
1931,3
1932,3
1933,5
1934,5
1935,1
1936
1937,3
1938,3
1939,3
1940,3
1941,6
1942,5
1943,3
1944,2
1945,2
1946,5
1947,2
1948,2
1949,5
1950,3
1951,3
1952,1
1953,1
1954,3
1955,3
1956,5
1957,1
1958,5
1959,5
1960,3
1961,3
1962,3
1963
1964,6
1965
1966,4
1967,3
1968,3
1969,1
1970,3
1971,3
1972
1973,3
1974,3
1975,3
1976,3
1977,5
1978,3
1979
1980,2
1981,4
1982,3
1983
1984
1985
1986,3
1987,3
1988,5
1989,4
1990,3
1991,1
1992,3
1993,5
1994,3
1995,3
1996,3
1997,5
1998,2
1999,3
2000
2001,6
2002,3
2003,1
2004
2005,4
2006,3
2007,3
2008,5
2009,1
2010,5
2011,3
2012,3
2013,3
2014,3
2015
2016
2017,1
2018,2
2019,3
2020
2021,4
2022,1
2023,4
2024,2
2025,1
2026,3
2027,3
2028,3
2029,6
2030
2031,3
2032,4
2033,6
2034,3
2035,3
2036
2037,2
2038,1
2039,4
2040,2
2041,4
2042,3
2043,3
2044,3
2045,4
2046,3
2047,3
2048,3
2049,3
2050,4
2051,6
2052,3
2053,2
2054
2055
2056,3
2057,3
2058,5
2059,3
2060,4
2061,5
2062,2
2063,3
2064,3
2065,3
2066,3
2067,5
2068,3
2069,4
2070,3
2071,4
2072,1
2073,5
2074
2075,3
2076,3
2077,3
2078,3
2079,4
2080,3
2081
2082,4
2083,5
2084,5
2085,3
2086,2
2087,3
2088,3
2089,3
2090,3
2091,4
2092
2093,3
2094,6
2095,5
2096
2097
2098,3
2099,3
2100,5
2101,3
2102,5
2103,5
2104,1
2105,2
2106,5
2107
2108,3
2109,3
2110,3
2111,5
2112,1
2113,4
2114,3
2115,2
2116,5
2117
2118,3
2119,6
2120,5
2121,2
2122,1
2123
2124,3
2125,2
2126,3
2127
2128,1
2129
2130,3
2131,2
2132,3
2133,3
2134,3
2135,1
2136,2
2137,3
2138,3
2139,2
2140
2141,3
2142,3
2143,3
2144,2
2145,3
2146
2147,1
2148,3
2149
2150,3
2151,3
2152
2153
2154,3
2155,2
2156,5
2157
2158,1
2159,3
2160,2
2161,3
2162,1
2163,3
2164
2165,3
2166,3
2167,1
2168,3
2169,3
2170,3
2171,4
2172,6
2173,5
2174,1
2175
2176,3
2177,3
2178,2
2179,2
2180,2
2181,5
2182,3
2183,3
2184
2185,3
2186,3
2187,3
2188,3
2189,3
2190,3
2191,3
2192,4
2193,5
2194,2
2195,5
2196,3
2197,2
2198,4
2199
2200,4
2201,3
2202,3
2203,4
2204,1
2205
2206,3
2207,3
2208,3
2209,4
2210,1
2211
2212,1
2213,5
2214,1
2215,3
2216
2217,3
2218
2219,3
2220,3
2221,3
2222,3
2223,3
2224,3
2225,3
2226
2227,3
2228,5
2229,3
2230,4
2231
2232,2
2233
2234
2235,4
2236,3
2237,4
2238
2239,3
2240,1
2241
2242,2
2243,3
2244,4
2245,2
2246,1
2247,3
2248,3
2249,3
2250,5
2251,3
2252
2253,6
2254,1
2255,3
2256,3
2257,1
2258,4
2259,4
2260,3
2261,3
2262,3
2263,3
2264,3
2265,4
2266
2267,1
2268,3
2269,3
2270,1
2271,3
2272
2273,1
2274,5
2275,3
2276,3
2277,3
2278
2279,1
2280,5
2281,3
2282,3
2283
2284,3
2285,3
2286,2
2287,6
2288,5
2289,1
2290,6
2291,3
2292,3
2293,3
2294,1
2295
2296,3
2297,6
2298,3
2299,5
2300
2301
2302,4
2303,3
2304,3
2305
2306,6
2307,5
2308
2309,5
2310,2
2311,2
2312
2313,3
2314,3
2315,2
2316,6
2317,5
2318,3
2319,2
2320,1
2321,2
2322,3
2323
2324,1
2325,4
2326
2327,3
2328,2
2329,5
2330,5
2331,3
2332
2333
2334,3
2335,4
2336,3
2337,1
2338,4
2339,4
2340,3
2341,1
2342,4
2343,6
2344,3
2345,5
2346,1
2347,2
2348
2349,2
2350,6
2351
2352,3
2353,5
2354,5
2355,1
2356,3
2357,3
2358
2359,3
2360,5
2361,5
2362,5
2363,6
2364,4
2365
2366,3
2367,5
2368,1
2369,3
2370,3
2371,1
2372,3
2373
2374,3
2375,1
2376,1
2377,3
2378,3
2379
2380
2381,1
2382,2
2383
2384
2385,3
2386,5
2387,3
2388,4
2389,1
2390,1
2391,1
2392,3
2393,3
2394,4
2395,5
2396,5
2397,3
2398,3
2399
2400,1
2401,3
2402
2403,3
2404,5
2405,3
2406
2407,3
2408,6
2409,3
2410,3
2411,5
2412
2413,3
2414,3
2415,3
2416,3
2417,3
2418,2
2419,4
2420
2421,3
2422,2
2423,3
2424,3
2425
2426,3
2427,3
2428,3
2429,3
2430,3
2431,3
2432,3
2433,3
2434,3
2435,1
2436,1
2437,5
2438,5
2439,4
2440,2
2441,3
2442
2443
2444
2445,3
2446,3
2447,1
2448
2449,2
2450,3
2451,2
2452,3
2453,3
2454,3
2455,5
2456
2457,3
2458,3
2459,3
2460,2
2461,3
2462,5
2463,2
2464
2465,5
2466,3
2467,2
2468,3
2469,5
2470,3
2471,5
2472,2
2473,3
2474,1
2475,2
2476,3
2477
2478,1
2479,3
2480,3
2481,3
2482,5
2483,4
2484,5
2485,2
2486,3
2487,3
2488,3
2489,2
2490
2491,3
2492,3
2493,5
2494,1
2495,3
2496,3
2497,3
2498,2
2499,5
2500,3
2501,1
2502
2503,3
2504
2505,3
2506,3
2507,3
2508,3
2509,2
2510,3
2511,3
2512,5
2513,3
2514
2515,4
2516,3
2517,2
2518,5
2519,3
2520
2521
2522,4
2523,3
2524
2525,3
2526,3
2527
2528,3
2529,2
2530
2531,5
2532,3
2533,2
2534
2535,1
2536,6
2537
2538
2539,5
2540,2
2541,5
2542,3
2543,3
2544,3
2545,3
2546
2547,3
2548,1
2549,1
2550,3
2551,5
2552,3
2553,6
2554
2555
2556,3
2557,1
2558,5
2559,4
2560,3
2561,2
2562,2
2563
2564,3
2565,3
2566,3
2567,2
2568,2
2569,3
2570,3
2571,3
2572,4
2573,3
2574,3
2575,3
2576
2577,3
2578,3
2579,3
2580,1
2581,6
2582,4
2583,1
2584,3
2585,2
2586,6
2587
2588
2589,3
2590
2591,5
2592,5
2593
2594
2595,3
2596,1
2597,6
2598,1
2599,1
2600,5
2601,3
2602,3
2603,5
2604
2605,2
2606,3
2607,2
2608,3
2609
2610,3
2611,2
2612,5
2613
2614,1
2615,5
2616,3
2617,3
2618
2619
2620,3
2621,3
2622
2623
2624,3
2625,3
2626
2627,5
2628,3
2629,3
2630
2631,2
2632
2633
2634,3
2635,3
2636,3
2637,3
2638,4
2639,2
2640,4
2641,5
2642,2
2643,5
2644,3
2645,1
2646,3
2647,1
2648
2649,3
2650,4
2651,5
2652,5
2653,3
2654
2655
2656
2657,3
2658
2659,5
2660,3
2661,3
2662,3
2663,4
2664,1
2665,6
2666
2667,3
2668,2
2669,6
2670,5
2671,3
2672,3
2673,5
2674,4
2675,2
2676,4
2677,5
2678
2679,5
2680,6
2681,2
2682,5
2683,3
2684
2685,1
2686
2687,2
2688
2689
2690,3
2691,6
2692
2693,3
2694,3
2695,3
2696,1
2697,3
2698,3
2699,3
2700,2
2701,3
2702,2
2703,5
2704,3
2705
2706,1
2707
2708,6
2709
2710
2711,1
2712,3
2713,3
2714
2715,3
2716,2
2717,5
2718,4
2719,3
2720
2721,3
2722,3
2723,2
2724,3
2725,6
2726,2
2727,1
2728,1
2729,3
2730
2731,3
2732
2733,2
2734,3
2735,3
2736,3
2737,3
2738
2739,4
2740,3
2741
2742,2
2743,1
2744,6
2745,3
2746,3
2747,6
2748
2749,2
2750,5
2751,5
2752,3
2753,3
2754,3
2755,5
2756,3
2757,3
2758
2759,6
2760,3
2761,6
2762,3
2763,3
2764,3
2765,3
2766
2767,3
2768,3
2769,3
2770,3
2771,5
2772,4
2773,3
2774
2775,3
2776,3
2777,1
2778,5
2779,3
2780,4
2781,3
2782,6
2783,1
2784,5
2785,2
2786,3
2787,3
2788,2
2789,2
2790,2
2791,3
2792,6
2793,3
2794,5
2795
2796,4
2797,5
2798
2799,3
2800
2801,3
2802,5
2803
2804,5
2805
2806,3
2807,3
2808,3
2809,3
2810,3
2811,3
2812
2813,3
2814,5
2815
2816,6
2817,1
2818
2819,3
2820
2821
2822
2823
2824,6
2825
2826,5
2827,1
2828,3
2829,1
2830,3
2831,3
2832,3
2833,5
2834,4
2835,3
2836,5
2837,1
2838,2
2839,1
2840,3
2841,3
2842,2
2843,3
2844
2845,5
2846,1
2847,4
2848
2849
2850,1
2851,2
2852
2853,3
2854,1
2855
2856,3
2857,2
2858,3
2859,2
2860,3
2861,5
2862,5
2863,1
2864,3
2865,3
2866,3
2867,3
2868
2869,3
2870,3
2871,3
2872,5
2873,3
2874,3
2875,4
2876
2877,3
2878,4
2879,3
2880,1
2881,1
2882,2
2883,3
2884,1
2885,3
2886,3
2887
2888
2889,2
2890,1
2891,2
2892,3
2893,4
2894,3
2895,5
2896,5
2897,3
2898,4
2899,3
2900,3
2901,4
2902,4
2903,5
2904,1
2905,3
2906
2907,1
2908,2
2909,3
2910,3
2911,1
2912,2
2913
2914
2915,2
2916,4
2917,3
2918,5
2919,2
2920,3
2921,3
2922,6
2923,5
2924,3
2925,4
2926,1
2927,3
2928,2
2929
2930,4
2931,3
2932,1
2933,6
2934,5
2935
2936
2937,3
2938,3
2939,2
2940,6
2941,3
2942,4
2943,4
2944,3
2945,3
2946,4
2947,6
2948,2
2949
2950,3
2951,1
2952,3
2953,3
2954,3
2955,1
2956,4
2957,2
2958
2959,3
2960,1
2961,3
2962,3
2963,3
2964
2965,3
2966,3
2967,1
2968,3
2969
2970
2971,3
2972,5
2973,3
2974,5
2975,3
2976,3
2977,3
2978,1
2979,3
2980
2981,1
2982
2983,3
2984,1
2985,4
2986,4
2987,4
2988,5
2989,3
2990,3
2991
2992,4
2993,2
2994,6
2995,3
2996
2997,1
2998
2999,2
3000
3001,4
3002,5
3003,2
3004
3005,3
3006,2
3007,3
3008,5
3009,3
3010,3
3011,3
3012,3
3013,4
3014,1
3015
3016,2
3017,6
3018,3
3019
3020
3021,2
3022
3023,3
3024,2
3025,3
3026,2
3027
3028,3
3029,5
3030,3
3031,3
3032,3
3033,1
3034
3035,3
3036,3
3037,2
3038,3
3039,6
3040
3041,2
3042,3
3043,2
3044,3
3045,3
3046,3
3047,3
3048,1
3049,3
3050,3
3051,4
3052,3
3053,3
3054
3055,2
3056,1
3057,2
3058,5
3059
3060,5
3061,5
3062,3
3063,5
3064,3
3065
3066
3067
3068,3
3069,3
3070,1
3071,1
3072,3
3073,3
3074
3075
3076,3
3077,2
3078,5
3079
3080
3081,5
3082
3083,3
3084,3
3085,3
3086
3087,3
3088,3
3089
3090,1
3091,5
3092,3
3093,3
3094
3095,6
3096,3
3097,3
3098,3
3099,3
3100,1
3101,3
3102,3
3103,3
3104
3105,3
3106
3107
3108,3
3109,2
3110,1
3111
3112,3
3113,3
3114,1
3115,3
3116,2
3117
3118,3
3119,6
3120,5
3121,2
3122
3123,3
3124,4
3125,2
3126,6
3127,3
3128,3
3129,1
3130,4
3131,2
3132,3
3133,1
3134,2
3135,3
3136,2
3137
3138,3
3139,1
3140,2
3141,3
3142,2
3143
3144,5
3145,5
3146,3
3147,5
3148,2
3149,3
3150,4
3151,3
3152
3153
3154,2
3155,5
3156,6
3157,1
3158,1
3159,6
3160,4
3161,1
3162,3
3163
3164,3
3165,5
3166,6
3167,3
3168
3169
3170,5
3171,3
3172,1
3173,4
3174,5
3175
3176,3
3177,3
3178,5
3179,3
3180,3
3181,1
3182,3
3183,3
3184,3
3185,1
3186,3
3187,3
3188,5
3189,3
3190,5
3191,3
3192,4
3193,3
3194,1
3195
3196,1
3197,3
3198,5
3199,3
3200,3
3201
3202,4
3203,2
3204,2
3205,3
3206,2
3207,3
3208,5
3209,3
3210,3
3211,1
3212,1
3213
3214,3
3215,5
3216
3217
3218
3219,3
3220,2
3221,3
3222,3
3223,3
3224,6
3225,2
3226,1
3227,3
3228,1
3229,3
3230,5
3231,4
3232,3
3233,2
3234,3
3235,1
3236
3237,3
3238,3
3239,1
3240,5
3241,1
3242,3
3243,1
3244,3
3245,1
3246,3
3247,5
3248,1
3249,3
3250,3
3251
3252,3
3253,3
3254,2
3255,3
3256,3
3257,3
3258,2
3259,5
3260,3
3261,3
3262,4
3263,5
3264,3
3265
3266,3
3267,3
3268,3
3269,1
3270
3271
3272
3273,6
3274,3
3275,3
3276,5
3277,3
3278
3279,5
3280,3
3281,3
3282,2
3283
3284,5
3285,6
3286,5
3287,3
3288,1
3289,5
3290,2
3291,5
3292,5
3293,3
3294
3295,6
3296,3
3297,5
3298
3299,3
3300,3
3301,5
3302,1
3303,3
3304,2
3305,3
3306,3
3307,3
3308,2
3309,3
3310,2
3311,1
3312,3
3313,5
3314,3
3315,1
3316,3
3317,4
3318,3
3319,3
3320,3
3321,3
3322,5
3323,4
3324
3325,1
3326,3
3327,2
3328
3329
3330,4
3331,3
3332,3
3333
3334,3
3335,3
3336,4
3337,5
3338,2
3339
3340,4
3341,3
3342,1
3343,3
3344,1
3345
3346,3
3347,4
3348,1
3349
3350
3351,3
3352,3
3353,4
3354,4
3355
3356,1
3357,4
3358,4
3359,3
3360,3
3361
3362,5
3363,3
3364,3
3365
3366,5
3367,5
3368,4
3369
3370,3
3371,3
3372
3373,2
3374,5
3375
3376,2
3377,2
3378,3
3379,3
3380
3381,3
3382,1
3383,2
3384,5
3385,3
3386,2
3387
3388,3
3389
3390,4
3391,3
3392,6
3393,3
3394,3
3395,3
3396,1
3397,3
3398,3
3399,3
3400
3401,2
3402,5
3403,3
3404,3
3405,4
3406
3407,3
3408,1
3409,2
3410
3411,6
3412,2
3413,3
3414,3
3415,1
3416,4
3417
3418,3
3419,3
3420,2
3421,3
3422
3423,3
3424,3
3425,3
3426,3
3427,3
3428,2
3429
3430,3
3431,5
3432,3
3433,3
3434,5
3435,3
3436,1
3437,5
3438,5
3439
3440,1
3441,4
3442,1
3443,4
3444,3
3445,3
3446,5
3447,3
3448
3449,3
3450,3
3451,3
3452,5
3453,5
3454,3
3455,4
3456
3457,3
3458
3459,3
3460,4
3461
3462,3
3463,5
3464,3
3465,3
3466,3
3467,4
3468,3
3469
3470,3
3471,5
3472
3473,5
3474,5
3475,1
3476
3477,2
3478,3
3479,5
3480
3481,3
3482,2
3483,5
3484,3
3485,6
3486,1
3487,3
3488
3489,3
3490,3
3491,3
3492,4
3493
3494
3495,3
3496,2
3497,3
3498,3
3499,1
3500,3
3501,3
3502,3
3503
3504,6
3505,5
3506,2
3507,4
3508,3
3509,4
3510,3
3511,2
3512,5
3513,3
3514,5
3515,3
3516
3517,1
3518,3
3519,4
3520,3
3521,3
3522
3523,5
3524,3
3525,3
3526
3527,3
3528,3
3529,3
3530,1
3531,3
3532,5
3533
3534,1
3535,3
3536,1
3537,3
3538,3
3539
3540
3541,5
3542,1
3543
3544,2
3545,3
3546,5
3547,5
3548,3
3549,4
3550,3
3551,3
3552,3
3553,3
3554,3
3555,3
3556,3
3557,5
3558,3
3559,1
3560,3
3561,3
3562,5
3563,3
3564,4
3565,3
3566,3
3567,3
3568,3
3569,3
3570,5
3571
3572
3573,5
3574,1
3575,3
3576
3577,3
3578,3
3579
3580,3
3581,3
3582,2
3583,3
3584,3
3585,2
3586,3
3587,3
3588,2
3589
3590,3
3591,3
3592,4
3593,3
3594
3595,3
3596,5
3597,3
3598
3599,4
3600,5
3601,3
3602,3
3603
3604,3
3605,4
3606,3
3607,3
3608,1
3609,3
3610,3
3611,3
3612,3
3613,6
3614,3
3615,4
3616
3617,3
3618,5
3619,5
3620,3
3621,3
3622,3
3623,3
3624
3625,3
3626
3627,4
3628,3
3629,5
3630,3
3631
3632
3633,3
3634
3635,1
3636,3
3637,3
3638
3639
3640
3641,3
3642,1
3643,3
3644
3645
3646,5
3647,4
3648
3649
3650,3
3651,2
3652
3653,5
3654,3
3655,3
3656,1
3657,2
3658
3659,3
3660
3661,3
3662,3
3663,3
3664
3665,3
3666
3667,4
3668,2
3669,2
3670,2
3671,2
3672
3673
3674,3
3675
3676,3
3677,6
3678,4
3679,3
3680
3681,5
3682
3683,2
3684,3
3685,3
3686
3687
3688,5
3689
3690,3
3691
3692
3693,3
3694,3
3695,1
3696,5
3697
3698,3
3699
3700,5
3701,3
3702,3
3703,3
3704
3705,2
3706,4
3707,2
3708
3709,3
3710,3
3711,5
3712,2
3713
3714,2
3715,3
3716,1
3717,3
3718,5
3719,3
3720,3
3721,3
3722,2
3723
3724
3725
3726,1
3727,5
3728
3729,3
3730,3
3731,3
3732,3
3733,3
3734,1
3735,2
3736
3737,1
3738
3739,2
3740,3
3741
3742,3
3743
3744,5
3745,3
3746
3747
3748,5
3749,2
3750,3
3751,3
3752,1
3753,3
3754,2
3755,3
3756,5
3757
3758,3
3759,3
3760,6
3761,3
3762,1
3763,3
3764,6
3765
3766,2
3767,2
3768,3
3769,2
3770,4
3771,3
3772
3773,3
3774,3
3775,2
3776,3
3777,5
3778,4
3779,3
3780,5
3781,3
3782,3
3783,5
3784,3
3785,3
3786,3
3787,1
3788,5
3789,3
3790,3
3791,4
3792,3
3793,5
3794,1
3795,3
3796,3
3797
3798,2
3799,4
3800,4
3801,2
3802,3
3803
3804,3
3805,3
3806,3
3807,2
3808,3
3809,4
3810,6
3811,3
3812,3
3813,5
3814,3
3815,3
3816,5
3817
3818
3819,3
3820,3
3821,2
3822,1
3823,4
3824,5
3825,3
3826,2
3827
3828
3829,6
3830,3
3831,3
3832,4
3833
3834,3
3835,3
3836,5
3837,3
3838,2
3839
3840,3
3841,2
3842,3
3843
3844,1
3845,3
3846,3
3847,3
3848,3
3849,6
3850,1
3851,2
3852
3853,3
3854,1
3855,2
3856,2
3857,1
3858
3859
3860,1
3861,4
3862,6
3863,1
3864,3
3865,1
3866,3
3867,5
3868,2
3869,3
3870
3871,3
3872
3873,3
3874,3
3875,3
3876,3
3877,2
3878
3879,1
3880,5
3881,3
3882,5
3883,3
3884,5
3885,4
3886,3
3887,3
3888,3
3889,3
3890,5
3891,3
3892
3893,3
3894,3
3895,4
3896
3897,2
3898,2
3899,1
3900,3
3901,5
3902,3
3903,3
3904,3
3905,1
3906
3907,1
3908,3
3909,3
3910,3
3911,5
3912,3
3913,3
3914
3915,2
3916,2
3917,3
3918,6
3919,5
3920,3
3921,2
3922,1
3923
3924,2
3925,4
3926
3927,3
3928,3
3929,3
3930,4
3931,3
3932,4
3933,1
3934,5
3935,4
3936,3
3937,2
3938,3
3939,5
3940,3
3941,3
3942,1
3943,3
3944,4
3945,3
3946,3
3947,3
3948,5
3949,3
3950
3951,4
3952,5
3953,5
3954,2
3955,3
3956,3
3957,1
3958,5
3959,3
3960,3
3961,3
3962,3
3963,5
3964,3
3965,3
3966,5
3967,5
3968,3
3969,3
3970,3
3971,3
3972,3
3973,2
3974,3
3975
3976
3977,3
3978,3
3979,3
3980,3
3981,3
3982,3
3983
3984,3
3985,3
3986
3987
3988,3
3989,4
3990,1
3991
3992,4
3993
3994
3995,5
3996,3
3997,5
3998,3
3999,5
4000,1
4001,3
4002,3
4003,3
4004,1
4005,3
4006,3
4007,3
4008,3
4009
4010,4
4011,5
4012,1
4013,3
4014,3
4015
4016,6
4017,3
4018,3
4019
4020,3
4021,5
4022,4
4023,2
4024,4
4025,5
4026,3
4027,3
4028,3
4029
4030,6
4031,3
4032,1
4033,3
4034,4
4035,2
4036,5
4037,3
4038
4039,5
4040,3
4041,4
4042,5
4043,3
4044,3
4045,3
4046,3
4047,1
4048,3
4049,2
4050,4
4051,3
4052,6
4053,2
4054,1
4055,6
4056,4
4057,1
4058,5
4059,2
4060,2
4061,1
4062
4063
4064,3
4065
4066,3
4067,1
4068,3
4069,3
4070
4071,4
4072,5
4073,1
4074,3
4075,3
4076
4077,2
4078,5
4079,3
4080,3
4081,4
4082,3
4083,1
4084,3
4085,5
4086,4
4087,3
4088
4089,1
4090
4091,2
4092,3
4093,3
4094
4095
4096,4
4097,3
4098,1
4099,2
4100,4
4101,3
4102,1
4103
4104,5
4105,3
4106,3
4107,3
4108,2
4109
4110,5
4111,4
4112
4113,5
4114,3
4115,3
4116,1
4117,4
4118,2
4119,1
4120
4121,3
4122,6
4123,5
4124,1
4125
4126,1
4127
4128,1
4129,3
4130,3
4131,3
4132
4133,2
4134,3
4135,4
4136,3
4137,1
4138,5
4139,4
4140,6
4141,1
4142,1
4143,2
4144,3
4145,3
4146,3
4147,5
4148,3
4149,1
4150,3
4151,3
4152,1
4153,4
4154,3
4155,3
4156,3
4157,3
4158
4159,2
4160
4161,3
4162,3
4163,5
4164,6
4165,1
4166,5
4167,4
4168
4169,3
4170,5
4171,3
4172,5
4173,3
4174,3
4175,5
4176
4177,4
4178,3
4179,1
4180,3
4181,2
4182,5
4183,4
4184,3
4185,3
4186,4
4187,4
4188,1
4189,3
4190,3
4191,4
4192,3
4193,5
4194
4195,3
4196
4197,3
4198,3
4199
4200,3
4201,3
4202,2
4203,3
4204,3
4205,1
4206,1
4207
4208,3
4209,5
4210
4211,5
4212,3
4213,4
4214,4
4215,4
4216,1
4217,3
4218
4219,2
4220,2
4221,5
4222
4223,3
4224
4225
4226
4227,5
4228,4
4229,1
4230,1
4231,3
4232,3
4233,1
4234,3
4235,3
4236,3
4237
4238,4
4239,2
4240,3
4241,3
4242,2
4243,1
4244,3
4245,3
4246,3
4247
4248,3
4249,3
4250,4
4251,6
4252,1
4253,3
4254,3
4255,2
4256,3
4257,1
4258,3
4259,3
4260,2
4261,6
4262,5
4263,6
4264,5
4265
4266,6
4267
4268,3
4269,2
4270,2
4271,3
4272,3
4273
4274,5
4275,3
4276,3
4277,5
4278,3
4279,4
4280,3
4281,3
4282,2
4283,3
4284,6
4285,3
4286,3
4287,3
4288,2
4289,3
4290,2
4291,5
4292,3
4293
4294,6
4295,3
4296
4297,2
4298,1
4299,6
4300,3
4301,5
4302,1
4303,5
4304,3
4305
4306
4307,3
4308
4309,6
4310,3
4311,1
4312,3
4313,6
4314,3
4315
4316,1
4317,4
4318,3
4319,3
4320,3
4321,3
4322
4323,3
4324,5
4325,5
4326,5
4327
4328
4329
4330,2
4331
4332,1
4333,3
4334
4335,5
4336,3
4337,3
4338,3
4339,3
4340,3
4341,3
4342,3
4343,3
4344,1
4345,6
4346,6
4347
4348,5
4349,3
4350,4
4351
4352,3
4353,1
4354,3
4355,3
4356,3
4357
4358,3
4359,5
4360,3
4361,5
4362,5
4363,3
4364,3
4365,3
4366,5
4367,3
4368,4
4369,3
4370,3
4371,2
4372,6
4373,2
4374,5
4375,3
4376,3
4377,3
4378,3
4379,2
4380,2
4381
4382,3
4383,1
4384,1
4385
4386,3
4387,4
4388,3
4389,3
4390,6
4391,1
4392,1
4393,3
4394,5
4395,3
4396,3
4397,3
4398,3
4399
4400,2
4401,3
4402
4403,3
4404,2
4405,2
4406,1
4407,2
4408,3
4409,3
4410,3
4411,4
4412,3
4413,3
4414,2
4415,3
4416,4
4417,3
4418,4
4419,3
4420
4421,6
4422,5
4423,3
4424,4
4425
4426,3
4427,3
4428
4429,3
4430
4431,3
4432,3
4433,5
4434
4435,3
4436,3
4437,3
4438,4
4439,3
4440
4441,3
4442,4
4443,5
4444,4
4445
4446,3
4447,3
4448,3
4449,3
4450
4451,5
4452,5
4453,3
4454,3
4455,1
4456,3
4457,3
4458,1
4459,6
4460,5
4461
4462,2
4463,2
4464
4465,3
4466,4
4467,3
4468
4469,4
4470,3
4471,5
4472,3
4473,5
4474,3
4475
4476,2
4477
4478,3
4479,6
4480,5
4481,3
4482,3
4483,1
4484,3
4485,3
4486,2
4487,1
4488,5
4489,3
4490
4491
4492,3
4493,5
4494,3
4495,3
4496,3
4497,3
4498
4499,3
4500,3
4501,5
4502,2
4503,3
4504,2
4505,5
4506
4507,3
4508,3
4509,6
4510,3
4511,2
4512,3
4513,1
4514,3
4515,3
4516,3
4517,5
4518,3
4519,3
4520,5
4521,3
4522,6
4523,3
4524,3
4525
4526,4
4527,3
4528,4
4529,3
4530
4531,3
4532
4533,4
4534,3
4535,2
4536
4537,3
4538,3
4539,4
4540,3
4541
4542,2
4543
4544,3
4545,4
4546,3
4547,5
4548
4549,3
4550
4551,3
4552,5
4553
4554,1
4555,2
4556,3
4557,2
4558,3
4559,4
4560,2
4561,4
4562,5
4563,3
4564,4
4565,2
4566,5
4567,5
4568,2
4569,5
4570,2
4571,2
4572,2
4573,6
4574,1
4575,3
4576,4
4577,3
4578,6
4579
4580,3
4581,3
4582,4
4583,4
4584,3
4585,3
4586
4587
4588,4
4589,1
4590,5
4591,5
4592,3
4593,2
4594,5
4595,3
4596,3
4597
4598,3
4599
4600,3
4601
4602,2
4603,2
4604,1
4605,4
4606
4607,1
4608,3
4609,6
4610
4611,6
4612,3
4613,4
4614,3
4615,6
4616,3
4617,3
4618,3
4619,5
4620,5
4621
4622,3
4623,1
4624,2
4625,3
4626,1
4627,6
4628,4
4629
4630,3
4631
4632,3
4633,1
4634,3
4635,5
4636,5
4637,2
4638
4639,1
4640
4641,1
4642,3
4643,3
4644,3
4645,6
4646,3
4647,1
4648,4
4649,5
4650
4651,2
4652,5
4653,3
4654,4
4655
4656
4657
4658,1
4659,3
4660,6
4661,5
4662,3
4663,5
4664,3
4665,5
4666,3
4667,3
4668,5
4669
4670,5
4671,1
4672,4
4673,3
4674,1
4675
4676
4677,2
4678,2
4679,3
4680,4
4681,3
4682
4683,3
4684
4685,5
4686,3
4687
4688
4689
4690,3
4691,1
4692,3
4693
4694,1
4695,1
4696,6
4697,3
4698
4699,2
4700,3
4701
4702
4703,2
4704,4
4705
4706
4707
4708,1
4709,5
4710,3
4711,3
4712,4
4713
4714,3
4715,3
4716,4
4717,3
4718,1
4719,5
4720,1
4721,5
4722
4723
4724,5
4725,2
4726,3
4727,3
4728
4729,3
4730
4731,4
4732,3
4733
4734
4735
4736
4737,3
4738,1
4739,3
4740,3
4741,2
4742,3
4743,3
4744,4
4745,2
4746,5
4747,3
4748,3
4749,2
4750,5
4751,4
4752,4
4753,5
4754
4755,6
4756,4
4757,3
4758,5
4759,3
4760,5
4761,3
4762
4763,1
4764,3
4765,3
4766,3
4767
4768
4769,3
4770,3
4771,3
4772,2
4773,6
4774,2
4775,5
4776,5
4777,4
4778
4779,3
4780,3
4781,3
4782,4
4783
4784,3
4785,3
4786,3
4787,4
4788
4789,3
4790,4
4791,3
4792,1
4793
4794,4
4795
4796,3
4797,3
4798,3
4799,4
4800,3
4801
4802,3
4803,3
4804,5
4805,5
4806,3
4807,6
4808,2
4809,5
4810,6
4811,3
4812,4
4813,3
4814,3
4815,3
4816,1
4817,3
4818,3
4819,1
4820,2
4821,3
4822,1
4823,2
4824
4825,3
4826
4827,1
4828,3
4829,3
4830,1
4831,3
4832,4
4833,5
4834,1
4835,2
4836,3
4837,4
4838,1
4839
4840
4841,1
4842,3
4843,3
4844,2
4845,4
4846,5
4847
4848,3
4849
4850,1
4851
4852,3
4853,3
4854
4855,3
4856,3
4857,3
4858,3
4859,3
4860,3
4861,5
4862,4
4863,1
4864,3
4865
4866,5
4867,2
4868
4869,3
4870
4871,3
4872,5
4873,3
4874,3
4875,5
4876,5
4877,2
4878,2
4879,1
4880,3
4881,1
4882
4883
4884,5
4885
4886
4887
4888
4889,3
4890,5
4891,3
4892,4
4893,3
4894,1
4895,1
4896,5
4897,3
4898
4899,2
4900,3
4901,3
4902,3
4903,3
4904,5
4905,3
4906,2
4907
4908,1
4909
4910,3
4911,2
4912,3
4913,3
4914,6
4915,3
4916,3
4917,3
4918,5
4919,3
4920,3
4921,1
4922
4923,3
4924,5
4925,2
4926,5
4927,2
4928,3
4929,2
4930
4931,3
4932,3
4933,3
4934
4935,3
4936,3
4937,5
4938,4
4939,3
4940,6
4941,3
4942,1
4943
4944,3
4945,3
4946,6
4947,3
4948,5
4949,5
4950,3
4951,2
4952,3
4953,2
4954,5
4955,2
4956,5
4957,6
4958,5
4959,5
4960
4961,1
4962,3
4963,3
4964,3
4965,3
4966,2
4967,1
4968,3
4969,3
4970
4971,3
4972,3
4973,2
4974,1
4975,3
4976,4
4977,2
4978
4979,5
4980,3
4981,4
4982,1
4983,1
4984,3
4985,3
4986,6
4987,3
4988
4989,2
4990,1
4991,3
4992,5
4993,6
4994,3
4995,5
4996,3
4997,3
4998,3
4999,3
5000,3
5001,3
5002,3
5003,3
5004,3
5005,5
5006,3
5007,3
5008,3
5009
5010,5
5011,3
5012,2
5013,2
5014,3
5015,3
5016
5017,2
5018
5019,5
5020,2
5021,3
5022,1
5023,3
5024,3
5025,1
5026,3
5027,2
5028,2
5029,4
5030
5031,6
5032,5
5033,3
5034,2
5035,3
5036,3
5037,1
5038
5039,1
5040,4
5041
5042,6
5043,1
5044
5045,3
5046,3
5047,5
5048,3
5049,6
5050,2
5051,5
5052,3
5053,5
5054,3
5055
5056,3
5057,3
5058
5059
5060
5061,5
5062,3
5063,1
5064,2
5065,3
5066,5
5067,3
5068,2
5069,3
5070,3
5071,3
5072,3
5073,3
5074,3
5075,3
5076,4
5077,5
5078,3
5079,2
5080,3
5081,3
5082
5083
5084,3
5085
5086,1
5087,5
5088,2
5089
5090,1
5091,3
5092
5093,3
5094
5095,3
5096,3
5097,3
5098
5099,3
5100,3
5101,1
5102,3
5103,1
5104
5105,3
5106,3
5107,1
5108,2
5109,5
5110,3
5111,5
5112,3
5113
5114,1
5115,1
5116,5
5117,2
5118,3
5119,2
5120,3
5121,1
5122,3
5123,3
5124,5
5125,4
5126,3
5127,2
5128,2
5129
5130,2
5131,5
5132
5133,5
5134,3
5135,3
5136,3
5137,3
5138
5139,5
5140,3
5141,3
5142,2
5143,1
5144,1
5145,5
5146,2
5147,5
5148,6
5149
5150,3
5151,3
5152
5153,3
5154,5
5155,3
5156,1
5157
5158,3
5159,4
5160
5161
5162,3
5163,3
5164,3
5165,4
5166,3
5167,3
5168,3
5169,3
5170,2
5171,3
5172,5
5173,3
5174,3
5175,3
5176,3
5177
5178
5179,4
5180,3
5181,3
5182,2
5183,5
5184,6
5185,4
5186,2
5187,1
5188,5
5189,6
5190,3
5191
5192
5193,5
5194,5
5195,1
5196,1
5197,3
5198,3
5199,3
5200
5201,3
5202,4
5203,2
5204,3
5205,3
5206,5
5207,3
5208
5209
5210
5211,3
5212
5213,3
5214,6
5215
5216,3
5217,2
5218,3
5219,3
5220,3
5221,3
5222,5
5223,5
5224
5225,1
5226,1
5227,2
5228,2
5229,2
5230,5
5231,3
5232,3
5233,3
5234,1
5235
5236,3
5237,2
5238,1
5239,3
5240,2
5241,2
5242,1
5243,2
5244,3
5245,3
5246,3
5247,3
5248,4
5249,1
5250,1
5251,3
5252
5253,1
5254,3
5255,5
5256,4
5257
5258,3
5259,1
5260,3
5261,3
5262,5
5263,3
5264,4
5265,3
5266
5267,3
5268,3
5269,3
5270,5
5271
5272,5
5273,4
5274,3
5275,6
5276,3
5277,1
5278
5279,1
5280,3
5281,1
5282,3
5283
5284,5
5285
5286
5287,2
5288,3
5289,3
5290
5291,2
5292,1
5293
5294
5295,2
5296,5
5297,3
5298,4
5299,3
5300,5
5301,3
5302,3
5303,3
5304,1
5305
5306,4
5307,3
5308,2
5309,1
5310,3
5311,3
5312
5313
5314,3
5315
5316,3
5317
5318,3
5319,3
5320,3
5321,3
5322,2
5323,6
5324,6
5325,3
5326,3
5327,3
5328,3
5329,3
5330,4
5331,5
5332,2
5333,5
5334,3
5335,3
5336
5337,6
5338,4
5339,2
5340,3
5341,5
5342,3
5343,3
5344,4
5345,4
5346,3
5347,5
5348,1
5349,3
5350,3
5351,3
5352,3
5353,3
5354,3
5355
5356
5357,3
5358,3
5359,4
5360,3
5361,2
5362,1
5363,3
5364,5
5365,3
5366,3
5367,2
5368,2
5369,3
5370,3
5371,5
5372
5373,3
5374,3
5375
5376,3
5377,3
5378
5379,5
5380
5381,2
5382,3
5383,2
5384,1
5385,3
5386,3
5387,5
5388,2
5389,2
5390,5
5391,3
5392,3
5393,5
5394,4
5395,3
5396,3
5397,3
5398,3
5399,3
5400,2
5401
5402,3
5403,4
5404
5405,4
5406,5
5407,3
5408
5409,3
5410,5
5411,3
5412,1
5413,3
5414,3
5415
5416,5
5417
5418,1
5419
5420,3
5421,1
5422
5423
5424
5425,3
5426,4
5427,3
5428,3
5429,3
5430,5
5431
5432,1
5433,3
5434,5
5435,3
5436,6
5437,3
5438,1
5439,3
5440,2
5441,5
5442,4
5443,3
5444
5445,3
5446,3
5447
5448
5449,3
5450
5451,3
5452
5453,3
5454,3
5455,3
5456,3
5457,3
5458,3
5459,2
5460,1
5461,4
5462,4
5463
5464,4
5465,2
5466,3
5467,3
5468,5
5469,3
5470,3
5471
5472
5473
5474,3
5475
5476,1
5477
5478,5
5479
5480,1
5481,5
5482,3
5483,3
5484
5485,3
5486,6
5487,3
5488
5489
5490,3
5491,3
5492
5493,4
5494,2
5495,3
5496
5497,3
5498,3
5499,3
5500,4
5501,3
5502,2
5503,3
5504,2
5505
5506
5507,3
5508,2
5509,4
5510,3
5511,3
5512,3
5513
5514,3
5515,2
5516,6
5517,3
5518,5
5519,2
5520,3
5521,5
5522,2
5523,2
5524,4
5525
5526
5527,3
5528,5
5529,5
5530,3
5531,2
5532,3
5533,3
5534,3
5535
5536,5
5537,2
5538,5
5539
5540,2
5541
5542,2
5543,1
5544,3
5545,1
5546,6
5547,3
5548,5
5549,3
5550
5551
5552
5553,3
5554,4
5555,3
5556,3
5557
5558,3
5559
5560,3
5561,6
5562,3
5563,3
5564,1
5565,5
5566,3
5567,5
5568,3
5569,3
5570
5571
5572,4
5573
5574
5575,3
5576,4
5577,1
5578,5
5579,4
5580,3
5581
5582,3
5583,3
5584,3
5585,2
5586,3
5587,3
5588,4
5589,3
5590,3
5591,2
5592,3
5593,3
5594,3
5595,3
5596,5
5597,1
5598,3
5599,5
5600,3
5601,3
5602,3
5603,2
5604,5
5605
5606,3
5607,5
5608
5609,6
5610,1
5611
5612,3
5613,2
5614,3
5615,4
5616,2
5617,3
5618,3
5619,1
5620,6
5621,3
5622,2
5623,3
5624,6
5625
5626
5627,2
5628,5
5629,5
5630,3
5631,3
5632,3
5633,5
5634,1
5635
5636,3
5637
5638,3
5639
5640,3
5641,3
5642,3
5643,4
5644,3
5645,1
5646
5647
5648
5649,3
5650,1
5651,3
5652
5653,3
5654,3
5655,4
5656
5657,3
5658,3
5659
5660,3
5661,3
5662,1
5663,2
5664,6
5665,4
5666,3
5667,3
5668,3
5669,3
5670,4
5671,3
5672
5673,3
5674,3
5675,3
5676
5677,5
5678,3
5679,1
5680
5681,3
5682,4
5683,3
5684,5
5685,3
5686,3
5687,6
5688,2
5689,3
5690,5
5691,3
5692,1
5693
5694
5695,6
5696,3
5697,3
5698,1
5699,3
5700,1
5701
5702
5703,3
5704
5705,3
5706,5
5707,2
5708
5709,3
5710,1
5711,4
5712,3
5713,3
5714,5
5715,4
5716,1
5717
5718,3
5719,1
5720,3
5721,1
5722,5
5723,1
5724,3
5725
5726,4
5727,3
5728,3
5729,2
5730
5731,4
5732,3
5733,3
5734
5735,3
5736,4
5737
5738,6
5739
5740,5
5741
5742,2
5743,1
5744
5745,5
5746,3
5747
5748,6
5749
5750,6
5751
5752
5753,5
5754,2
5755
5756
5757
5758,3
5759
5760,3
5761,6
5762
5763,5
5764,1
5765
5766,2
5767,3
5768,2
5769,3
5770,2
5771,3
5772,2
5773,2
5774
5775,1
5776,3
5777,3
5778,2
5779,3
5780,3
5781,3
5782,1
5783,2
5784
5785
5786,3
5787,2
5788,1
5789,5
5790
5791,3
5792,2
5793,2
5794,5
5795,3
5796,3
5797,2
5798,3
5799,3
5800,3
5801,4
5802,2
5803,3
5804,1
5805,6
5806,4
5807,3
5808,3
5809,4
5810,3
5811,2
5812
5813,3
5814,2
5815
5816,1
5817,3
5818,3
5819,2
5820,1
5821,3
5822,3
5823,4
5824
5825,3
5826,2
5827,3
5828,1
5829,5
5830,3
5831,3
5832,5
5833,3
5834,3
5835,3
5836,1
5837,1
5838,3
5839,5
5840,1
5841,3
5842,5
5843,2
5844,3
5845
5846,3
5847
5848,6
5849,3
5850,5
5851,5
5852,1
5853,3
5854,5
5855,3
5856,3
5857,1
5858,1
5859,3
5860,2
5861
5862,1
5863,3
5864,4
5865,3
5866,3
5867
5868
5869,3
5870,3
5871,1
5872,1
5873,3
5874,2
5875,3
5876,2
5877,5
5878,3
5879,1
5880,3
5881
5882,5
5883,3
5884,2
5885,3
5886,4
5887,4
5888,2
5889,1
5890
5891,3
5892,4
5893,2
5894,4
5895,1
5896,2
5897,3
5898,1
5899,2
5900,3
5901
5902,3
5903,3
5904,3
5905,3
5906,3
5907,2
5908,6
5909,3
5910,2
5911,5
5912,3
5913,3
5914
5915,2
5916,5
5917
5918
5919,3
5920,5
5921,5
5922,6
5923,5
5924,2
5925,3
5926,3
5927,3
5928,3
5929,5
5930,1
5931,1
5932,3
5933,3
5934,1
5935,3
5936,5
5937
5938,3
5939,3
5940,3
5941,3
5942,2
5943,3
5944,3
5945
5946,2
5947,4
5948,5
5949,5
5950,3
5951,3
5952,2
5953,3
5954,2
5955,3
5956,1
5957,5
5958,3
5959,5
5960,5
5961,1
5962,3
5963,3
5964,3
5965,1
5966,2
5967
5968,4
5969,3
5970,4
5971
5972,3
5973,4
5974,3
5975,3
5976
5977,5
5978,3
5979,5
5980,5
5981,3
5982,3
5983,3
5984
5985,3
5986,3
5987
5988,2
5989,1
5990,5
5991,3
5992,3
5993,3
5994,3
5995,3
5996,1
5997,4
5998,3
5999,2
6000
6001,6
6002,3
6003
6004,4
6005,2
6006,4
6007
6008,2
6009,3
6010,3
6011,1
6012,4
6013,3
6014,3
6015,3
6016,3
6017,5
6018,2
6019,3
6020
6021
6022,3
6023,3
6024,4
6025
6026
6027,5
6028,3
6029,6
6030,5
6031,3
6032,3
6033,4
6034,3
6035,2
6036,1
6037,3
6038,5
6039,3
6040,3
6041,1
6042,3
6043,5
6044,3
6045,3
6046,5
6047,2
6048,5
6049
6050
6051
6052,3
6053,1
6054
6055,3
6056,4
6057,3
6058,3
6059,3
6060,3
6061,3
6062,5
6063,3
6064,3
6065,4
6066,1
6067,1
6068,5
6069,3
6070,4
6071,4
6072,1
6073,5
6074,3
6075,3
6076,5
6077
6078,2
6079,3
6080,1
6081
6082
6083,4
6084,3
6085,3
6086,3
6087,5
6088,3
6089,2
6090,2
6091
6092,2
6093,3
6094,3
6095
6096
6097,3
6098,3
6099,3
6100
6101,3
6102,3
6103,2
6104,1
6105
6106,3
6107
6108,2
6109,3
6110,3
6111,5
6112,3
6113,1
6114
6115,3
6116,3
6117,3
6118,3
6119,1
6120,5
6121,3
6122
6123,6
6124,3
6125
6126,1
6127
6128
6129,2
6130,1
6131,3
6132,3
6133,2
6134,3
6135,1
6136,5
6137,3
6138
6139,4
6140,6
6141,3
6142,3
6143,2
6144,4
6145,2
6146
6147,3
6148
6149
6150
6151,3
6152,1
6153,3
6154
6155
6156,3
6157,2
6158
6159,3
6160,3
6161,3
6162
6163,3
6164,5
6165,2
6166,3
6167
6168,4
6169,3
6170,5
6171,3
6172,3
6173
6174,3
6175,4
6176
6177,1
6178
6179
6180,5
6181,3
6182,1
6183,2
6184,4
6185,3
6186,2
6187,3
6188,4
6189,3
6190,3
6191,1
6192,3
6193,3
6194
6195,5
6196,2
6197,5
6198,1
6199,3
6200,5
6201,2
6202,3
6203,1
6204,5
6205,3
6206,2
6207,1
6208
6209,3
6210,3
6211,6
6212
6213
6214
6215,4
6216,2
6217,2
6218,4
6219,3
6220,3
6221,3
6222,2
6223,3
6224,1
6225
6226,3
6227,2
6228,3
6229,3
6230,2
6231
6232,1
6233,2
6234,3
6235
6236,4
6237,3
6238,3
6239,4
6240,3
6241,3
6242,3
6243,3
6244,4
6245,2
6246,6
6247,6
6248,3
6249
6250,2
6251,3
6252,5
6253,3
6254,4
6255,3
6256
6257,1
6258
6259,4
6260,3
6261,2
6262,3
6263,5
6264
6265,2
6266,1
6267,3
6268,3
6269
6270,3
6271,3
6272,3
6273,1
6274
6275,2
6276,3
6277,3
6278
6279,3
6280
6281,3
6282,3
6283,3
6284
6285,3
6286,3
6287,3
6288,2
6289,3
6290,1
6291,3
6292,2
6293,3
6294,3
6295,2
6296,5
6297,3
6298,3
6299,2
6300,5
6301,3
6302,3
6303,6
6304
6305,2
6306,6
6307
6308
6309,3
6310,3
6311,3
6312,3
6313,3
6314,2
6315,3
6316
6317,4
6318,3
6319
6320,3
6321,3
6322
6323,1
6324,3
6325,3
6326
6327,6
6328
6329,2
6330,5
6331,1
6332
6333,2
6334
6335,3
6336,3
6337,3
6338,5
6339,1
6340,5
6341,4
6342,3
6343,2
6344
6345,6
6346,3
6347,3
6348,3
6349,5
6350
6351,3
6352,3
6353
6354,3
6355,2
6356
6357,1
6358,3
6359
6360
6361,3
6362,3
6363,3
6364,2
6365,3
6366,3
6367,4
6368,4
6369,3
6370
6371,1
6372
6373,2
6374,3
6375,2
6376,3
6377
6378,3
6379,3
6380,3
6381,3
6382,3
6383,3
6384,3
6385
6386,3
6387,4
6388,3
6389,3
6390,3
6391
6392,3
6393
6394,3
6395,3
6396,3
6397,1
6398,3
6399,2
6400,2
6401
6402,6
6403,3
6404,3
6405,3
6406,3
6407
6408,6
6409,3
6410,6
6411,1
6412,3
6413
6414,3
6415,5
6416
6417,4
6418
6419,3
6420
6421,1
6422,5
6423,3
6424
6425,3
6426,3
6427
6428,3
6429,3
6430,1
6431
6432,5
6433,3
6434,5
6435,2
6436
6437
6438,3
6439,2
6440,2
6441,5
6442,2
6443,3
6444,4
6445,1
6446,2
6447,1
6448,3
6449,3
6450,3
6451,2
6452,2
6453,5
6454,2
6455,1
6456,2
6457,5
6458,2
6459,3
6460
6461,3
6462,3
6463,3
6464,3
6465
6466
6467,3
6468,4
6469,5
6470,6
6471,6
6472
6473,2
6474,3
6475,4
6476
6477
6478,3
6479,3
6480,5
6481,5
6482,2
6483,3
6484,3
6485,3
6486,3
6487,6
6488,3
6489,2
6490,4
6491
6492
6493,3
6494
6495
6496,3
6497
6498,4
6499,2
6500,2
6501,4
6502,4
6503,3
6504,2
6505
6506,3
6507,3
6508,4
6509,1
6510,3
6511,3
6512,5
6513,4
6514,3
6515,1
6516,3
6517,3
6518,3
6519,5
6520,3
6521,3
6522,5
6523
6524,3
6525,3
6526,1
6527,3
6528,2
6529,3
6530,2
6531,4
6532,3
6533,3
6534,2
6535,3
6536,2
6537,2
6538,3
6539,5
6540,3
6541,2
6542,2
6543,5
6544
6545,3
6546,6
6547
6548
6549,3
6550,3
6551,3
6552,1
6553,1
6554
6555
6556,2
6557
6558,5
6559
6560,3
6561,1
6562,3
6563
6564,3
6565,3
6566
6567,3
6568
6569,1
6570,2
6571,5
6572,2
6573,1
6574,3
6575,3
6576
6577,2
6578,3
6579,6
6580,4
6581,1
6582
6583,1
6584,3
6585
6586,1
6587
6588,1
6589
6590,3
6591,2
6592,2
6593,2
6594,3
6595,3
6596,3
6597,3
6598,3
6599,3
6600,3
6601,4
6602
6603
6604,2
6605,5
6606
6607,3
6608,3
6609,3
6610,5
6611,3
6612,3
6613,1
6614,3
6615,6
6616,4
6617
6618,3
6619,4
6620
6621,3
6622,3
6623,3
6624,2
6625
6626,2
6627,2
6628,3
6629,3
6630,5
6631,2
6632,2
6633
6634,1
6635,3
6636,3
6637,3
6638,3
6639,3
6640,3
6641,3
6642,5
6643,2
6644,2
6645,3
6646
6647,5
6648,1
6649,3
6650,3
6651,4
6652,2
6653,2
6654,5
6655,3
6656,3
6657,2
6658,5
6659,2
6660,6
6661
6662,3
6663,3
6664,3
6665,5
6666,3
6667,4
6668,3
6669,4
6670,3
6671,3
6672,3
6673
6674,4
6675,3
6676,3
6677,3
6678,3
6679,3
6680,3
6681,2
6682,3
6683
6684,3
6685,3
6686,2
6687,3
6688,5
6689,3
6690
6691,3
6692,5
6693,3
6694,3
6695,3
6696,1
6697
6698,3
6699
6700,1
6701,3
6702,3
6703,3
6704,3
6705,3
6706,5
6707,4
6708,1
6709,1
6710
6711
6712,3
6713
6714,3
6715
6716,1
6717,3
6718,3
6719,2
6720,3
6721,3
6722,4
6723,3
6724,4
6725,5
6726,3
6727,5
6728,3
6729
6730,1
6731
6732,6
6733,3
6734,3
6735,4
6736,1
6737,3
6738
6739
6740,3
6741,3
6742
6743
6744
6745,4
6746,3
6747
6748,3
6749,3
6750,1
6751,2
6752,3
6753,3
6754,4
6755,3
6756,3
6757,3
6758,3
6759,5
6760,4
6761,3
6762
6763,5
6764
6765,5
6766
6767,3
6768,3
6769
6770
6771,2
6772
6773,3
6774,3
6775,2
6776,3
6777,2
6778,5
6779,4
6780,3
6781,3
6782,3
6783,6
6784,3
6785,1
6786,3
6787,3
6788,4
6789,5
6790
6791,3
6792,1
6793
6794,1
6795,3
6796,5
6797,1
6798,3
6799,3
6800,1
6801,3
6802,4
6803,3
6804,2
6805,3
6806
6807,3
6808,3
6809
6810
6811,3
6812,6
6813,3
6814,4
6815
6816,6
6817,3
6818,3
6819
6820,3
6821,2
6822,3
6823,1
6824,3
6825,3
6826,3
6827,3
6828,2
6829,3
6830,3
6831
6832,3
6833,5
6834,3
6835
6836,4
6837,1
6838,3
6839,5
6840,3
6841,2
6842,3
6843,3
6844,3
6845,2
6846,3
6847,3
6848,5
6849,3
6850
6851,4
6852,3
6853,1
6854,1
6855,1
6856,5
6857,5
6858,3
6859
6860,1
6861,4
6862
6863,3
6864,3
6865
6866,3
6867,3
6868,3
6869,3
6870,3
6871,6
6872,3
6873,1
6874,3
6875,3
6876,3
6877,3
6878,3
6879,2
6880,3
6881,3
6882,3
6883,6
6884,5
6885,3
6886,3
6887
6888,3
6889
6890
6891
6892,4
6893
6894,5
6895,3
6896,6
6897,3
6898,3
6899,1
6900,2
6901,2
6902,1
6903,4
6904,4
6905
6906
6907,2
6908,1
6909,5
6910,3
6911,3
6912
6913,3
6914,3
6915,3
6916,1
6917,5
6918,2
6919,1
6920,2
6921,2
6922,3
6923
6924,4
6925,3
6926
6927,3
6928
6929,3
6930,3
6931,3
6932
6933
6934,3
6935
6936
6937,1
6938
6939,1
6940,6
6941,2
6942,3
6943
6944,3
6945,3
6946,4
6947
6948,2
6949,3
6950,4
6951
6952,4
6953,3
6954
6955,3
6956,5
6957,1
6958,1
6959,3
6960
6961,4
6962
6963,4
6964,3
6965,3
6966,2
6967
6968,3
6969,6
6970,1
6971,4
6972,2
6973
6974,2
6975,1
6976
6977,2
6978
6979,1
6980,3
6981,6
6982
6983,3
6984,4
6985,3
6986,1
6987
6988,1
6989,3
6990,4
6991,3
6992
6993,2
6994,3
6995,5
6996,5
6997,4
6998,3
6999,5
7000,5
7001,5
7002,5
7003,2
7004,3
7005,3
7006,3
7007,3
7008,3
7009,3
7010,5
7011,3
7012,5
7013
7014,3
7015,3
7016,1
7017,3
7018,3
7019
7020,3
7021
7022,4
7023
7024,3
7025,3
7026,3
7027
7028
7029,4
7030,5
7031,4
7032,4
7033,3
7034,2
7035,2
7036,3
7037,3
7038,3
7039,5
7040,4
7041
7042,4
7043,1
7044,2
7045,6
7046,3
7047,1
7048,3
7049,4
7050,3
7051,3
7052,3
7053,1
7054,6
7055
7056
7057,6
7058,3
7059,3
7060,4
7061,3
7062,3
7063,2
7064
7065,3
7066,1
7067,3
7068
7069,3
7070,1
7071,4
7072,2
7073,5
7074,1
7075,2
7076,4
7077
7078,3
7079,2
7080,1
7081,3
7082,3
7083,3
7084
7085,5
7086,1
7087
7088
7089,3
7090,3
7091,2
7092
7093,4
7094,2
7095,3
7096,5
7097
7098,3
7099,3
7100,3
7101,1
7102
7103,3
7104,3
7105,5
7106,3
7107,3
7108,3
7109
7110,3
7111,1
7112,3
7113
7114
7115,3
7116,5
7117,5
7118,4
7119,3
7120,6
7121
7122,3
7123,3
7124
7125,3
7126,3
7127,5
7128,2
7129,1
7130,5
7131,3
7132,4
7133,3
7134,4
7135,3
7136,2
7137,3
7138,3
7139,1
7140,1
7141
7142,5
7143,3
7144,3
7145,1
7146,3
7147
7148
7149
7150,3
7151,5
7152,5
7153,3
7154,3
7155,3
7156,1
7157,3
7158,3
7159
7160,3
7161,1
7162,3
7163
7164,1
7165,2
7166,6
7167,1
7168,5
7169,2
7170,2
7171,1
7172
7173,1
7174,1
7175,6
7176,4
7177
7178,3
7179,6
7180,3
7181,3
7182,2
7183,5
7184,5
7185,1
7186
7187
7188,1
7189,2
7190
7191,2
7192,1
7193,3
7194,5
7195,3
7196,3
7197,3
7198,3
7199,3
7200,3
7201,3
7202
7203,3
7204
7205,4
7206,2
7207,1
7208,3
7209,3
7210,3
7211
7212,4
7213,5
7214,3
7215,3
7216,3
7217
7218,5
7219,3
7220,3
7221,5
7222,3
7223,3
7224,6
7225,2
7226,3
7227,3
7228
7229,3
7230,3
7231,3
7232,3
7233
7234,3
7235,3
7236,1
7237,4
7238,3
7239,3
7240,3
7241,6
7242,3
7243,1
7244,3
7245,2
7246
7247,1
7248,3
7249,5
7250,2
7251,3
7252,6
7253,3
7254,1
7255,6
7256,4
7257,4
7258,3
7259,3
7260,3
7261,3
7262
7263
7264
7265
7266
7267,4
7268,3
7269,2
7270
7271,1
7272
7273,3
7274,3
7275,3
7276,2
7277
7278
7279,3
7280,3
7281,5
7282,5
7283,2
7284,3
7285,3
7286,3
7287,3
7288,5
7289,3
7290,4
7291,4
7292,5
7293,1
7294,5
7295,3
7296,3
7297,3
7298,3
7299,1
7300,1
7301,3
7302
7303,5
7304,3
7305,3
7306,3
7307,2
7308
7309,3
7310
7311
7312,3
7313,5
7314
7315,3
7316
7317,2
7318,1
7319,2
7320,2
7321,3
7322,3
7323
7324,6
7325
7326,6
7327
7328,6
7329,4
7330
7331,1
7332,3
7333,3
7334,3
7335
7336
7337,5
7338
7339,3
7340
7341,3
7342,3
7343,5
7344,2
7345,3
7346,3
7347,2
7348,3
7349,3
7350,3
7351,5
7352,3
7353,2
7354,5
7355,3
7356,3
7357,3
7358,4
7359,1
7360,4
7361
7362,1
7363,4
7364,1
7365,3
7366,3
7367,5
7368,1
7369,4
7370,3
7371,3
7372,2
7373,1
7374
7375,2
7376,3
7377,3
7378,5
7379,2
7380,2
7381,3
7382,1
7383,3
7384
7385,4
7386,3
7387,2
7388
7389,4
7390,5
7391,3
7392,3
7393,5
7394,1
7395,3
7396
7397,3
7398,5
7399,5
7400,1
7401,3
7402,3
7403,3
7404,3
7405,2
7406,2
7407,3
7408,5
7409,2
7410,3
7411,1
7412,4
7413
7414,1
7415,3
7416,5
7417,4
7418,5
7419,3
7420,3
7421,2
7422,1
7423,3
7424,3
7425,3
7426,5
7427,5
7428
7429
7430,1
7431,5
7432
7433
7434,1
7435,4
7436,2
7437,1
7438,6
7439,1
7440,3
7441,3
7442
7443
7444
7445,3
7446,3
7447
7448,3
7449,3
7450
7451,4
7452,3
7453
7454,1
7455,3
7456,3
7457,3
7458,2
7459,3
7460,5
7461,6
7462,3
7463,3
7464,1
7465,4
7466,3
7467,1
7468,3
7469,3
7470,3
7471,3
7472,2
7473,2
7474,3
7475,3
7476,1
7477
7478
7479
7480
7481,5
7482,3
7483
7484
7485
7486,3
7487,2
7488
7489,5
7490
7491,3
7492,4
7493,3
7494,5
7495,5
7496,2
7497,3
7498,2
7499,2
7500,2
7501,5
7502,4
7503,2
7504,5
7505,2
7506,5
7507,3
7508,1
7509,4
7510,2
7511,3
7512,4
7513,3
7514,1
7515,3
7516,3
7517,6
7518,3
7519,3
7520
7521,6
7522,5
7523,3
7524,5
7525,5
7526
7527,5
7528,3
7529,3
7530
7531,2
7532,5
7533,5
7534
7535,3
7536
7537,1
7538
7539,3
7540
7541,3
7542,2
7543,4
7544,3
7545,4
7546,3
7547,3
7548,3
7549,1
7550,3
7551,3
7552,2
7553,2
7554,5
7555,2
7556,1
7557,6
7558,4
7559,3
7560,3
7561
7562,1
7563,6
7564,4
7565
7566,3
7567
7568
7569,3
7570
7571,3
7572,3
7573,6
7574,3
7575,5
7576,3
7577,3
7578,3
7579,3
7580,3
7581,6
7582
7583,4
7584,3
7585,3
7586,3
7587,1
7588,3
7589,3
7590,3
7591,3
7592,5
7593,3
7594,3
7595,1
7596,4
7597,3
7598,4
7599,6
7600,5
7601,1
7602,4
7603,6
7604,3
7605,4
7606,3
7607,1
7608
7609
7610
7611,2
7612,3
7613,3
7614,1
7615,3
7616
7617,5
7618,5
7619,3
7620,1
7621,3
7622,3
7623
7624
7625,2
7626,3
7627,3
7628,3
7629
7630
7631,6
7632,2
7633,2
7634
7635,4
7636,2
7637
7638,3
7639,5
7640,2
7641,3
7642,3
7643,6
7644
7645,3
7646,3
7647,1
7648,1
7649,3
7650,5
7651,3
7652,5
7653,4
7654,4
7655,3
7656,4
7657,3
7658,3
7659,3
7660,3
7661,3
7662,2
7663,5
7664,3
7665,3
7666,3
7667,3
7668,3
7669
7670,3
7671,3
7672,5
7673,4
7674
7675,3
7676,3
7677,3
7678
7679,3
7680,2
7681,1
7682,2
7683,1
7684,5
7685,4
7686,4
7687,3
7688,5
7689,3
7690,5
7691,2
7692,2
7693,3
7694,3
7695,3
7696,4
7697,2
7698,3
7699,2
7700,3
7701,5
7702,1
7703
7704,1
7705,1
7706,1
7707,3
7708,5
7709,3
7710,3
7711,5
7712
7713,3
7714,3
7715,3
7716,3
7717
7718
7719,5
7720,1
7721,3
7722,2
7723,3
7724,3
7725,5
7726,3
7727,3
7728,3
7729,1
7730,3
7731,2
7732
7733,3
7734,1
7735,2
7736,2
7737,5
7738,1
7739,3
7740,3
7741,3
7742,3
7743,5
7744,3
7745,3
7746,3
7747,5
7748,3
7749,1
7750,2
7751,3
7752,2
7753,3
7754,2
7755,3
7756,3
7757,2
7758,3
7759
7760,5
7761
7762,3
7763
7764,5
7765
7766
7767,3
7768
7769,3
7770,2
7771,1
7772
7773,3
7774,3
7775,1
7776,5
7777
7778,6
7779,3
7780,1
7781,3
7782,1
7783,2
7784,4
7785,3
7786,4
7787,1
7788,3
7789,4
7790,3
7791
7792,3
7793,3
7794,2
7795,2
7796
7797,5
7798,3
7799
7800,3
7801,1
7802,3
7803,2
7804
7805,6
7806,6
7807,4
7808,3
7809,6
7810,3
7811,1
7812,3
7813
7814,2
7815,5
7816,3
7817
7818
7819,3
7820,4
7821,2
7822,3
7823,5
7824,2
7825,3
7826,5
7827,1
7828,5
7829,3
7830,3
7831,4
7832,2
7833,3
7834
7835,3
7836
7837,5
7838,3
7839,3
7840,3
7841
7842,3
7843
7844,1
7845,3
7846
7847
7848,3
7849,1
7850,3
7851,4
7852,3
7853,4
7854
7855,4
7856,3
7857,3
7858,5
7859,3
7860
7861,3
7862,3
7863,3
7864,3
7865,3
7866,3
7867,3
7868,3
7869,5
7870,1
7871,3
7872
7873,3
7874,1
7875,2
7876,3
7877,2
7878
7879,1
7880,3
7881,3
7882
7883,3
7884,3
7885
7886
7887,3
7888,1
7889,2
7890,3
7891,2
7892,4
7893
7894,2
7895
7896,3
7897,4
7898,5
7899
7900,2
7901,4
7902
7903
7904
7905,1
7906,1
7907,5
7908,3
7909,6
7910
7911,5
7912,1
7913,3
7914,2
7915,3
7916,1
7917,3
7918,3
7919,3
7920
7921,3
7922,1
7923,3
7924,2
7925,2
7926,1
7927,3
7928,3
7929,3
7930,5
7931,2
7932,4
7933,4
7934,3
7935
7936,3
7937,5
7938,5
7939,2
7940
7941,3
7942,1
7943
7944,3
7945,3
7946,5
7947,3
7948,3
7949,3
7950,4
7951,3
7952,2
7953,2
7954,1
7955,3
7956,3
7957
7958,3
7959,5
7960
7961,1
7962,2
7963,5
7964,5
7965,3
7966,1
7967,3
7968,3
7969
7970,5
7971
7972,5
7973,3
7974,5
7975,3
7976,3
7977,3
7978
7979,2
7980,1
7981,5
7982,3
7983,4
7984
7985,5
7986,1
7987,3
7988
7989
7990,2
7991
7992,3
7993
7994
7995,2
7996,5
7997,3
7998,5
7999,1
8000,3
8001,5
8002,3
8003,5
8004,3
8005,3
8006
8007,5
8008,3
8009
8010,5
8011,2
8012,3
8013
8014,5
8015,1
8016
8017,2
8018
8019,5
8020,5
8021
8022,5
8023,2
8024
8025,5
8026,5
8027,3
8028,2
8029
8030,5
8031,2
8032,3
8033,3
8034,1
8035,3
8036,3
8037,1
8038,3
8039,5
8040
8041
8042,3
8043,1
8044,3
8045,2
8046,5
8047,6
8048,5
8049,1
8050,3
8051,5
8052,2
8053,3
8054,1
8055,3
8056
8057,1
8058
8059,2
8060
8061,1
8062,3
8063,3
8064
8065
8066,4
8067,2
8068,1
8069,3
8070
8071,2
8072,2
8073,3
8074,3
8075,1
8076,4
8077,5
8078,1
8079,2
8080,3
8081
8082,3
8083,3
8084,3
8085
8086,3
8087,3
8088,3
8089,3
8090,6
8091
8092
8093,4
8094,5
8095,3
8096,3
8097,3
8098,4
8099,3
8100,6
8101,3
8102,3
8103
8104,3
8105
8106,4
8107,3
8108,3
8109,4
8110
8111,3
8112,3
8113
8114,3
8115,3
8116,5
8117,3
8118,5
8119,3
8120,3
8121
8122,3
8123,6
8124,3
8125,3
8126
8127,3
8128,3
8129,3
8130,3
8131,4
8132,2
8133,3
8134
8135,5
8136,3
8137,3
8138,3
8139,5
8140,2
8141,3
8142,3
8143,3
8144,4
8145,3
8146,3
8147,2
8148,5
8149,3
8150,3
8151
8152,5
8153,4
8154,3
8155,3
8156,3
8157,2
8158,1
8159,1
8160,3
8161,3
8162
8163,3
8164,3
8165
8166,1
8167,3
8168,3
8169
8170,1
8171,2
8172,6
8173,2
8174,3
8175,3
8176,3
8177,5
8178,2
8179,4
8180,5
8181,3
8182,3
8183,1
8184,3
8185,2
8186,4
8187,4
8188,1
8189,3
8190,3
8191,5
8192,4
8193,1
8194,2
8195,3
8196,3
8197,5
8198,3
8199,2
8200,2
8201
8202,3
8203
8204,4
8205,1
8206
8207,3
8208,2
8209,6
8210,3
8211
8212
8213,2
8214,2
8215
8216,3
8217
8218,3
8219,3
8220
8221
8222,3
8223,3
8224,4
8225,6
8226,3
8227
8228,3
8229,3
8230,3
8231,3
8232
8233,3
8234,3
8235
8236,5
8237,3
8238,2
8239,3
8240,1
8241,2
8242,1
8243,2
8244,3
8245,5
8246,3
8247,1
8248,3
8249,3
8250,3
8251
8252,5
8253,3
8254
8255,3
8256,2
8257,3
8258,5
8259,5
8260,3
8261
8262,2
8263
8264,3
8265,3
8266,2
8267,5
8268,5
8269,3
8270,2
8271
8272,3
8273,6
8274,3
8275,5
8276
8277,5
8278,6
8279,3
8280,3
8281
8282,3
8283,1
8284,3
8285
8286,5
8287,3
8288,2
8289,4
8290
8291,2
8292,1
8293
8294,1
8295,5
8296,2
8297,1
8298,3
8299
8300
8301,3
8302,3
8303
8304,3
8305,3
8306,3
8307
8308,3
8309,3
8310,4
8311,3
8312,2
8313,3
8314
8315,1
8316,6
8317,5
8318,6
8319,3
8320,6
8321,5
8322,3
8323
8324
8325,1
8326,2
8327,4
8328
8329,3
8330,3
8331,3
8332,3
8333,3
8334,3
8335,3
8336
8337,3
8338,3
8339,3
8340,3
8341
8342,5
8343,3
8344
8345,4
8346,4
8347,5
8348,3
8349,3
8350,1
8351,2
8352,3
8353,5
8354,1
8355,3
8356,4
8357,3
8358,1
8359,2
8360,2
8361,2
8362,3
8363,3
8364,3
8365,3
8366,2
8367,3
8368,3
8369,3
8370,5
8371,3
8372,3
8373,5
8374,5
8375,5
8376,2
8377,1
8378,2
8379,3
8380,3
8381,3
8382
8383,6
8384,1
8385
8386,3
8387,5
8388
8389
8390,3
8391,3
8392,3
8393,5
8394,6
8395,3
8396,6
8397,3
8398,1
8399,3
8400,3
8401,3
8402,2
8403,3
8404,2
8405,3
8406,5
8407
8408,2
8409
8410,3
8411,3
8412,3
8413,1
8414
8415
8416,5
8417
8418,6
8419,2
8420,2
8421,3
8422,2
8423,3
8424
8425,3
8426,4
8427
8428,3
8429
8430,3
8431,3
8432,2
8433,6
8434,5
8435,3
8436,3
8437,1
8438,3
8439,4
8440,3
8441,1
8442,3
8443,3
8444,3
8445,3
8446,4
8447,5
8448,1
8449,3
8450,1
8451
8452
8453,2
8454,3
8455,2
8456,6
8457
8458
8459,5
8460,1
8461
8462,2
8463,3
8464,1
8465
8466,3
8467
8468,1
8469,3
8470,3
8471,5
8472,5
8473,3
8474
8475,3
8476,4
8477,2
8478,1
8479
8480
8481,5
8482,3
8483,3
8484,3
8485
8486
8487,3
8488
8489,4
8490
8491
8492,2
8493,3
8494,3
8495,3
8496,3
8497,1
8498,2
8499,1
8500,4
8501,3
8502
8503,2
8504,1
8505,3
8506,3
8507,1
8508,3
8509
8510,2
8511,6
8512,5
8513,5
8514,3
8515,3
8516,3
8517,3
8518,3
8519,6
8520,3
8521,3
8522
8523,1
8524
8525,2
8526,5
8527,3
8528,2
8529,2
8530,2
8531,4
8532
8533,3
8534,1
8535,3
8536,3
8537,3
8538,5
8539,3
8540,3
8541
8542,3
8543,3
8544
8545,3
8546,3
8547,3
8548,3
8549,2
8550,6
8551
8552,3
8553,3
8554,2
8555,3
8556
8557,3
8558,1
8559,3
8560,3
8561,3
8562,1
8563
8564,3
8565,3
8566,3
8567,3
8568,5
8569,3
8570
8571,3
8572
8573,2
8574,3
8575,3
8576,3
8577,3
8578,3
8579
8580,2
8581,3
8582,1
8583,1
8584,1
8585,3
8586,5
8587,4
8588,3
8589,5
8590
8591
8592,4
8593,3
8594,3
8595,1
8596
8597
8598
8599,1
8600,3
8601
8602,3
8603,3
8604,2
8605
8606,2
8607
8608,3
8609
8610,3
8611
8612,3
8613,3
8614,3
8615,3
8616
8617
8618,5
8619
8620,1
8621,1
8622,3
8623,5
8624,3
8625,4
8626
8627,3
8628,3
8629,3
8630,1
8631
8632,6
8633,1
8634,5
8635,5
8636,3
8637,3
8638,3
8639,2
8640,3
8641,3
8642,3
8643
8644,2
8645,3
8646,5
8647,6
8648,4
8649,3
8650
8651,3
8652
8653
8654,3
8655,2
8656,4
8657,3
8658,5
8659
8660,3
8661,3
8662
8663,3
8664,2
8665,3
8666,2
8667,2
8668,3
8669,3
8670,2
8671,2
8672,3
8673,3
8674,3
8675,3
8676,6
8677,1
8678,3
8679,1
8680
8681,3
8682
8683,3
8684,5
8685,3
8686,1
8687
8688,3
8689,3
8690,5
8691,3
8692,3
8693,2
8694,3
8695,1
8696,2
8697,3
8698
8699,3
8700,3
8701,4
8702
8703,2
8704
8705,5
8706,3
8707,4
8708,3
8709
8710,3
8711,4
8712,3
8713,5
8714,1
8715,3
8716,2
8717,3
8718,4
8719,3
8720,3
8721,3
8722,3
8723,3
8724,3
8725
8726,2
8727,1
8728,5
8729,5
8730,5
8731,3
8732,3
8733,3
8734,3
8735,5
8736
8737
8738
8739,2
8740,5
8741,3
8742,3
8743
8744,4
8745,3
8746,3
8747,2
8748,5
8749
8750
8751
8752,1
8753,3
8754,3
8755,3
8756,6
8757,3
8758,3
8759,3
8760,3
8761
8762,5
8763,2
8764,5
8765,3
8766,1
8767,2
8768,5
8769,3
8770,3
8771,3
8772,5
8773,3
8774,3
8775,1
8776,3
8777,2
8778,3
8779,3
8780,3
8781,1
8782,3
8783,4
8784,3
8785,5
8786,2
8787
8788,3
8789,5
8790,3
8791,4
8792,2
8793
8794,1
8795,3
8796,3
8797,3
8798,2
8799,4
8800
8801
8802,3
8803,3
8804,4
8805,3
8806
8807,3
8808
8809
8810,3
8811,1
8812,3
8813,4
8814,4
8815,4
8816
8817,3
8818,3
8819
8820,2
8821,5
8822,3
8823,4
8824,3
8825,6
8826,3
8827,4
8828,4
8829,3
8830,5
8831,3
8832
8833,5
8834,3
8835,3
8836,5
8837,1
8838
8839,2
8840,3
8841,1
8842,3
8843
8844,3
8845,2
8846,3
8847,3
8848
8849
8850,3
8851,4
8852,3
8853,3
8854,3
8855,5
8856,3
8857,6
8858
8859,2
8860,2
8861,3
8862,3
8863,1
8864,1
8865,3
8866,3
8867,1
8868
8869,3
8870,2
8871,4
8872
8873
8874,3
8875,6
8876,3
8877,3
8878,3
8879,4
8880,6
8881,3
8882,1
8883
8884
8885,3
8886,3
8887,3
8888,2
8889,4
8890
8891
8892,2
8893
8894,1
8895,3
8896,1
8897,3
8898,2
8899,3
8900,3
8901,3
8902,3
8903,3
8904,3
8905,2
8906,4
8907,3
8908
8909,2
8910,3
8911,3
8912
8913,2
8914,3
8915
8916
8917,3
8918,3
8919,2
8920,4
8921
8922,3
8923,3
8924,4
8925,5
8926
8927,4
8928,3
8929,6
8930
8931,3
8932
8933,1
8934,1
8935,6
8936,3
8937
8938
8939,3
8940,5
8941,3
8942,3
8943,3
8944,3
8945,2
8946,1
8947,2
8948,3
8949,3
8950,3
8951
8952,2
8953,3
8954,3
8955,5
8956,1
8957,3
8958,2
8959
8960,3
8961,1
8962,3
8963,4
8964,3
8965,3
8966,4
8967,3
8968,3
8969,3
8970,5
8971
8972,5
8973,5
8974,2
8975,3
8976,4
8977,1
8978
8979,3
8980,3
8981
8982,3
8983
8984,2
8985,3
8986,3
8987,2
8988
8989,3
8990,3
8991,4
8992,3
8993,1
8994,5
8995,4
8996,5
8997
8998,3
8999,3
9000,2
9001,3
9002,3
9003,2
9004,3
9005,2
9006,2
9007,2
9008,5
9009,3
9010,3
9011
9012,3
9013,2
9014,3
9015,2
9016,1
9017
9018,4
9019,1
9020,3
9021,3
9022,3
9023,1
9024,5
9025,3
9026,3
9027,6
9028,3
9029,3
9030,5
9031,3
9032,3
9033,5
9034,3
9035,2
9036,1
9037
9038,3
9039,3
9040,3
9041,3
9042,3
9043,3
9044,3
9045,4
9046,3
9047,1
9048,1
9049,3
9050,1
9051,2
9052,3
9053,3
9054,3
9055,4
9056,3
9057
9058,3
9059,1
9060,1
9061,5
9062,3
9063,3
9064,3
9065,3
9066,3
9067,3
9068,3
9069,1
9070,5
9071,6
9072,5
9073,3
9074,1
9075,3
9076,6
9077,3
9078,1
9079,3
9080,3
9081,2
9082,3
9083
9084,4
9085,3
9086,3
9087,3
9088
9089,4
9090
9091,3
9092,3
9093,2
9094
9095,3
9096,3
9097,3
9098,3
9099,3
9100,5
9101,2
9102,2
9103,6
9104,3
9105
9106
9107,4
9108
9109,5
9110,1
9111,4
9112,3
9113,3
9114,5
9115,5
9116,1
9117,4
9118,1
9119,5
9120,5
9121,4
9122,5
9123,3
9124,3
9125
9126,3
9127,3
9128,3
9129,3
9130,6
9131,3
9132,3
9133
9134,3
9135,5
9136,4
9137,3
9138,3
9139,1
9140,3
9141,3
9142
9143,2
9144,1
9145,3
9146,3
9147,4
9148,3
9149,3
9150,3
9151,2
9152,3
9153,5
9154,3
9155,3
9156,3
9157,3
9158,3
9159,6
9160,5
9161,1
9162,3
9163,3
9164,2
9165,3
9166,3
9167,3
9168,3
9169
9170,3
9171,3
9172,5
9173,3
9174,2
9175,5
9176,5
9177,5
9178,3
9179,3
9180,5
9181,6
9182,3
9183,1
9184,3
9185,4
9186
9187,4
9188,5
9189,5
9190,2
9191,3
9192,3
9193
9194,3
9195,3
9196,3
9197
9198,2
9199,1
9200,3
9201,3
9202,1
9203,3
9204,3
9205,1
9206,3
9207,5
9208,5
9209,3
9210,1
9211,1
9212,5
9213,3
9214
9215,3
9216,3
9217
9218
9219,3
9220
9221,3
9222,2
9223,5
9224,3
9225,2
9226,1
9227,5
9228
9229,4
9230,3
9231,3
9232,3
9233,3
9234,3
9235,5
9236,6
9237
9238,1
9239,6
9240
9241,2
9242,3
9243,3
9244
9245,3
9246,2
9247,1
9248,5
9249
9250,3
9251,3
9252,3
9253,5
9254,6
9255,3
9256
9257,2
9258,3
9259,6
9260,3
9261,3
9262
9263,6
9264,2
9265,2
9266,3
9267,5
9268,3
9269
9270,1
9271
9272,3
9273,3
9274,3
9275,3
9276,3
9277
9278,3
9279
9280,4
9281,2
9282,1
9283,5
9284
9285
9286,3
9287,3
9288,1
9289
9290
9291,4
9292,2
9293,5
9294,4
9295,1
9296,6
9297
9298,3
9299,4
9300,2
9301,3
9302,3
9303,4
9304,1
9305,4
9306,2
9307,1
9308
9309,4
9310,3
9311,3
9312,3
9313,3
9314,3
9315,5
9316,5
9317,6
9318,1
9319,1
9320,5
9321,3
9322,3
9323,3
9324
9325,3
9326,3
9327,3
9328,3
9329,6
9330,5
9331,3
9332,3
9333
9334
9335,3
9336,3
9337,1
9338,3
9339,5
9340,3
9341,5
9342,3
9343,1
9344,3
9345,3
9346,3
9347
9348,1
9349,2
9350,3
9351,1
9352
9353,3
9354,6
9355,1
9356
9357
9358,3
9359,4
9360,3
9361,3
9362,3
9363,6
9364,1
9365,3
9366,3
9367,2
9368,3
9369
9370
9371,3
9372,3
9373,2
9374,3
9375,3
9376,5
9377,5
9378,2
9379,1
9380,3
9381,5
9382,2
9383,6
9384,3
9385,3
9386,1
9387,3
9388,4
9389,1
9390,3
9391,3
9392,3
9393
9394,3
9395,2
9396,3
9397,5
9398,3
9399,3
9400,2
9401,4
9402,3
9403,2
9404,2
9405,3
9406,3
9407,2
9408,4
9409,5
9410,3
9411,1
9412
9413,5
9414,3
9415,3
9416,3
9417,4
9418
9419,6
9420,3
9421,2
9422,3
9423,3
9424,3
9425,5
9426,3
9427
9428,3
9429,3
9430,3
9431,3
9432
9433
9434,3
9435,6
9436,2
9437,5
9438,3
9439,3
9440,3
9441,2
9442,3
9443,3
9444
9445
9446,3
9447,3
9448,2
9449,3
9450,1
9451,3
9452,3
9453,5
9454,3
9455,3
9456,4
9457
9458,3
9459,3
9460,3
9461,5
9462,5
9463,4
9464,5
9465,3
9466,4
9467,3
9468,5
9469,3
9470,3
9471,4
9472,5
9473,4
9474,2
9475,5
9476,5
9477,3
9478,5
9479
9480,3
9481,3
9482,3
9483
9484,2
9485,4
9486,3
9487,1
9488
9489,2
9490,3
9491
9492,6
9493,5
9494,3
9495,3
9496,4
9497,3
9498,3
9499,4
9500,3
9501,3
9502,3
9503,3
9504,3
9505,5
9506,2
9507,4
9508,2
9509,3
9510,2
9511,5
9512,3
9513,3
9514,3
9515
9516,1
9517,5
9518,3
9519
9520,1
9521,5
9522,2
9523
9524,4
9525
9526,5
9527,4
9528
9529,3
9530,2
9531,5
9532,1
9533
9534,3
9535,5
9536,3
9537,5
9538,3
9539,5
9540,3
9541,2
9542,3
9543
9544,3
9545,3
9546,5
9547,3
9548
9549,3
9550,3
9551,3
9552,4
9553,3
9554,3
9555,5
9556,3
9557,2
9558,3
9559,3
9560,6
9561,6
9562,4
9563,3
9564,2
9565,1
9566,1
9567,3
9568,3
9569,4
9570,5
9571
9572,3
9573,3
9574,5
9575
9576,4
9577,3
9578,5
9579,3
9580
9581,6
9582,3
9583,4
9584,6
9585,3
9586,3
9587,3
9588
9589
9590,4
9591,1
9592,3
9593,3
9594
9595
9596,3
9597,3
9598,2
9599,5
9600,2
9601,3
9602,2
9603,2
9604,3
9605,1
9606,5
9607,5
9608,6
9609,2
9610,5
9611,4
9612
9613
9614,3
9615,3
9616,2
9617,3
9618
9619,4
9620,3
9621,5
9622
9623,3
9624,3
9625,3
9626,6
9627,3
9628,3
9629,2
9630,2
9631,6
9632,3
9633
9634,4
9635,4
9636,3
9637,3
9638,4
9639
9640,3
9641,2
9642,2
9643,1
9644,2
9645
9646,1
9647,1
9648
9649,3
9650,3
9651,6
9652,2
9653,3
9654,3
9655,1
9656,1
9657,5
9658
9659,6
9660,3
9661
9662,3
9663
9664,2
9665
9666,3
9667,1
9668,3
9669,1
9670,3
9671,4
9672,2
9673
9674,3
9675,3
9676,3
9677,3
9678,4
9679,1
9680,6
9681,3
9682,4
9683,3
9684
9685,3
9686,2
9687
9688,4
9689,3
9690,2
9691,3
9692,3
9693,3
9694,3
9695
9696,3
9697,1
9698,4
9699,5
9700,3
9701,3
9702,1
9703,2
9704,3
9705,3
9706,6
9707,3
9708,2
9709,2
9710
9711
9712,3
9713,3
9714,2
9715,3
9716,3
9717,2
9718,5
9719,1
9720,3
9721
9722,3
9723,3
9724,5
9725
9726,5
9727,5
9728,4
9729,5
9730,3
9731
9732,3
9733,1
9734,3
9735,3
9736,3
9737,3
9738,3
9739,2
9740,1
9741,1
9742,6
9743
9744
9745,1
9746,4
9747,3
9748,5
9749,3
9750
9751,3
9752
9753,1
9754,1
9755,1
9756,3
9757
9758,1
9759,2
9760,3
9761,5
9762,3
9763,3
9764,5
9765,3
9766,3
9767,5
9768
9769,3
9770,2
9771,3
9772,3
9773
9774
9775,2
9776,3
9777,3
9778,5
9779,3
9780,5
9781,3
9782,6
9783,3
9784,3
9785,3
9786,3
9787
9788,2
9789
9790
9791,1
9792
9793,2
9794,3
9795,5
9796,3
9797,5
9798
9799,3
9800,3
9801,3
9802,5
9803,3
9804,1
9805,2
9806,3
9807,4
9808
9809,3
9810,5
9811,3
9812,1
9813,3
9814,3
9815,3
9816,3
9817,1
9818,1
9819,3
9820,3
9821,3
9822,3
9823,2
9824,2
9825,3
9826,3
9827,1
9828
9829,5
9830,1
9831,3
9832
9833,2
9834,3
9835,5
9836
9837,4
9838,3
9839,3
9840,2
9841,3
9842,3
9843,3
9844,3
9845,3
9846,3
9847,3
9848,2
9849,4
9850,3
9851,5
9852,1
9853,3
9854,4
9855,5
9856,6
9857,3
9858,3
9859,2
9860
9861,3
9862,3
9863
9864,5
9865,2
9866,3
9867,3
9868
9869,2
9870,5
9871,6
9872,3
9873,4
9874,3
9875,3
9876
9877,2
9878,3
9879,5
9880,3
9881,5
9882,4
9883,6
9884,4
9885,4
9886,2
9887
9888,6
9889
9890,3
9891,3
9892,5
9893,4
9894,3
9895,4
9896,3
9897,1
9898,5
9899,1
9900
9901,1
9902,1
9903
9904,2
9905,2
9906,2
9907,3
9908,1
9909
9910,2
9911,5
9912,5
9913,3
9914,1
9915,3
9916,3
9917
9918,3
9919,5
9920,3
9921
9922,1
9923,2
9924,3
9925,3
9926,3
9927,2
9928,3
9929,5
9930,3
9931,3
9932,3
9933,5
9934
9935,1
9936,2
9937,3
9938,6
9939,3
9940,3
9941,2
9942,3
9943
9944,5
9945,3
9946,1
9947,2
9948,4
9949,3
9950,1
9951,2
9952,3
9953,5
9954
9955,6
9956,3
9957,2
9958,2
9959,4
9960,3
9961,4
9962,1
9963,5
9964,5
9965,5
9966,3
9967,3
9968,3
9969
9970,2
9971,3
9972
9973,3
9974,3
9975,4
9976,1
9977,5
9978,3
9979,3
9980,1
9981,3
9982,1
9983,3
9984,3
9985,4
9986,3
9987,3
9988,3
9989,3
9990
9991,3
9992,3
9993,3
9994,4
9995,2
9996,3
9997,3
9998
9999,2
10000,3
10001,3
10002,6
10003,3
10004,5
10005
10006,3
10007,3
10008,3
10009,1
10010,1
10011
10012,3
10013,5
10014
10015,3
10016,3
10017
10018,3
10019,3
10020,3
10021,4
10022,5
10023,6
10024
10025,3
10026,3
10027,3
10028
10029,3
10030
10031,3
10032
10033,3
10034,3
10035,2
10036,3
10037,3
10038,3
10039,3
10040
10041,6
10042,3
10043,5
10044,3
10045,3
10046
10047,3
10048,2
10049,5
10050,2
10051,3
10052,3
10053,3
10054
10055,5
10056,5
10057,3
10058,1
10059,3
10060,3
10061
10062,6
10063
10064,3
10065
10066,5
10067,3
10068,3
10069,5
10070,5
10071,2
10072
10073,2
10074,3
10075,6
10076,4
10077
10078,4
10079
10080,4
10081,4
10082,3
10083,3
10084,6
10085,3
10086,3
10087,5
10088,3
10089
10090,3
10091
10092,6
10093
10094,5
10095,3
10096,2
10097,1
10098,5
10099,4
10100
10101,3
10102,3
10103,3
10104,3
10105,2
10106
10107,2
10108,3
10109,3
10110
10111,2
10112,4
10113,2
10114,3
10115,1
10116
10117,4
10118,3
10119
10120,3
10121,2
10122,3
10123,3
10124,3
10125
10126,4
10127,1
10128,3
10129,3
10130,3
10131,2
10132,1
10133,4
10134,5
10135,3
10136,3
10137,1
10138,3
10139
10140,2
10141,3
10142,5
10143,3
10144,5
10145,3
10146,1
10147,6
10148,3
10149,2
10150,3
10151,3
10152,3
10153,3
10154,3
10155,5
10156,3
10157
10158,2
10159,2
10160,5
10161,3
10162
10163,2
10164,2
10165,1
10166,3
10167,3
10168,5
10169
10170,3
10171,2
10172,3
10173
10174,3
10175,3
10176,2
10177,3
10178,3
10179
10180,3
10181,3
10182,2
10183,4
10184,1
10185
10186,3
10187
10188,3
10189,5
10190,3
10191
10192,3
10193
10194,5
10195,3
10196,5
10197,3
10198,2
10199,3
10200,2
10201,3
10202,1
10203
10204,1
10205
10206,2
10207,3
10208,3
10209,3
10210,3
10211
10212
10213,1
10214,1
10215,1
10216,3
10217
10218,3
10219,3
10220
10221,3
10222
10223,1
10224,3
10225,2
10226,3
10227,3
10228
10229,4
10230
10231
10232
10233,3
10234,3
10235,3
10236,1
10237,3
10238,3
10239
10240,3
10241,3
10242,2
10243,1
10244,3
10245,3
10246,3
10247,4
10248
10249,1
10250,3
10251
10252
10253,3
10254,2
10255,2
10256,3
10257,4
10258,5
10259,1
10260,3
10261,3
10262,3
10263,1
10264,3
10265,6
10266,6
10267,3
10268,2
10269,4
10270,4
10271,1
10272,5
10273
10274,4
10275,5
10276,3
10277,3
10278,5
10279,3
10280,4
10281
10282,3
10283,3
10284,3
10285,6
10286
10287,4
10288,3
10289,1
10290
10291,3
10292,2
10293,3
10294,5
10295
10296,3
10297,6
10298,3
10299,3
10300
10301,3
10302,2
10303
10304,5
10305,5
10306
10307
10308,1
10309,3
10310
10311
10312,3
10313,3
10314,2
10315,3
10316,3
10317,5
10318,3
10319
10320,3
10321,5
10322,3
10323,3
10324,6
10325,3
10326,3
10327,3
10328,3
10329,3
10330,5
10331,3
10332,1
10333
10334,4
10335
10336,5
10337,6
10338,2
10339,1
10340,3
10341,3
10342,1
10343,2
10344,2
10345,3
10346,3
10347
10348
10349,3
10350,3
10351,4
10352,1
10353,1
10354,2
10355,4
10356,3
10357,3
10358,3
10359,3
10360,3
10361
10362,1
10363,5
10364,3
10365,6
10366,2
10367,3
10368,3
10369,3
10370
10371,4
10372,3
10373,6
10374,3
10375,3
10376,4
10377,2
10378,3
10379,2
10380,3
10381
10382,3
10383,3
10384,3
10385,3
10386,3
10387,3
10388,2
10389,5
10390
10391
10392,5
10393,2
10394,3
10395,2
10396,3
10397,3
10398,1
10399,3
10400,3
10401
10402,4
10403,3
10404,3
10405
10406,3
10407,1
10408,3
10409,3
10410,3
10411,3
10412,1
10413,3
10414,3
10415,3
10416,3
10417,3
10418,3
10419,4
10420,3
10421,1
10422,3
10423,2
10424
10425,4
10426
10427,6
10428,1
10429,3
10430,3
10431,3
10432,3
10433,5
10434,3
10435,3
10436,3
10437,3
10438,1
10439
10440,3
10441,2
10442,3
10443,4
10444
10445,4
10446,1
10447,3
10448,3
10449,1
10450,5
10451,3
10452,3
10453,4
10454,2
10455
10456,5
10457
10458,3
10459,5
10460,3
10461,1
10462,4
10463,1
10464,3
10465,1
10466,2
10467,6
10468,6
10469,4
10470,3
10471,3
10472
10473,2
10474,2
10475,3
10476,3
10477,4
10478,3
10479
10480,6
10481,2
10482,1
10483,1
10484,3
10485,5
10486,3
10487,3
10488
10489,3
10490,2
10491,1
10492,3
10493,1
10494
10495
10496,3
10497
10498
10499,1
10500,2
10501
10502,3
10503,5
10504
10505,1
10506,5
10507
10508,2
10509,2
10510,2
10511
10512,3
10513,4
10514,3
10515
10516
10517,3
10518
10519,3
10520,3
10521,1
10522,6
10523,1
10524,3
10525
10526,6
10527,2
10528
10529,3
10530,5
10531,4
10532,5
10533,3
10534,2
10535,2
10536,3
10537,5
10538
10539,1
10540,5
10541,3
10542,1
10543,5
10544,3
10545,2
10546,2
10547,1
10548,4
10549,3
10550,2
10551,3
10552,3
10553,3
10554,3
10555,1
10556,1
10557
10558
10559,3
10560,3
10561
10562,5
10563,3
10564,3
10565,6
10566,3
10567,3
10568,5
10569,3
10570,5
10571,3
10572,5
10573,5
10574,3
10575,3
10576
10577,5
10578,3
10579,3
10580,3
10581
10582,2
10583,3
10584,3
10585,3
10586,5
10587,5
10588,1
10589,3
10590,3
10591,3
10592
10593,3
10594,5
10595
10596
10597,2
10598,1
10599,4
10600
10601,4
10602,3
10603,3
10604
10605,2
10606
10607,3
10608
10609,2
10610,3
10611,2
10612,2
10613,4
10614,6
10615,3
10616,3
10617,2
10618
10619,2
10620
10621,3
10622,3
10623
10624
10625,3
10626,3
10627,5
10628,2
10629,3
10630,5
10631,3
10632,3
10633,3
10634
10635,2
10636,3
10637,3
10638
10639,3
10640,6
10641,1
10642,3
10643,2
10644,5
10645,3
10646,5
10647,1
10648,1
10649,3
10650,3
10651,3
10652,3
10653,3
10654,1
10655
10656,3
10657,3
10658,3
10659,5
10660
10661,1
10662
10663,2
10664,5
10665,3
10666
10667,3
10668
10669,2
10670,5
10671,3
10672,3
10673,3
10674,3
10675,3
10676,5
10677,3
10678,3
10679,4
10680
10681,5
10682,2
10683,2
10684,1
10685
10686
10687,5
10688
10689,3
10690,3
10691,6
10692,4
10693
10694,3
10695,2
10696,5
10697,3
10698,1
10699,5
10700
10701,2
10702,5
10703,3
10704,1
10705
10706,3
10707,3
10708
10709,3
10710,2
10711,3
10712,6
10713,1
10714,3
10715,3
10716,2
10717,3
10718,3
10719,3
10720,3
10721,2
10722,1
10723,3
10724,3
10725
10726
10727,2
10728,3
10729,5
10730
10731,2
10732,3
10733
10734,3
10735,2
10736,2
10737,3
10738,5
10739,3
10740,4
10741,4
10742,2
10743,5
10744,5
10745,2
10746,2
10747,6
10748,1
10749
10750,1
10751,4
10752,3
10753,3
10754
10755,5
10756,3
10757,3
10758,3
10759,1
10760,3
10761,5
10762
10763
10764,3
10765,5
10766,5
10767,4
10768,2
10769,3
10770,2
10771,1
10772,1
10773
10774
10775
10776
10777,4
10778,3
10779
10780,1
10781,3
10782,1
10783,2
10784,1
10785,6
10786,3
10787,1
10788,5
10789,1
10790,3
10791,3
10792,3
10793,3
10794,2
10795,3
10796
10797,3
10798,3
10799,5
10800,2
10801,2
10802,3
10803,5
10804,3
10805,5
10806
10807,3
10808,3
10809,3
10810,3
10811,5
10812
10813,2
10814,3
10815,2
10816
10817,5
10818,3
10819
10820,3
10821,3
10822,3
10823,4
10824,5
10825
10826,3
10827,1
10828
10829,2
10830,3
10831
10832,5
10833,3
10834,2
10835,3
10836,3
10837,3
10838,3
10839,3
10840,3
10841,3
10842,3
10843,3
10844,3
10845
10846,6
10847,2
10848
10849,5
10850,3
10851,3
10852,5
10853
10854,5
10855,3
10856,5
10857,5
10858,1
10859,3
10860,3
10861
10862,5
10863
10864,1
10865,3
10866,1
10867
10868,1
10869,3
10870,5
10871,1
10872,2
10873,3
10874,3
10875
10876,3
10877,2
10878
10879,3
10880,3
10881,3
10882,4
10883,3
10884,3
10885,3
10886,5
10887
10888,5
10889,2
10890,2
10891,6
10892,6
10893,5
10894,2
10895
10896,3
10897
10898
10899,3
10900,4
10901
10902,3
10903,3
10904,3
10905,3
10906,2
10907,3
10908,3
10909
10910,3
10911,5
10912
10913,3
10914
10915,3
10916
10917,3
10918,2
10919,3
10920,1
10921,3
10922,3
10923,5
10924,1
10925,2
10926,2
10927,3
10928,5
10929,3
10930,3
10931,3
10932,2
10933,3
10934
10935
10936,4
10937,3
10938,3
10939,2
10940,3
10941
10942,3
10943
10944,4
10945,3
10946,2
10947,6
10948,4
10949,5
10950,3
10951,3
10952,5
10953,1
10954,6
10955
10956
10957
10958,6
10959
10960,2
10961,1
10962,2
10963,1
10964
10965,4
10966,3
10967,6
10968,4
10969,3
10970,1
10971,3
10972,3
10973,3
10974,2
10975,3
10976,5
10977
10978,1
10979,3
10980,3
10981,3
10982,3
10983,3
10984
10985,5
10986,3
10987
10988,3
10989,2
10990,1
10991,6
10992,1
10993
10994
10995,3
10996,2
10997,5
10998,3
10999,3
11000,3
11001
11002
11003,3
11004,3
11005
11006,6
11007
11008,3
11009
11010,2
11011,3
11012,4
11013,4
11014,3
11015
11016,3
11017
11018,1
11019,3
11020,1
11021,1
11022,5
11023
11024,2
11025,2
11026,3
11027,5
11028,3
11029,3
11030,3
11031,3
11032,2
11033
11034,3
11035
11036,3
11037,5
11038,3
11039
11040,1
11041,5
11042,5
11043,1
11044,3
11045,3
11046,2
11047,3
11048,5
11049,2
11050,4
11051,5
11052,1
11053,3
11054,5
11055,2
11056,2
11057
11058,3
11059,3
11060,1
11061,1
11062,3
11063
11064,1
11065,3
11066,3
11067
11068
11069,6
11070,3
11071,2
11072
11073,3
11074
11075,3
11076,3
11077,1
11078
11079,3
11080
11081,5
11082,3
11083,3
11084,1
11085,3
11086,3
11087,2
11088,4
11089,3
11090,3
11091,6
11092,3
11093,4
11094,5
11095,6
11096,3
11097,2
11098,5
11099,3
11100,3
11101
11102,3
11103,2
11104,5
11105
11106,3
11107,1
11108,3
11109
11110,3
11111,5
11112,3
11113,5
11114
11115,3
11116,3
11117,3
11118,3
11119,5
11120,3
11121
11122,3
11123,6
11124,5
11125,5
11126
11127,4
11128,3
11129,2
11130,2
11131
11132,3
11133,2
11134,3
11135,3
11136,5
11137,3
11138,5
11139,4
11140,2
11141,3
11142,2
11143
11144,5
11145,2
11146
11147,1
11148,2
11149,3
11150,3
11151,1
11152,2
11153
11154
11155,3
11156,1
11157,5
11158,5
11159,5
11160,2
11161,2
11162,3
11163
11164,5
11165,3
11166,3
11167,1
11168,3
11169,3
11170,3
11171
11172,2
11173,2
11174
11175,5
11176,3
11177,3
11178
11179,2
11180,3
11181,5
11182,2
11183
11184,1
11185,3
11186,3
11187,6
11188,3
11189,1
11190,3
11191,4
11192,3
11193,2
11194,1
11195,3
11196
11197,1
11198,3
11199,3
11200,5
11201,5
11202,4
11203,3
11204,3
11205
11206,5
11207,3
11208
11209,3
11210,3
11211,3
11212,3
11213,1
11214,3
11215,2
11216,5
11217,3
11218,3
11219,2
11220
11221,4
11222,3
11223,4
11224,2
11225
11226,2
11227,3
11228,3
11229,4
11230,1
11231
11232,3
11233
11234,3
11235,3
11236,2
11237,3
11238,5
11239,3
11240,5
11241,3
11242,3
11243,3
11244,3
11245,6
11246,5
11247,2
11248,3
11249,6
11250,3
11251,3
11252,1
11253,6
11254
11255,4
11256,3
11257
11258
11259,5
11260
11261
11262,5
11263
11264,3
11265,1
11266,4
11267,3
11268,3
11269,3
11270,3
11271,1
11272,2
11273,1
11274
11275
11276,3
11277,3
11278
11279,4
11280,3
11281,3
11282,3
11283
11284,2
11285
11286,2
11287,2
11288,3
11289,2
11290,4
11291,2
11292,6
11293,3
11294,1
11295,3
11296,3
11297,2
11298,3
11299
11300,5
11301,1
11302,3
11303
11304,1
11305,5
11306
11307
11308,4
11309,3
11310,4
11311,1
11312,3
11313
11314,3
11315,3
11316,5
11317,4
11318,5
11319,5
11320,3
11321,2
11322,2
11323,4
11324,1
11325,2
11326,3
11327,1
11328,3
11329,3
11330,2
11331,3
11332,5
11333,3
11334,2
11335,3
11336,3
11337,3
11338,3
11339,6
11340,3
11341,2
11342,5
11343,5
11344,2
11345,3
11346
11347,4
11348,5
11349
11350,1
11351,3
11352,3
11353,4
11354,5
11355,3
11356,3
11357,3
11358
11359,3
11360,1
11361
11362,3
11363,3
11364,3
11365,1
11366,3
11367,3
11368,3
11369,6
11370,5
11371,3
11372,3
11373,3
11374
11375,6
11376,2
11377,2
11378,5
11379,3
11380,3
11381,3
11382,3
11383,3
11384,4
11385,2
11386,5
11387,1
11388
11389,3
11390
11391,3
11392,3
11393
11394,4
11395,3
11396,3
11397,4
11398
11399,3
11400,3
11401,3
11402,3
11403,3
11404,3
11405
11406,5
11407
11408,5
11409,3
11410,6
11411,3
11412,5
11413,3
11414,3
11415,5
11416,2
11417
11418,3
11419
11420,1
11421
11422
11423,1
11424,3
11425
11426,1
11427,5
11428,3
11429,6
11430,2
11431,3
11432,3
11433,1
11434,3
11435,3
11436,2
11437,4
11438,5
11439
11440,3
11441,1
11442,3
11443,3
11444
11445,3
11446,1
11447,3
11448,4
11449,3
11450,4
11451,3
11452
11453,1
11454,3
11455
11456,2
11457,3
11458,3
11459,3
11460,3
11461,3
11462,1
11463,5
11464,3
11465,4
11466,3
11467,3
11468
11469,3
11470
11471,5
11472,3
11473,3
11474,2
11475,3
11476,1
11477,3
11478,3
11479,4
11480,4
11481
11482,3
11483,6
11484
11485,5
11486,3
11487,3
11488,3
11489
11490,5
11491,3
11492,1
11493
11494,1
11495,6
11496,4
11497,3
11498,5
11499,5
11500,3
11501
11502,3
11503,5
11504,1
11505,1
11506
11507
11508,3
11509,3
11510,6
11511,3
11512,4
11513,3
11514,3
11515,3
11516,4
11517,2
11518,3
11519,5
11520,3
11521,3
11522,3
11523,3
11524
11525,3
11526,5
11527,3
11528
11529,1
11530,3
11531,3
11532,2
11533,3
11534,2
11535,3
11536,1
11537,3
11538,3
11539,5
11540,3
11541
11542,3
11543,2
11544,3
11545
11546,6
11547,3
11548,5
11549,3
11550,3
11551,3
11552,3
11553
11554,2
11555,3
11556,6
11557
11558,3
11559,3
11560,3
11561,1
11562,4
11563,3
11564
11565,3
11566,2
11567
11568,5
11569,3
11570,5
11571,2
11572
11573,3
11574,3
11575,2
11576,1
11577,3
11578,2
11579
11580
11581,3
11582,1
11583,3
11584,3
11585,1
11586,3
11587,4
11588
11589,5
11590,2
11591,5
11592,5
11593,4
11594,4
11595,3
11596
11597,5
11598,5
11599,1
11600,3
11601,6
11602,1
11603
11604,5
11605,3
11606,3
11607,1
11608,1
11609,3
11610
11611,3
11612,3
11613,1
11614,3
11615
11616,6
11617,3
11618,6
11619,3
11620,3
11621,3
11622,5
11623,3
11624,3
11625,3
11626,3
11627,1
11628
11629,1
11630,2
11631,4
11632,3
11633,1
11634,1
11635
11636,5
11637,2
11638,3
11639
11640,3
11641,3
11642,2
11643,3
11644,4
11645,4
11646,3
11647,3
11648
11649,3
11650,5
11651,4
11652,2
11653,4
11654,3
11655,4
11656,3
11657,4
11658,2
11659,3
11660,3
11661,3
11662,4
11663,3
11664,2
11665,3
11666,1
11667,3
11668,4
11669,4
11670,3
11671
11672,3
11673,1
11674,3
11675,5
11676,2
11677,4
11678,5
11679,3
11680
11681,3
11682,1
11683,3
11684,1
11685
11686,6
11687,3
11688
11689,4
11690,3
11691,4
11692,3
11693,5
11694,5
11695,3
11696
11697,2
11698,3
11699,3
11700,3
11701,3
11702,5
11703,1
11704,1
11705,3
11706,3
11707
11708
11709,2
11710,1
11711,3
11712,2
11713
11714
11715,2
11716,3
11717,4
11718,3
11719,3
11720,3
11721,2
11722
11723
11724
11725,1
11726,1
11727,2
11728,1
11729,3
11730,5
11731
11732,3
11733,3
11734,3
11735,3
11736
11737,3
11738
11739,3
11740,6
11741,5
11742,3
11743
11744,3
11745,3
11746,3
11747,3
11748
11749,3
11750
11751,4
11752,4
11753,1
11754,1
11755,3
11756,3
11757,3
11758,2
11759,4
11760,3
11761,3
11762
11763,2
11764,3
11765,3
11766,1
11767,5
11768,3
11769,3
11770,3
11771,3
11772,3
11773,1
11774,3
11775
11776,4
11777,2
11778,3
11779,3
11780,3
11781
11782,2
11783,3
11784
11785,2
11786,3
11787,6
11788,3
11789,3
11790
11791,2
11792,3
11793,4
11794
11795
11796,3
11797,3
11798,3
11799,3
11800,5
11801,3
11802
11803,3
11804,3
11805
11806,5
11807,6
11808,3
11809,5
11810
11811
11812,3
11813,1
11814,5
11815
11816,1
11817,4
11818,3
11819,1
11820,3
11821,2
11822,4
11823,3
11824,4
11825,3
11826,3
11827,3
11828,3
11829,3
11830,3
11831,1
11832,6
11833
11834,3
11835,3
11836
11837
11838,3
11839,3
11840,3
11841,2
11842,3
11843,3
11844
11845,4
11846,3
11847
11848,1
11849,2
11850,5
11851,5
11852,3
11853,3
11854,3
11855,3
11856,3
11857,2
11858,2
11859,3
11860,3
11861,3
11862
11863,5
11864
11865
11866,3
11867
11868,5
11869
11870,6
11871,1
11872,3
11873
11874
11875,2
11876
11877,4
11878,1
11879,2
11880
11881,5
11882,3
11883,4
11884,3
11885,3
11886,4
11887,2
11888,3
11889,6
11890,3
11891
11892,3
11893,3
11894
11895,2
11896,5
11897,2
11898,3
11899,5
11900
11901
11902,1
11903,4
11904,4
11905,2
11906,3
11907,3
11908,3
11909,1
11910
11911,5
11912,3
11913,2
11914,2
11915,3
11916
11917,4
11918
11919,5
11920,3
11921,3
11922,1
11923
11924,4
11925,2
11926,3
11927,3
11928,2
11929,3
11930,1
11931,3
11932,3
11933,3
11934
11935,3
11936,3
11937,2
11938
11939,1
11940,3
11941,3
11942,3
11943,3
11944,3
11945,1
11946
11947,3
11948,1
11949,2
11950,1
11951,2
11952,3
11953
11954,4
11955,1
11956,3
11957,2
11958,3
11959,1
11960,5
11961
11962,3
11963,2
11964,3
11965
11966,3
11967,3
11968,3
11969,3
11970,4
11971,5
11972,5
11973,2
11974,3
11975,3
11976,2
11977,1
11978,3
11979,3
11980,4
11981,2
11982,1
11983,4
11984,3
11985,2
11986,3
11987
11988,4
11989,3
11990,3
11991
11992,3
11993,2
11994,4
11995,6
11996,4
11997,3
11998
11999,3
12000
12001,3
12002,5
12003,4
12004
12005,5
12006,3
12007,6
12008,3
12009,5
12010,3
12011,5
12012
12013,2
12014,5
12015,5
12016
12017,5
12018,3
12019,3
12020
12021,3
12022,6
12023,3
12024,1
12025
12026,1
12027,3
12028,3
12029,1
12030,5
12031
12032,4
12033,2
12034,5
12035,3
12036,1
12037,4
12038,3
12039,3
12040,3
12041,3
12042
12043,6
12044,2
12045,3
12046,3
12047
12048,2
12049,2
12050,3
12051,3
12052,3
12053,3
12054,3
12055,3
12056,3
12057,1
12058
12059,2
12060,3
12061,3
12062,3
12063,3
12064,1
12065,3
12066,5
12067
12068
12069,5
12070,1
12071,4
12072,3
12073,1
12074
12075,3
12076,3
12077,5
12078,3
12079,3
12080,5
12081,3
12082,1
12083,1
12084
12085,1
12086,3
12087,3
12088,4
12089,3
12090,4
12091,1
12092,4
12093,3
12094,3
12095,4
12096,3
12097
12098,4
12099
12100,3
12101,3
12102
12103,3
12104,1
12105,2
12106,5
12107,3
12108
12109,3
12110,3
12111,4
12112,3
12113,1
12114
12115,3
12116,3
12117,1
12118,2
12119,2
12120,2
12121,3
12122,6
12123,2
12124
12125,3
12126,1
12127,1
12128,3
12129,5
12130,3
12131,3
12132,6
12133,3
12134,3
12135,4
12136,3
12137,1
12138,3
12139,3
12140,5
12141,3
12142,5
12143,6
12144
12145,4
12146,5
12147,3
12148,4
12149
12150,3
12151,3
12152,6
12153,5
12154,3
12155,3
12156,5
12157,3
12158,3
12159,2
12160,1
12161,3
12162,3
12163,3
12164,4
12165,3
12166,1
12167,2
12168,5
12169,3
12170,3
12171,5
12172,3
12173,3
12174,5
12175,5
12176,5
12177,5
12178,3
12179,3
12180,3
12181,4
12182,4
12183,5
12184,2
12185,3
12186,3
12187,1
12188,3
12189
12190,5
12191,3
12192,3
12193,3
12194,2
12195,5
12196,2
12197
12198,4
12199,3
12200,2
12201,3
12202
12203,3
12204,5
12205,2
12206,2
12207,3
12208
12209,1
12210
12211,3
12212,3
12213,5
12214,3
12215,3
12216,5
12217,2
12218,1
12219,1
12220,5
12221,2
12222,3
12223
12224,1
12225,4
12226
12227,3
12228,6
12229,4
12230,1
12231,4
12232,2
12233,1
12234,5
12235
12236,3
12237,4
12238,3
12239,3
12240
12241,3
12242,5
12243,1
12244,3
12245,2
12246,2
12247
12248,6
12249,5
12250,5
12251,5
12252,3
12253,6
12254,1
12255,3
12256,3
12257,1
12258,1
12259,3
12260,3
12261,5
12262,2
12263,1
12264,3
12265,3
12266,3
12267,3
12268,3
12269,3
12270,3
12271,4
12272,3
12273,5
12274,6
12275,3
12276,3
12277,3
12278,3
12279,3
12280,3
12281,3
12282,6
12283,4
12284,3
12285
12286,4
12287,3
12288,3
12289,2
12290,3
12291,2
12292,3
12293,4
12294,3
12295,3
12296,1
12297,1
12298,3
12299,5
12300
12301,3
12302,4
12303,4
12304,2
12305,5
12306
12307,2
12308,4
12309,3
12310
12311,2
12312,3
12313,5
12314,3
12315,3
12316,3
12317,4
12318,3
12319
12320,3
12321,3
12322,5
12323,3
12324,3
12325,5
12326,5
12327,3
12328
12329,5
12330,2
12331,3
12332,3
12333,3
12334,5
12335,1
12336
12337,6
12338,5
12339,3
12340,3
12341,2
12342
12343,1
12344,3
12345,5
12346,2
12347,5
12348,3
12349,6
12350,3
12351,3
12352,3
12353,5
12354
12355,1
12356,3
12357
12358,3
12359,2
12360,1
12361,5
12362,1
12363
12364,3
12365,3
12366,2
12367,5
12368,5
12369,2
12370,3
12371,3
12372
12373,1
12374,5
12375,5
12376,3
12377,2
12378,2
12379,2
12380,4
12381,3
12382,3
12383
12384,3
12385,1
12386,5
12387,3
12388,3
12389,1
12390
12391,3
12392,3
12393,3
12394,3
12395,3
12396,1
12397,5
12398,2
12399,3
12400,3
12401,3
12402,3
12403,2
12404,5
12405,3
12406,5
12407,4
12408,3
12409,3
12410
12411
12412,1
12413,5
12414
12415,3
12416,3
12417,3
12418
12419,3
12420,5
12421,2
12422,3
12423,5
12424,3
12425,4
12426,3
12427,1
12428,2
12429,1
12430,2
12431,1
12432
12433
12434,2
12435,3
12436,5
12437
12438,3
12439,3
12440,2
12441,4
12442,3
12443,3
12444,1
12445,5
12446,3
12447,4
12448,3
12449
12450,3
12451,5
12452,1
12453,3
12454,5
12455
12456,3
12457,3
12458,2
12459,5
12460,3
12461,3
12462
12463,1
12464,3
12465,3
12466,6
12467,5
12468,3
12469,2
12470,3
12471
12472,2
12473,2
12474,2
12475,3
12476,3
12477,3
12478
12479,5
12480,3
12481,4
12482,4
12483
12484,5
12485,5
12486,3
12487,3
12488,5
12489
12490,3
12491,2
12492,2
12493,4
12494
12495
12496,3
12497,3
12498,5
12499,5
12500,5
12501,3
12502
12503,1
12504,3
12505,1
12506
12507
12508,3
12509
12510,5
12511,3
12512,3
12513,2
12514,3
12515,3
12516,3
12517,3
12518,3
12519,4
12520,3
12521,3
12522,6
12523,2
12524,3
12525,4
12526,3
12527,3
12528,3
12529,3
12530,4
12531
12532,1
12533,3
12534,3
12535
12536,3
12537,3
12538,3
12539
12540,1
12541,5
12542,3
12543
12544,3
12545,2
12546
12547,3
12548,4
12549,5
12550,3
12551,2
12552
12553,3
12554,2
12555,3
12556,5
12557,5
12558,5
12559,3
12560,3
12561,4
12562
12563,3
12564,6
12565,3
12566,4
12567
12568,6
12569,3
12570,3
12571,3
12572,1
12573,3
12574
12575,6
12576,4
12577,1
12578,1
12579
12580,3
12581,3
12582,3
12583,3
12584
12585,3
12586,2
12587,3
12588,3
12589,3
12590
12591
12592,4
12593,3
12594,3
12595,5
12596,3
12597
12598
12599
12600,1
12601,2
12602,3
12603,3
12604,4
12605,3
12606
12607,2
12608,5
12609,3
12610,3
12611,4
12612
12613,4
12614,4
12615,6
12616,2
12617,4
12618
12619,3
12620,5
12621,3
12622,3
12623,2
12624,3
12625,6
12626,3
12627,5
12628,6
12629,3
12630,1
12631,5
12632,4
12633
12634,3
12635
12636,5
12637
12638,6
12639,5
12640,3
12641
12642,3
12643,3
12644
12645,4
12646
12647,4
12648,4
12649,3
12650
12651,5
12652
12653,5
12654,3
12655,3
12656,5
12657,2
12658,3
12659,3
12660,3
12661
12662,3
12663,6
12664,2
12665,2
12666
12667
12668,3
12669
12670,3
12671,2
12672,4
12673,3
12674,3
12675,4
12676,3
12677,3
12678,3
12679,2
12680,4
12681,3
12682,5
12683
12684,4
12685,3
12686
12687,3
12688,3
12689
12690
12691,3
12692,2
12693,5
12694,3
12695,5
12696,3
12697,3
12698,1
12699,1
12700
12701,3
12702,3
12703,5
12704
12705,3
12706,3
12707,2
12708,3
12709,3
12710,4
12711,5
12712,3
12713,2
12714,3
12715,3
12716,2
12717
12718,5
12719,1
12720,5
12721
12722,1
12723,3
12724,5
12725,6
12726,5
12727
12728,2
12729,6
12730,4
12731,3
12732,4
12733
12734,1
12735,3
12736,5
12737,4
12738,4
12739,3
12740,3
12741,3
12742
12743,5
12744,5
12745,6
12746,3
12747
12748
12749,2
12750,1
12751,3
12752,1
12753,3
12754,3
12755,3
12756,3
12757,3
12758,2
12759,1
12760,3
12761,3
12762,3
12763
12764,5
12765
12766
12767,3
12768,2
12769,1
12770,3
12771,3
12772,2
12773,2
12774,1
12775,3
12776,3
12777,3
12778,2
12779
12780,3
12781,5
12782,3
12783,5
12784,4
12785
12786,3
12787,3
12788,3
12789,6
12790,3
12791,1
12792,3
12793,6
12794,3
12795,6
12796
12797,4
12798
12799,6
12800,5
12801,3
12802,3
12803,3
12804,5
12805,5
12806,3
12807,3
12808,3
12809
12810,3
12811,3
12812,3
12813,3
12814
12815,3
12816,3
12817
12818,2
12819,2
12820,4
12821
12822
12823,1
12824,3
12825
12826,3
12827
12828,1
12829,5
12830
12831
12832,5
12833,3
12834,5
12835,3
12836
12837,5
12838,3
12839
12840,4
12841,3
12842,3
12843,3
12844
12845,3
12846,3
12847
12848,5
12849,3
12850,2
12851,1
12852,3
12853,3
12854,3
12855,5
12856,5
12857,2
12858,1
12859,3
12860,3
12861,1
12862,3
12863,4
12864,3
12865,3
12866
12867,3
12868,5
12869,4
12870,1
12871,1
12872,1
12873
12874
12875,5
12876,6
12877,3
12878
12879,3
12880,3
12881
12882,4
12883,3
12884
12885,2
12886,3
12887,3
12888,1
12889,1
12890
12891,6
12892
12893
12894,2
12895,1
12896,2
12897,5
12898,1
12899
12900,2
12901
12902,5
12903
12904,6
12905,3
12906,1
12907
12908
12909,3
12910,3
12911,3
12912,5
12913,1
12914,3
12915,3
12916,3
12917,2
12918,3
12919,2
12920,3
12921
12922
12923,1
12924,3
12925,5
12926,3
12927
12928,3
12929,3
12930,3
12931,4
12932,3
12933
12934
12935,5
12936,3
12937,4
12938,3
12939,1
12940,3
12941,4
12942,1
12943,2
12944
12945,3
12946,3
12947,3
12948,2
12949,2
12950,1
12951,2
12952,3
12953,3
12954,1
12955,2
12956,2
12957
12958,5
12959,3
12960,5
12961,5
12962,5
12963,3
12964,3
12965,3
12966
12967,3
12968,3
12969,3
12970,3
12971,3
12972,3
12973,3
12974,3
12975,3
12976,3
12977
12978,5
12979,2
12980,3
12981,3
12982,5
12983,3
12984,3
12985,1
12986,5
12987,6
12988,3
12989,6
12990,3
12991,3
12992,3
12993,5
12994,3
12995,5
12996,3
12997
12998,3
12999,3
13000,3
13001,3
13002,3
13003,2
13004,1
13005,1
13006,3
13007
13008,2
13009,2
13010,2
13011,3
13012,3
13013
13014,2
13015,5
13016,3
13017,3
13018,4
13019,3
13020,3
13021
13022,3
13023,1
13024,3
13025,4
13026,5
13027,5
13028,1
13029,2
13030,4
13031,3
13032,5
13033,1
13034,3
13035,3
13036
13037,2
13038,6
13039,2
13040,2
13041,3
13042,3
13043,5
13044,3
13045
13046
13047,5
13048,2
13049,3
13050,3
13051,3
13052,3
13053,3
13054,3
13055
13056,3
13057,2
13058,2
13059,5
13060,2
13061,3
13062,4
13063
13064,3
13065,4
13066
13067,3
13068,3
13069,6
13070,2
13071,4
13072,4
13073,3
13074,4
13075,5
13076,4
13077,3
13078,4
13079,3
13080,2
13081,1
13082
13083
13084,3
13085,3
13086
13087,2
13088
13089
13090,3
13091
13092,3
13093,3
13094,1
13095,3
13096,3
13097,5
13098,1
13099,5
13100,3
13101,1
13102,3
13103,2
13104
13105,4
13106,3
13107,6
13108,3
13109,2
13110,3
13111,5
13112,3
13113,3
13114,2
13115
13116,3
13117,3
13118
13119,3
13120,2
13121,5
13122,3
13123,3
13124,5
13125
13126,3
13127,1
13128,3
13129,5
13130,3
13131,1
13132,1
13133,1
13134,3
13135,2
13136,3
13137,3
13138,2
13139,4
13140,2
13141,3
13142,3
13143,3
13144,3
13145
13146,3
13147,3
13148,4
13149,1
13150,3
13151,2
13152,1
13153,3
13154,3
13155,6
13156,5
13157,4
13158,3
13159,5
13160,3
13161,3
13162,5
13163,1
13164
13165,6
13166,3
13167,3
13168,3
13169,5
13170
13171,3
13172,3
13173,3
13174,3
13175,2
13176,3
13177
13178,3
13179,5
13180,1
13181,3
13182,3
13183,3
13184,3
13185,5
13186,4
13187,3
13188,4
13189,3
13190
13191,1
13192,4
13193,1
13194
13195
13196,3
13197,5
13198,3
13199,5
13200,3
13201
13202,4
13203
13204,6
13205
13206,3
13207,5
13208,1
13209,3
13210,4
13211,3
13212,3
13213,3
13214,4
13215,3
13216,5
13217,3
13218,5
13219,3
13220,3
13221,3
13222,3
13223,5
13224,3
13225,3
13226,3
13227
13228
13229
13230,3
13231,3
13232,3
13233,3
13234,3
13235,6
13236,2
13237,4
13238,3
13239,1
13240,5
13241,2
13242,3
13243,3
13244,3
13245,4
13246
13247,3
13248,3
13249,3
13250,3
13251,3
13252,3
13253
13254,1
13255,6
13256,2
13257,5
13258,3
13259,3
13260,3
13261,3
13262,3
13263,2
13264
13265,3
13266,3
13267,5
13268,6
13269,3
13270,3
13271,5
13272,2
13273,5
13274,3
13275,4
13276,3
13277,2
13278,3
13279
13280,4
13281,2
13282,3
13283,2
13284,2
13285,2
13286,3
13287,1
13288,3
13289
13290,2
13291,3
13292
13293,3
13294,5
13295
13296,1
13297,1
13298,3
13299,3
13300,5
13301
13302,3
13303,3
13304,2
13305,3
13306
13307,3
13308,5
13309,3
13310,1
13311,3
13312,4
13313,3
13314
13315
13316,3
13317,3
13318,1
13319,3
13320,2
13321,3
13322
13323,3
13324,3
13325,2
13326,3
13327,5
13328,5
13329,1
13330,3
13331
13332,3
13333,3
13334,5
13335,6
13336,3
13337,3
13338,2
13339,3
13340,3
13341
13342,3
13343,1
13344,2
13345,3
13346,5
13347
13348,3
13349,2
13350,5
13351,3
13352,3
13353,5
13354
13355
13356,2
13357,3
13358,3
13359,3
13360,4
13361
13362,3
13363,1
13364,3
13365,3
13366,5
13367
13368,5
13369,3
13370,5
13371,3
13372
13373,1
13374,5
13375,3
13376,3
13377,3
13378
13379,3
13380
13381,2
13382,3
13383,6
13384,3
13385,3
13386,2
13387,3
13388,3
13389,2
13390,5
13391,3
13392,3
13393
13394,4
13395
13396,5
13397,2
13398,3
13399
13400,1
13401,1
13402,5
13403,1
13404,2
13405,6
13406
13407,2
13408,3
13409,3
13410,4
13411,3
13412
13413,3
13414,3
13415,3
13416,3
13417,3
13418,3
13419
13420,6
13421,3
13422,3
13423,1
13424,3
13425
13426,2
13427
13428,1
13429,3
13430,1
13431,5
13432
13433,3
13434,2
13435,4
13436,3
13437,3
13438,3
13439,3
13440,3
13441,1
13442,2
13443
13444,2
13445,5
13446
13447,5
13448,3
13449,6
13450,6
13451,1
13452
13453,2
13454,3
13455,3
13456,3
13457,1
13458,3
13459,3
13460,3
13461,3
13462,3
13463,3
13464,3
13465,2
13466,3
13467,3
13468,3
13469,3
13470,2
13471,2
13472,3
13473
13474,3
13475,3
13476,1
13477,3
13478,2
13479,3
13480,3
13481,6
13482,3
13483,5
13484,3
13485
13486,2
13487
13488,6
13489,3
13490
13491,3
13492
13493,5
13494,3
13495,2
13496,5
13497,3
13498,2
13499
13500,1
13501,3
13502
13503,5
13504,3
13505,5
13506
13507,5
13508
13509
13510,4
13511,3
13512
13513
13514,1
13515,3
13516,3
13517,3
13518,3
13519,3
13520,4
13521,3
13522,3
13523,6
13524,5
13525,4
13526
13527,5
13528,2
13529,3
13530,5
13531,3
13532,6
13533,6
13534
13535
13536,5
13537,2
13538,3
13539,3
13540
13541,3
13542,1
13543,3
13544,3
13545,5
13546,2
13547,3
13548,2
13549,3
13550,4
13551,3
13552
13553,6
13554,3
13555,3
13556,2
13557,6
13558,3
13559
13560,5
13561,3
13562,2
13563,2
13564,3
13565,4
13566,5
13567,3
13568
13569,2
13570,3
13571,2
13572,2
13573,2
13574,3
13575,3
13576,3
13577,5
13578,1
13579,2
13580
13581,2
13582,4
13583,3
13584,3
13585,5
13586,4
13587,4
13588,6
13589,3
13590
13591
13592,2
13593,2
13594,3
13595,5
13596,3
13597,1
13598
13599,3
13600,3
13601,4
13602
13603,4
13604,2
13605
13606,2
13607,1
13608,3
13609,1
13610,3
13611,3
13612,3
13613,3
13614,2
13615,3
13616,1
13617,3
13618
13619
13620,6
13621,3
13622
13623,1
13624
13625,3
13626,1
13627,4
13628,3
13629,3
13630,4
13631,3
13632
13633,4
13634,3
13635,1
13636,2
13637,2
13638,1
13639,3
13640,3
13641,3
13642,3
13643,4
13644
13645,3
13646,2
13647,4
13648,3
13649,3
13650,3
13651,3
13652
13653,2
13654,6
13655,3
13656,3
13657,6
13658,3
13659,3
13660
13661
13662,3
13663,4
13664,1
13665,3
13666,3
13667,2
13668,2
13669,3
13670
13671,3
13672,3
13673
13674,3
13675,5
13676
13677,3
13678,4
13679,1
13680,5
13681,3
13682,6
13683,5
13684,1
13685,3
13686,2
13687,3
13688,1
13689,3
13690,2
13691,3
13692,2
13693,3
13694,3
13695,4
13696,2
13697,3
13698,4
13699,1
13700,3
13701,3
13702,4
13703,2
13704,2
13705,4
13706,2
13707,3
13708,2
13709
13710,3
13711,5
13712,3
13713,3
13714,3
13715,1
13716,3
13717,3
13718,1
13719,1
13720,3
13721,2
13722,3
13723,1
13724,2
13725,1
13726,5
13727,3
13728,2
13729
13730,5
13731,3
13732,5
13733,3
13734,3
13735,3
13736,3
13737,3
13738,2
13739
13740,2
13741,3
13742,6
13743
13744
13745,2
13746,3
13747,4
13748,3
13749,4
13750,3
13751
13752,3
13753,3
13754,3
13755
13756
13757,6
13758,5
13759,3
13760,1
13761,3
13762,3
13763,2
13764,3
13765,5
13766,4
13767,3
13768,3
13769,1
13770
13771
13772
13773,4
13774,4
13775,5
13776,3
13777,3
13778,5
13779,3
13780,5
13781
13782,3
13783
13784,3
13785,6
13786,3
13787,3
13788,5
13789,4
13790,3
13791,3
13792,6
13793
13794,3
13795,4
13796,3
13797,6
13798,3
13799,3
13800,3
13801
13802,6
13803,3
13804,3
13805
13806,3
13807,2
13808,3
13809,3
13810,3
13811,3
13812,3
13813,4
13814,3
13815,3
13816,3
13817,3
13818,6
13819,4
13820,3
13821,2
13822
13823,3
13824,5
13825,5
13826
13827,5
13828,3
13829,5
13830,1
13831
13832,2
13833,3
13834,1
13835,3
13836,3
13837,2
13838,3
13839,1
13840,3
13841,5
13842
13843,1
13844,2
13845,4
13846,3
13847,2
13848,3
13849
13850,3
13851,3
13852,5
13853,2
13854
13855,5
13856,5
13857,1
13858,3
13859
13860,3
13861
13862,4
13863,6
13864,3
13865,5
13866,3
13867
13868,3
13869
13870,5
13871,1
13872,3
13873,3
13874,3
13875,5
13876,3
13877,3
13878,3
13879,4
13880
13881
13882,3
13883,3
13884,4
13885,4
13886,4
13887
13888,2
13889
13890,3
13891,3
13892
13893,4
13894
13895,1
13896,1
13897,3
13898,3
13899,3
13900,3
13901,3
13902,3
13903,5
13904
13905,4
13906,3
13907,1
13908,3
13909,3
13910,3
13911,6
13912,4
13913,4
13914,6
13915
13916
13917,2
13918,2
13919,5
13920,2
13921,3
13922
13923,4
13924,1
13925,3
13926,4
13927,3
13928,3
13929,2
13930,5
13931,3
13932,3
13933,3
13934,3
13935,2
13936,4
13937,1
13938
13939,5
13940,3
13941,3
13942,5
13943,4
13944,5
13945,2
13946,3
13947,2
13948,3
13949,2
13950,6
13951,2
13952,1
13953,2
13954
13955,1
13956,3
13957,3
13958,2
13959,5
13960,3
13961,2
13962
13963,1
13964,5
13965,3
13966,5
13967,3
13968,6
13969,5
13970,1
13971,3
13972,5
13973,3
13974,6
13975
13976,2
13977,1
13978,3
13979,3
13980,3
13981,5
13982,3
13983,3
13984,3
13985,4
13986,5
13987,3
13988,3
13989,2
13990,2
13991,3
13992,3
13993
13994,3
13995
13996,2
13997
13998,3
13999,1
14000,1
14001
14002,3
14003,3
14004,3
14005,1
14006,4
14007,2
14008
14009,3
14010,4
14011,3
14012,3
14013,1
14014
14015
14016,1
14017,3
14018,3
14019,4
14020,2
14021,3
14022,2
14023,5
14024,3
14025,3
14026,3
14027,3
14028,3
14029
14030,5
14031,3
14032,5
14033,4
14034
14035,3
14036
14037,3
14038,1
14039,5
14040,4
14041,3
14042,3
14043,1
14044,1
14045,3
14046,3
14047,3
14048,3
14049
14050,6
14051,6
14052
14053
14054,3
14055,3
14056,6
14057
14058,3
14059,3
14060
14061,1
14062,4
14063
14064,3
14065,1
14066,3
14067,3
14068,3
14069,5
14070,5
14071
14072,3
14073,2
14074,2
14075,2
14076,3
14077,3
14078,3
14079,3
14080,5
14081
14082,3
14083,2
14084,3
14085,1
14086,1
14087,3
14088,3
14089
14090
14091
14092,1
14093,3
14094,3
14095,2
14096,1
14097,4
14098,3
14099,5
14100,3
14101
14102,6
14103
14104,5
14105,3
14106,1
14107
14108,3
14109,5
14110,5
14111
14112
14113,2
14114,3
14115,3
14116,2
14117,3
14118,3
14119,3
14120,4
14121,3
14122,5
14123,3
14124,3
14125
14126,3
14127,3
14128,2
14129,3
14130,3
14131,3
14132,1
14133,5
14134,3
14135,3
14136,6
14137
14138,3
14139,3
14140,1
14141,3
14142
14143,1
14144,4
14145,3
14146,3
14147,2
14148,4
14149,1
14150,6
14151,3
14152
14153
14154,4
14155,3
14156,3
14157,5
14158,3
14159,3
14160,2
14161,1
14162
14163,1
14164,2
14165,5
14166,5
14167,3
14168
14169,3
14170,6
14171
14172,1
14173,5
14174,1
14175,4
14176,1
14177,5
14178,5
14179,3
14180,4
14181
14182,3
14183
14184
14185,3
14186,1
14187,3
14188,1
14189,3
14190,3
14191,3
14192,1
14193
14194,3
14195,2
14196,3
14197,2
14198,3
14199,5
14200,1
14201
14202
14203,3
14204,3
14205,3
14206,2
14207,2
14208,2
14209
14210,3
14211,3
14212,3
14213
14214,1
14215,3
14216,3
14217,5
14218,3
14219,5
14220,2
14221,5
14222,5
14223,5
14224,3
14225,5
14226,3
14227,1
14228,3
14229,5
14230,1
14231,5
14232,1
14233,4
14234,3
14235,3
14236,3
14237
14238
14239,4
14240,1
14241,1
14242,1
14243
14244,3
14245,1
14246,5
14247,4
14248,3
14249,3
14250,2
14251,2
14252,6
14253
14254,5
14255,3
14256,3
14257,3
14258,3
14259,5
14260,3
14261,4
14262,3
14263,3
14264,2
14265,1
14266,3
14267,3
14268,5
14269
14270
14271
14272,3
14273
14274,5
14275,3
14276,1
14277
14278,2
14279
14280
14281,3
14282,3
14283,2
14284,3
14285,1
14286,3
14287,5
14288,3
14289,3
14290,2
14291,2
14292,3
14293,2
14294,3
14295,2
14296,3
14297,5
14298,4
14299,1
14300,4
14301,3
14302,3
14303,4
14304
14305
14306
14307,1
14308,2
14309,4
14310,5
14311,3
14312,1
14313
14314,3
14315,2
14316
14317,1
14318,3
14319,3
14320,3
14321
14322,4
14323,3
14324,3
14325
14326,2
14327,2
14328,3
14329,1
14330,3
14331,1
14332,5
14333,3
14334,2
14335,3
14336,1
14337,3
14338,5
14339,6
14340
14341
14342
14343,3
14344
14345,3
14346,3
14347,3
14348,3
14349,2
14350,3
14351
14352,1
14353,4
14354,5
14355,3
14356,3
14357,3
14358,3
14359
14360
14361,5
14362,5
14363,5
14364,3
14365,3
14366,3
14367,2
14368,2
14369,2
14370,3
14371,2
14372,2
14373,6
14374,2
14375,1
14376,3
14377,2
14378,4
14379,2
14380,3
14381,2
14382,3
14383,3
14384,3
14385,4
14386,3
14387,4
14388,1
14389,2
14390,2
14391,1
14392,2
14393,3
14394,3
14395,3
14396,2
14397,5
14398,5
14399
14400,3
14401
14402,3
14403
14404
14405,3
14406
14407,3
14408,4
14409,4
14410,3
14411,4
14412,4
14413,3
14414
14415,1
14416
14417,3
14418
14419,3
14420,3
14421
14422,6
14423,3
14424,4
14425,3
14426
14427,5
14428,1
14429,4
14430,1
14431,3
14432,3
14433
14434,3
14435,3
14436,2
14437,3
14438,3
14439,3
14440,2
14441
14442
14443
14444,3
14445,3
14446,2
14447,3
14448,2
14449,6
14450,3
14451
14452
14453
14454,2
14455,3
14456,3
14457
14458,3
14459
14460
14461
14462,4
14463,1
14464,3
14465
14466,5
14467
14468,1
14469
14470
14471,3
14472,3
14473,3
14474,1
14475,3
14476
14477,3
14478,1
14479,3
14480,1
14481
14482
14483
14484,3
14485
14486
14487
14488,3
14489
14490,3
14491,4
14492
14493,1
14494,3
14495
14496,3
14497
14498,3
14499,2
14500
14501,3
14502,2
14503
14504,1
14505
14506,2
14507,3
14508
14509,6
14510,5
14511,3
14512
14513,2
14514
14515,3
14516,3
14517,3
14518,3
14519,3
14520,2
14521,5
14522,1
14523,1
14524,5
14525,3
14526,4
14527,4
14528,1
14529,2
14530
14531,2
14532,3
14533,3
14534,3
14535,4
14536,3
14537,3
14538,3
14539,3
14540,3
14541,3
14542
14543,3
14544,3
14545,3
14546,3
14547,3
14548,3
14549,3
14550,5
14551,5
14552,3
14553,5
14554,6
14555,3
14556
14557,5
14558,2
14559,1
14560,2
14561,1
14562,5
14563
14564
14565,6
14566,2
14567,3
14568,3
14569,5
14570
14571,3
14572,3
14573,5
14574,3
14575,2
14576,3
14577,3
14578,2
14579,3
14580,4
14581,3
14582
14583,3
14584,3
14585,3
14586,5
14587,2
14588
14589,5
14590,2
14591
14592
14593,3
14594,4
14595,1
14596
14597,4
14598,3
14599,2
14600,3
14601,1
14602,4
14603,3
14604,3
14605,5
14606,2
14607,3
14608,2
14609,3
14610
14611
14612,5
14613,5
14614,2
14615
14616
14617,3
14618,3
14619,2
14620,4
14621,3
14622,1
14623,4
14624,3
14625,5
14626,2
14627,1
14628,5
14629
14630,6
14631,4
14632,5
14633
14634
14635,3
14636
14637
14638,1
14639,3
14640
14641,3
14642,3
14643,2
14644,3
14645,3
14646,1
14647,2
14648,3
14649
14650,1
14651,3
14652,5
14653,5
14654,3
14655,5
14656
14657,2
14658
14659,1
14660,2
14661,2
14662,4
14663,4
14664
14665,2
14666,5
14667,3
14668,3
14669
14670,3
14671,3
14672,6
14673,4
14674,3
14675,3
14676,6
14677,2
14678,3
14679,1
14680,2
14681,3
14682,3
14683,3
14684,3
14685,3
14686,5
14687,3
14688,3
14689,3
14690,3
14691
14692
14693
14694,1
14695,3
14696
14697,1
14698
14699
14700
14701,5
14702,3
14703,2
14704,4
14705,6
14706,3
14707
14708,3
14709
14710,1
14711,2
14712,3
14713
14714
14715,2
14716,3
14717,3
14718
14719,3
14720,1
14721,3
14722,2
14723
14724,2
14725,1
14726,3
14727,3
14728,6
14729,3
14730,4
14731,3
14732,5
14733,2
14734,3
14735
14736,3
14737,3
14738
14739,3
14740,1
14741
14742,2
14743,3
14744,3
14745,3
14746,3
14747
14748,1
14749,3
14750,2
14751,4
14752
14753,1
14754,3
14755,2
14756,3
14757,5
14758,3
14759,2
14760,1
14761
14762,3
14763,3
14764
14765,3
14766
14767
14768,5
14769,3
14770
14771,3
14772,2
14773,4
14774,1
14775,2
14776,1
14777,3
14778,3
14779,3
14780,2
14781,2
14782,1
14783,2
14784,1
14785,3
14786,3
14787,3
14788,5
14789,2
14790
14791,1
14792,2
14793,3
14794,2
14795,1
14796,3
14797,3
14798,2
14799,3
14800
14801,2
14802,5
14803,3
14804,1
14805,3
14806,4
14807,2
14808,3
14809,3
14810,5
14811,3
14812,2
14813,5
14814,3
14815,3
14816,3
14817,3
14818
14819,5
14820,3
14821,1
14822
14823
14824,3
14825,2
14826,4
14827,1
14828,5
14829,1
14830,3
14831,4
14832,2
14833,3
14834,3
14835,3
14836,1
14837,5
14838,5
14839
14840,4
14841
14842
14843,5
14844,4
14845
14846
14847
14848,2
14849,3
14850
14851,3
14852,2
14853,3
14854,3
14855,3
14856
14857,5
14858,3
14859,3
14860,4
14861,3
14862,5
14863,3
14864,3
14865,6
14866,3
14867,3
14868,3
14869,3
14870,3
14871,2
14872,2
14873
14874,3
14875,3
14876,6
14877,5
14878,3
14879,2
14880,5
14881,2
14882
14883,3
14884
14885,3
14886
14887,5
14888
14889,2
14890,2
14891,2
14892,5
14893,4
14894,3
14895,5
14896,3
14897,3
14898
14899,4
14900,3
14901,5
14902,4
14903,4
14904,5
14905,5
14906,2
14907,1
14908,2
14909,5
14910
14911,5
14912,3
14913,3
14914,3
14915,4
14916,3
14917,2
14918
14919,4
14920,1
14921,2
14922,3
14923,3
14924
14925,6
14926,2
14927,2
14928,1
14929
14930,3
14931
14932,3
14933,5
14934,6
14935,2
14936,1
14937,4
14938
14939,5
14940,3
14941,6
14942
14943,1
14944
14945,1
14946,4
14947,4
14948,6
14949
14950,2
14951,1
14952,3
14953
14954,5
14955
14956,1
14957,3
14958,4
14959,5
14960,4
14961
14962,3
14963,3
14964
14965,5
14966,3
14967,3
14968,3
14969,1
14970
14971,3
14972,3
14973,3
14974,4
14975,2
14976,1
14977,3
14978,1
14979,1
14980,3
14981,6
14982,2
14983
14984,6
14985,3
14986,2
14987,1
14988,3
14989,6
14990
14991,3
14992,3
14993,3
14994,2
14995
14996,3
14997
14998,2
14999,4
15000,3
15001,1
15002,3
15003,6
15004,3
15005,5
15006,3
15007,3
15008,6
15009
15010,4
15011,1
15012,4
15013,2
15014,2
15015,3
15016,5
15017,2
15018,3
15019,5
15020,2
15021
15022,3
15023,3
15024,3
15025,3
15026,2
15027
15028,4
15029,3
15030,3
15031,2
15032
15033
15034,3
15035,3
15036
15037
15038,3
15039,3
15040,1
15041,3
15042,4
15043,2
15044,3
15045,3
15046,3
15047,5
15048,3
15049,1
15050,3
15051,3
15052,1
15053,3
15054,2
15055
15056
15057,3
15058,3
15059,4
15060,3
15061,3
15062,4
15063,1
15064,3
15065,3
15066,3
15067,3
15068,3
15069
15070
15071,3
15072,3
15073,1
15074,3
15075,3
15076,5
15077,2
15078,3
15079,2
15080,3
15081,2
15082,3
15083,3
15084,3
15085,2
15086,3
15087
15088,2
15089,3
15090,6
15091
15092,5
15093,3
15094,4
15095,3
15096,3
15097,2
15098
15099,3
15100,3
15101,3
15102,3
15103,3
15104,2
15105,3
15106,3
15107,2
15108
15109,6
15110,3
15111,2
15112,2
15113,3
15114,3
15115,5
15116
15117
15118,3
15119,3
15120
15121,2
15122,4
15123,3
15124,5
15125,3
15126,2
15127
15128,3
15129,1
15130,3
15131
15132,3
15133,3
15134,1
15135,3
15136
15137,1
15138,5
15139,5
15140,4
15141
15142,2
15143,3
15144,4
15145,2
15146,2
15147,2
15148,1
15149,2
15150,4
15151,3
15152,4
15153,5
15154,5
15155,3
15156,3
15157,1
15158,3
15159,4
15160,5
15161,3
15162,1
15163,1
15164,3
15165,3
15166,3
15167
15168
15169
15170,3
15171,5
15172,5
15173,2
15174,4
15175,3
15176,1
15177,5
15178
15179,2
15180,3
15181,3
15182
15183,3
15184,3
15185
15186,3
15187,3
15188
15189,1
15190,1
15191,3
15192,5
15193,5
15194,3
15195,3
15196,3
15197,5
15198,1
15199,2
15200,5
15201,1
15202
15203
15204
15205,5
15206,6
15207,3
15208,3
15209,3
15210,3
15211,2
15212,1
15213,3
15214,2
15215,3
15216
15217,2
15218,3
15219,1
15220,3
15221,2
15222,3
15223,3
15224,5
15225,1
15226,6
15227,3
15228,1
15229,3
15230,3
15231,2
15232,5
15233,3
15234,3
15235,2
15236,2
15237,3
15238,1
15239,4
15240,4
15241,1
15242
15243,4
15244,3
15245,6
15246,4
15247,4
15248,2
15249,3
15250,1
15251,2
15252,1
15253,3
15254
15255,5
15256,4
15257
15258
15259,2
15260
15261,3
15262,1
15263,3
15264,5
15265,3
15266
15267,6
15268,2
15269
15270,3
15271,3
15272,2
15273,3
15274,2
15275,3
15276,5
15277,5
15278,3
15279,1
15280,4
15281,3
15282,3
15283,3
15284,3
15285
15286,3
15287,6
15288,3
15289,3
15290,1
15291,4
15292,3
15293,5
15294
15295,2
15296,3
15297,3
15298,4
15299
15300,1
15301,3
15302,5
15303,3
15304,3
15305,3
15306,2
15307,2
15308,3
15309
15310,3
15311,3
15312,6
15313,3
15314,2
15315,3
15316,5
15317
15318,3
15319,4
15320,5
15321,4
15322,3
15323,1
15324,1
15325,3
15326,3
15327,1
15328,3
15329,3
15330,4
15331,3
15332,2
15333,5
15334,3
15335
15336,3
15337,3
15338,3
15339,3
15340,4
15341,2
15342
15343
15344,3
15345,5
15346,2
15347,6
15348,3
15349,3
15350
15351,5
15352
15353,3
15354,5
15355,3
15356,3
15357,1
15358
15359,3
15360,4
15361,3
15362
15363,1
15364,6
15365
15366,6
15367,3
15368,5
15369,3
15370
15371,3
15372,3
15373
15374,2
15375,3
15376,4
15377,3
15378,3
15379,3
15380,2
15381
15382,1
15383,2
15384,2
15385,5
15386,3
15387,2
15388,3
15389,3
15390,3
15391,3
15392
15393
15394,3
15395,5
15396,2
15397,2
15398,3
15399,3
15400
15401
15402,1
15403,3
15404,4
15405,3
15406,5
15407
15408,3
15409,3
15410,3
15411,5
15412,4
15413,5
15414,3
15415,2
15416,2
15417,3
15418
15419,4
15420,3
15421,3
15422,2
15423
15424
15425
15426,3
15427,4
15428,2
15429
15430,5
15431,5
15432
15433,3
15434,3
15435,3
15436
15437,5
15438,3
15439
15440
15441
15442,5
15443,3
15444,4
15445,5
15446,4
15447,1
15448,2
15449,3
15450,4
15451,5
15452,4
15453,1
15454,1
15455,1
15456,3
15457,6
15458,5
15459,4
15460,3
15461,4
15462
15463,3
15464,3
15465,4
15466,4
15467,5
15468
15469,2
15470,3
15471,5
15472
15473,2
15474
15475
15476,2
15477,3
15478,4
15479,1
15480,3
15481,3
15482,2
15483,3
15484,2
15485,3
15486,3
15487,1
15488
15489,1
15490,3
15491,3
15492,1
15493,4
15494,5
15495,3
15496
15497,6
15498,5
15499,4
15500,3
15501,3
15502,1
15503,3
15504,1
15505,3
15506,3
15507,3
15508,5
15509
15510,4
15511,4
15512,3
15513
15514,1
15515,5
15516,1
15517,4
15518
15519,1
15520,3
15521,3
15522,5
15523,3
15524,3
15525,6
15526,3
15527,3
15528,3
15529,3
15530
15531,3
15532,2
15533
15534,5
15535,4
15536
15537
15538,3
15539,4
15540
15541,3
15542,2
15543,5
15544,4
15545,1
15546,2
15547,3
15548,6
15549,3
15550,5
15551,3
15552,3
15553,1
15554,3
15555,3
15556,3
15557,1
15558,3
15559,2
15560,3
15561
15562
15563,4
15564
15565,1
15566,3
15567,3
15568,2
15569,2
15570,1
15571
15572,3
15573,3
15574,5
15575,3
15576,3
15577
15578,3
15579,1
15580,1
15581,3
15582,1
15583,3
15584
15585,2
15586,1
15587,3
15588,3
15589,3
15590,3
15591,3
15592,2
15593,3
15594,5
15595,3
15596,3
15597,3
15598,3
15599,3
15600,2
15601
15602,1
15603,3
15604,3
15605,3
15606,4
15607
15608
15609,3
15610,5
15611,1
15612,3
15613,2
15614,2
15615,3
15616,4
15617,2
15618
15619
15620,3
15621,2
15622,3
15623,2
15624,5
15625,3
15626,4
15627,3
15628,3
15629,3
15630
15631,1
15632
15633,3
15634,1
15635
15636
15637,1
15638,1
15639,3
15640
15641,4
15642,3
15643,5
15644,3
15645
15646
15647,3
15648,2
15649,1
15650,1
15651,3
15652,3
15653,3
15654,1
15655
15656,3
15657,6
15658,5
15659,3
15660,1
15661,5
15662,5
15663,3
15664,2
15665,5
15666,6
15667,2
15668
15669,2
15670
15671,3
15672,3
15673,4
15674,2
15675,2
15676,1
15677,6
15678,5
15679,3
15680,2
15681,3
15682,3
15683
15684,4
15685,3
15686,3
15687,3
15688
15689
15690,5
15691,1
15692,1
15693,1
15694,5
15695,3
15696,3
15697,5
15698,3
15699,3
15700,5
15701,5
15702,3
15703,2
15704,3
15705,3
15706
15707,3
15708,2
15709,3
15710,3
15711,3
15712,3
15713
15714,5
15715,1
15716,2
15717,3
15718,3
15719,3
15720,3
15721,3
15722,1
15723
15724,5
15725
15726,1
15727,1
15728,2
15729,3
15730,4
15731
15732
15733,6
15734
15735,3
15736,3
15737,2
15738
15739,3
15740,3
15741
15742,2
15743,5
15744,1
15745,1
15746
15747,1
15748,3
15749,5
15750
15751,5
15752,2
15753,1
15754,1
15755
15756,3
15757,3
15758,3
15759,3
15760,3
15761,3
15762,3
15763,3
15764,3
15765,1
15766,3
15767,3
15768,3
15769,3
15770,2
15771,4
15772
15773,2
15774,4
15775,3
15776,2
15777,3
15778,3
15779,5
15780,3
15781
15782,1
15783,1
15784,4
15785,3
15786,3
15787,3
15788,1
15789,3
15790,1
15791
15792,3
15793,3
15794,3
15795,1
15796,3
15797,1
15798
15799,5
15800,3
15801,6
15802,3
15803,3
15804,3
15805,5
15806,3
15807,3
15808,2
15809,2
15810,6
15811,2
15812,3
15813,3
15814,2
15815,1
15816,6
15817
15818,4
15819,1
15820,3
15821,3
15822,3
15823
15824,3
15825
15826,2
15827
15828,5
15829,4
15830,3
15831,2
15832
15833,3
15834,3
15835
15836,3
15837
15838,6
15839,3
15840,2
15841,3
15842,5
15843,3
15844,3
15845,3
15846,3
15847,3
15848,5
15849,2
15850,1
15851,1
15852,3
15853,3
15854
15855,3
15856,3
15857,6
15858,5
15859,3
15860,2
15861,3
15862
15863,3
15864,2
15865
15866,5
15867,3
15868,3
15869,5
15870,1
15871
15872,3
15873,1
15874,4
15875,1
15876,3
15877,3
15878,3
15879,3
15880,3
15881,3
15882,2
15883,2
15884
15885
15886
15887,2
15888,3
15889,3
15890,1
15891,2
15892,2
15893,5
15894,3
15895
15896
15897,3
15898,3
15899,3
15900,1
15901,2
15902,3
15903,3
15904,6
15905
15906,1
15907,3
15908,3
15909,1
15910,3
15911,3
15912,2
15913,5
15914,3
15915,5
15916,3
15917,2
15918
15919,3
15920,3
15921,3
15922,2
15923,3
15924
15925,3
15926,2
15927
15928,1
15929,3
15930,3
15931,3
15932,2
15933
15934,2
15935,3
15936,5
15937
15938,5
15939,3
15940,3
15941,4
15942,1
15943
15944,1
15945,2
15946,3
15947,3
15948,3
15949
15950,3
15951,3
15952,5
15953,3
15954,3
15955,1
15956,1
15957,1
15958,3
15959,2
15960,3
15961,5
15962,4
15963,5
15964,3
15965,3
15966,3
15967,3
15968,3
15969,4
15970,3
15971,3
15972,3
15973
15974,1
15975
15976,2
15977,2
15978,3
15979,5
15980,3
15981,3
15982,3
15983,3
15984,4
15985,5
15986,3
15987,2
15988,3
15989,5
15990,3
15991
15992,5
15993,3
15994,5
15995,3
15996,4
15997,1
15998,6
15999,3
16000,3
16001,5
16002,3
16003,3
16004,2
16005
16006,1
16007,1
16008,3
16009,3
16010,3
16011,6
16012
16013,5
16014
16015,3
16016
16017,5
16018,3
16019,3
16020,3
16021,3
16022,5
16023,4
16024,3
16025,2
16026
16027,3
16028
16029,3
16030,2
16031,1
16032,4
16033
16034
16035,1
16036,3
16037,2
16038,3
16039,3
16040,3
16041
16042,3
16043,3
16044,3
16045,6
16046,2
16047,5
16048,3
16049,3
16050
16051
16052,2
16053
16054,3
16055,3
16056,5
16057,4
16058,2
16059,3
16060,2
16061,4
16062,3
16063,1
16064
16065,6
16066,5
16067,3
16068,3
16069
16070,1
16071
16072,3
16073,5
16074,3
16075,4
16076,2
16077,3
16078,3
16079,6
16080,3
16081
16082,3
16083,4
16084,3
16085
16086
16087,3
16088,2
16089
16090
16091,3
16092
16093,3
16094,2
16095,3
16096,1
16097,3
16098,3
16099,3
16100
16101,3
16102,3
16103,3
16104,5
16105
16106,1
16107,5
16108,5
16109,2
16110,3
16111,1
16112,4
16113,3
16114,3
16115,3
16116,2
16117,1
16118,3
16119,3
16120,3
16121,3
16122,3
16123,3
16124,2
16125,3
16126,3
16127,3
16128,3
16129,3
16130,3
16131
16132,2
16133,1
16134
16135,2
16136,3
16137,3
16138
16139,4
16140,3
16141
16142,5
16143,3
16144,2
16145,2
16146,3
16147,2
16148,3
16149,3
16150,3
16151,3
16152
16153,2
16154,2
16155,2
16156
16157
16158,6
16159,3
16160,3
16161,3
16162,1
16163,3
16164,3
16165
16166,5
16167
16168,3
16169,5
16170,3
16171,3
16172
16173,3
16174,5
16175,3
16176,5
16177,3
16178,5
16179,3
16180,5
16181,4
16182,3
16183,3
16184,1
16185,2
16186,3
16187,3
16188,3
16189,3
16190,5
16191,3
16192,2
16193,1
16194,3
16195,3
16196,3
16197,1
16198,3
16199,4
16200,3
16201,3
16202,2
16203
16204,5
16205,2
16206,3
16207,3
16208,3
16209,5
16210,5
16211
16212
16213,4
16214,3
16215
16216,3
16217,3
16218,2
16219,4
16220,2
16221,3
16222
16223,5
16224,3
16225,3
16226,3
16227,4
16228
16229,3
16230,5
16231
16232,3
16233,1
16234,2
16235,5
16236,3
16237,3
16238,3
16239,2
16240
16241,3
16242,5
16243,3
16244,4
16245
16246,4
16247,3
16248
16249,3
16250,3
16251,3
16252,3
16253,3
16254,2
16255,2
16256,3
16257,4
16258,5
16259,1
16260,3
16261,3
16262
16263,3
16264,3
16265,5
16266,5
16267,6
16268,3
16269,1
16270,3
16271,1
16272,3
16273,3
16274,1
16275,3
16276,3
16277,3
16278,3
16279
16280,3
16281
16282,1
16283,2
16284,3
16285,5
16286
16287,5
16288
16289,3
16290,2
16291,3
16292
16293
16294,3
16295,3
16296,5
16297,3
16298,3
16299,4
16300,1
16301,1
16302,1
16303,3
16304,6
16305,3
16306,3
16307,3
16308
16309
16310,4
16311,5
16312,3
16313,3
16314
16315,5
16316,1
16317,3
16318,3
16319,4
16320
16321,1
16322
16323,5
16324,3
16325,3
16326,1
16327,2
16328,3
16329,1
16330,3
16331,3
16332
16333,3
16334,3
16335
16336,1
16337,3
16338,4
16339,3
16340
16341,3
16342,5
16343,3
16344,3
16345
16346,3
16347,5
16348,3
16349,1
16350,3
16351,3
16352
16353,3
16354,5
16355,3
16356,3
16357,2
16358
16359
16360,2
16361,3
16362
16363
16364,3
16365,2
16366,3
16367
16368,3
16369,3
16370,5
16371,3
16372,2
16373,3
16374
16375,3
16376,3
16377,3
16378,3
16379,6
16380,5
16381,4
16382,3
16383
16384,3
16385,4
16386,3
16387,3
16388,3
16389,3
16390
16391,3
16392,5
16393,1
16394,3
16395,4
16396,3
16397
16398,1
16399,1
16400,3
16401
16402,3
16403,3
16404,3
16405,3
16406,5
16407,3
16408
16409,3
16410,3
16411
16412,3
16413,5
16414,1
16415,3
16416,2
16417,3
16418,3
16419,3
16420,4
16421,5
16422,4
16423
16424,1
16425,1
16426,3
16427,5
16428,5
16429,3
16430,4
16431,6
16432,3
16433
16434,5
16435,2
16436,3
16437,3
16438
16439,3
16440,5
16441,3
16442,4
16443,4
16444,3
16445,3
16446,2
16447
16448,3
16449
16450,1
16451,3
16452
16453,5
16454,4
16455,3
16456
16457,3
16458,3
16459,3
16460,1
16461,3
16462,2
16463
16464,3
16465,2
16466,5
16467
16468
16469,2
16470
16471,3
16472,3
16473,2
16474,2
16475,2
16476
16477,3
16478,2
16479
16480,4
16481,2
16482,4
16483
16484,3
16485
16486,4
16487,5
16488,5
16489,2
16490
16491,3
16492,1
16493
16494,3
16495,1
16496,3
16497,5
16498,3
16499,5
16500,6
16501,3
16502,2
16503,3
16504,2
16505
16506
16507,1
16508,3
16509,6
16510,3
16511,3
16512,5
16513,4
16514,3
16515,3
16516,3
16517,3
16518,2
16519,5
16520,1
16521,1
16522
16523,3
16524,4
16525,1
16526,3
16527,5
16528,3
16529,2
16530,4
16531,3
16532,4
16533,3
16534,1
16535,2
16536,3
16537,3
16538,3
16539
16540
16541,3
16542
16543,1
16544
16545,3
16546,3
16547,1
16548,3
16549,5
16550,3
16551,3
16552,3
16553,3
16554,3
16555,3
16556,3
16557,5
16558
16559,2
16560,3
16561
16562
16563
16564,4
16565,1
16566,3
16567,2
16568,3
16569,3
16570,3
16571,3
16572
16573,5
16574,5
16575,3
16576,5
16577
16578,3
16579,3
16580,3
16581
16582,3
16583,3
16584,3
16585
16586,5
16587
16588,3
16589
16590,3
16591
16592,2
16593,5
16594
16595,3
16596,1
16597,3
16598,1
16599,6
16600,4
16601,5
16602,2
16603,3
16604,2
16605
16606,4
16607,2
16608,3
16609,5
16610,6
16611,1
16612,1
16613,3
16614,6
16615,3
16616
16617,3
16618,3
16619
16620,5
16621,3
16622,6
16623
16624
16625,3
16626
16627,3
16628,3
16629,3
16630,3
16631,2
16632,2
16633,2
16634,2
16635,2
16636,5
16637,1
16638
16639
16640,3
16641,4
16642,1
16643,5
16644,3
16645,1
16646
16647,5
16648,3
16649,2
16650,2
16651,3
16652,4
16653,1
16654,2
16655,3
16656,3
16657,3
16658
16659
16660
16661
16662,5
16663,2
16664,5
16665,2
16666,4
16667,3
16668,3
16669,1
16670,3
16671,3
16672,5
16673,3
16674,5
16675,4
16676,2
16677,6
16678,4
16679,5
16680,3
16681,3
16682,5
16683,6
16684,3
16685,3
16686,3
16687,1
16688,3
16689,2
16690,1
16691,3
16692,3
16693,5
16694,2
16695,2
16696,5
16697,3
16698,1
16699
16700,3
16701,3
16702
16703
16704
16705,3
16706,3
16707,3
16708,1
16709,1
16710,3
16711,5
16712,3
16713,1
16714,5
16715,3
16716,6
16717
16718,3
16719,1
16720,3
16721,3
16722,3
16723,3
16724,4
16725,3
16726,3
16727,1
16728,2
16729,4
16730,3
16731,3
16732,3
16733,3
16734,5
16735,3
16736
16737,5
16738,3
16739,1
16740,3
16741,3
16742,3
16743,3
16744,3
16745,3
16746,5
16747,4
16748,3
16749
16750,3
16751,4
16752,3
16753,3
16754,3
16755,3
16756,3
16757,2
16758,5
16759,3
16760,1
16761,3
16762,3
16763,3
16764,3
16765,3
16766,3
16767,3
16768
16769
16770,5
16771,6
16772,1
16773,5
16774,2
16775
16776
16777,5
16778,1
16779,3
16780,1
16781,4
16782,3
16783,4
16784
16785,3
16786,3
16787,2
16788,1
16789,1
16790,2
16791,5
16792,5
16793,4
16794,4
16795,3
16796,3
16797
16798,3
16799,3
16800,3
16801,2
16802,5
16803
16804,3
16805,5
16806
16807,3
16808,3
16809,2
16810,3
16811,1
16812,3
16813,3
16814
16815,2
16816,3
16817
16818,2
16819
16820,3
16821
16822,3
16823
16824,1
16825,6
16826,6
16827
16828,1
16829,1
16830,2
16831,4
16832
16833
16834,3
16835,3
16836,4
16837,3
16838,2
16839
16840,3
16841
16842,3
16843,3
16844,5
16845,3
16846,3
16847,3
16848
16849,5
16850,3
16851,3
16852,4
16853,3
16854,1
16855
16856,3
16857
16858,6
16859,2
16860
16861
16862,3
16863
16864,2
16865,5
16866,1
16867,2
16868,3
16869,3
16870,3
16871,3
16872
16873,3
16874,3
16875,3
16876,2
16877,2
16878,3
16879,3
16880,6
16881
16882,4
16883,3
16884,1
16885,3
16886,3
16887,3
16888,5
16889,3
16890,3
16891,3
16892,3
16893
16894,3
16895,2
16896,2
16897,3
16898
16899,2
16900,5
16901,4
16902,3
16903,5
16904,3
16905,3
16906,3
16907,2
16908
16909,2
16910,3
16911,3
16912,3
16913,3
16914,2
16915,3
16916
16917,3
16918,3
16919,3
16920,5
16921,3
16922,3
16923,2
16924,4
16925,1
16926,3
16927,1
16928,3
16929,5
16930
16931,3
16932,2
16933,3
16934,3
16935
16936,3
16937
16938,3
16939,1
16940,6
16941,2
16942,6
16943,2
16944
16945,4
16946,3
16947,4
16948,3
16949,2
16950,3
16951,3
16952,3
16953,3
16954,1
16955,4
16956,1
16957,3
16958,3
16959,4
16960,2
16961
16962,6
16963,3
16964,1
16965,3
16966,3
16967,2
16968,3
16969,3
16970,3
16971,3
16972,3
16973,1
16974,2
16975,2
16976,3
16977,3
16978,3
16979,3
16980,3
16981,3
16982,3
16983,3
16984,1
16985
16986,3
16987,3
16988,3
16989,2
16990,1
16991,3
16992,2
16993,3
16994,3
16995,2
16996,6
16997,5
16998,5
16999,3
17000,3
17001,3
17002,3
17003,3
17004
17005
17006,3
17007,5
17008,3
17009,3
17010,3
17011,3
17012,1
17013,3
17014,5
17015
17016,6
17017
17018
17019,3
17020,2
17021
17022
17023,5
17024,3
17025,3
17026,3
17027,1
17028,3
17029,3
17030,5
17031,4
17032
17033,3
17034
17035
17036,3
17037,3
17038
17039
17040,2
17041,1
17042,3
17043,3
17044,2
17045
17046,3
17047
17048,3
17049,3
17050,1
17051,3
17052,4
17053,6
17054,4
17055,5
17056
17057,3
17058,3
17059,3
17060,1
17061,3
17062,3
17063,4
17064,2
17065,3
17066
17067
17068,3
17069
17070,3
17071,1
17072,3
17073,3
17074,3
17075,3
17076,4
17077,3
17078
17079,5
17080
17081
17082,1
17083,4
17084,3
17085,3
17086,4
17087,1
17088,5
17089,3
17090,3
17091,5
17092
17093,1
17094,1
17095,3
17096
17097,3
17098,3
17099,3
17100,1
17101
17102
17103
17104,4
17105,6
17106,3
17107
17108
17109,6
17110,3
17111,3
17112,1
17113,3
17114,3
17115,3
17116,3
17117,4
17118,1
17119,5
17120
17121,3
17122,3
17123,2
17124,3
17125,2
17126,3
17127,2
17128
17129
17130,3
17131,6
17132,1
17133
17134,3
17135,1
17136,6
17137,6
17138,2
17139,3
17140,4
17141,5
17142
17143,3
17144,4
17145,4
17146,5
17147,3
17148,3
17149
17150,3
17151,5
17152,3
17153,2
17154,1
17155,3
17156,5
17157,1
17158,4
17159,2
17160,3
17161,4
17162,6
17163,6
17164
17165
17166,2
17167,3
17168,3
17169
17170
17171,5
17172
17173,3
17174,3
17175,3
17176,2
17177
17178,5
17179,3
17180,5
17181,3
17182
17183,3
17184
17185,2
17186,4
17187,5
17188,3
17189,2
17190,5
17191,3
17192,1
17193,5
17194,5
17195,1
17196,2
17197,3
17198,2
17199
17200,3
17201
17202,5
17203,3
17204,5
17205,5
17206,3
17207,3
17208,2
17209,1
17210,1
17211,4
17212,5
17213
17214,3
17215,4
17216
17217,1
17218,3
17219,3
17220,1
17221,3
17222,3
17223,2
17224
17225,3
17226,5
17227
17228,4
17229,3
17230,5
17231,1
17232,1
17233,1
17234
17235,5
17236,4
17237
17238,1
17239,1
17240,3
17241,2
17242,3
17243,3
17244
17245,1
17246,6
17247,3
17248,3
17249,6
17250,3
17251,4
17252,2
17253,3
17254,3
17255,2
17256,2
17257,3
17258,1
17259,2
17260
17261,3
17262,3
17263
17264,5
17265,3
17266,2
17267
17268,3
17269,3
17270,1
17271,4
17272,3
17273,3
17274,3
17275,5
17276,4
17277,5
17278,3
17279,5
17280,2
17281,3
17282,3
17283,5
17284,4
17285,5
17286,2
17287,5
17288,3
17289
17290,2
17291,1
17292,3
17293,3
17294,4
17295
17296
17297,3
17298,3
17299,2
17300
17301,3
17302,3
17303,6
17304,3
17305,3
17306,1
17307,3
17308,1
17309,2
17310
17311,2
17312,3
17313,3
17314
17315,3
17316,3
17317,4
17318,4
17319,1
17320,3
17321,3
17322,5
17323
17324,3
17325,2
17326,2
17327,5
17328,3
17329,5
17330,3
17331,3
17332,3
17333,3
17334,3
17335,1
17336,3
17337
17338,3
17339,3
17340,4
17341,3
17342,3
17343,3
17344,2
17345,3
17346,3
17347,2
17348
17349
17350,2
17351,5
17352
17353,3
17354
17355,4
17356,6
17357,4
17358,3
17359,4
17360,3
17361,3
17362,3
17363,5
17364,3
17365,1
17366,3
17367,4
17368,3
17369,4
17370,3
17371,3
17372
17373,4
17374,4
17375,3
17376,5
17377,4
17378,3
17379,5
17380
17381,5
17382,4
17383,3
17384,3
17385,2
17386,3
17387,3
17388
17389,3
17390,1
17391,2
17392,3
17393,3
17394,3
17395,3
17396,3
17397,3
17398,1
17399
17400,1
17401,1
17402,1
17403,4
17404,3
17405,2
17406,3
17407,3
17408,3
17409,3
17410,5
17411,4
17412,5
17413
17414,5
17415
17416,6
17417,3
17418,1
17419,3
17420,2
17421,5
17422,2
17423,3
17424
17425,3
17426,5
17427,3
17428,5
17429
17430,5
17431,1
17432,3
17433,5
17434,4
17435,2
17436,4
17437,1
17438,3
17439,3
17440,5
17441,2
17442,3
17443,3
17444,3
17445,3
17446,5
17447,3
17448,3
17449,6
17450,3
17451,3
17452,5
17453,3
17454,2
17455
17456
17457,2
17458,5
17459,3
17460,1
17461,2
17462,5
17463,2
17464,3
17465,3
17466,4
17467,2
17468
17469,3
17470
17471,2
17472,3
17473,3
17474
17475,3
17476,3
17477,3
17478,3
17479,3
17480,6
17481,2
17482,5
17483,3
17484,3
17485,3
17486,3
17487,4
17488,3
17489,2
17490
17491,1
17492,3
17493,3
17494,1
17495,6
17496,2
17497
17498,3
17499
17500,6
17501,3
17502,6
17503,3
17504,4
17505
17506,3
17507,3
17508,3
17509
17510,2
17511
17512,4
17513
17514
17515,2
17516,4
17517,3
17518,3
17519
17520,4
17521,1
17522,5
17523,2
17524
17525,3
17526,3
17527,5
17528,3
17529,3
17530
17531,6
17532,3
17533,4
17534,4
17535,3
17536,3
17537
17538
17539
17540,3
17541,3
17542,3
17543,1
17544,2
17545,2
17546,3
17547,4
17548,3
17549
17550,2
17551
17552
17553,4
17554,3
17555,4
17556
17557,2
17558,2
17559,5
17560,3
17561,3
17562,2
17563,2
17564,3
17565,6
17566
17567
17568,1
17569,2
17570,5
17571,4
17572,3
17573,3
17574,2
17575,5
17576,3
17577,3
17578,3
17579,5
17580
17581,4
17582,3
17583,1
17584,3
17585,3
17586,4
17587,3
17588,5
17589,3
17590
17591
17592,4
17593,2
17594,1
17595,5
17596,4
17597,6
17598,3
17599,2
17600,5
17601,3
17602,3
17603,3
17604,4
17605,1
17606,3
17607
17608,2
17609,3
17610,3
17611
17612,3
17613,3
17614
17615,3
17616,3
17617,3
17618,3
17619,5
17620,5
17621
17622,3
17623,1
17624,3
17625,3
17626,3
17627
17628,3
17629,3
17630,5
17631,4
17632,3
17633,4
17634,3
17635,3
17636,3
17637,3
17638,3
17639,1
17640,6
17641,3
17642,5
17643,3
17644,4
17645,3
17646,2
17647,4
17648,3
17649,3
17650,6
17651,1
17652
17653
17654
17655,5
17656,3
17657,2
17658,2
17659,3
17660
17661,1
17662,2
17663,3
17664,1
17665,3
17666,5
17667
17668,5
17669,4
17670
17671
17672,4
17673,4
17674,3
17675,1
17676
17677,5
17678
17679,6
17680,5
17681,6
17682,1
17683,3
17684,2
17685
17686,3
17687,1
17688
17689,3
17690,3
17691,2
17692,4
17693,2
17694,3
17695,3
17696
17697,3
17698,1
17699,3
17700,3
17701
17702,3
17703,2
17704,1
17705,3
17706,3
17707,3
17708,2
17709
17710,4
17711
17712,6
17713,2
17714,3
17715,3
17716,3
17717,4
17718
17719,5
17720
17721,3
17722,3
17723,3
17724
17725,3
17726,5
17727,5
17728,3
17729,2
17730,3
17731,4
17732,3
17733,3
17734
17735
17736,5
17737,6
17738,1
17739,5
17740,4
17741,3
17742,3
17743,3
17744,3
17745,3
17746
17747,3
17748,5
17749,5
17750,3
17751
17752,3
17753,3
17754,2
17755,3
17756,1
17757,2
17758,5
17759,3
17760,2
17761,5
17762
17763,3
17764,3
17765,2
17766,2
17767
17768
17769,3
17770,5
17771,5
17772,3
17773,1
17774,3
17775,3
17776,3
17777,5
17778,6
17779
17780
17781,3
17782,5
17783,1
17784,2
17785,1
17786,3
17787
17788,4
17789,5
17790,3
17791
17792
17793,3
17794,3
17795,5
17796,5
17797,2
17798,3
17799,3
17800
17801,3
17802
17803,1
17804,1
17805,2
17806,1
17807,6
17808,3
17809,5
17810,3
17811,5
17812,5
17813,5
17814,1
17815,3
17816,3
17817,5
17818,2
17819,1
17820,3
17821,5
17822,5
17823,3
17824,2
17825,4
17826
17827,3
17828,3
17829,5
17830,3
17831,2
17832,3
17833,5
17834,6
17835,3
17836,3
17837,3
17838,3
17839,3
17840,5
17841,4
17842,3
17843,3
17844,4
17845,4
17846,5
17847,3
17848
17849,3
17850,3
17851
17852,1
17853,3
17854,2
17855,3
17856,4
17857,3
17858,4
17859,2
17860,3
17861,5
17862,3
17863
17864,2
17865,2
17866,3
17867,5
17868,2
17869,3
17870,4
17871,3
17872,3
17873,3
17874
17875
17876,4
17877,5
17878,3
17879,4
17880,3
17881,3
17882,5
17883
17884,5
17885,5
17886,4
17887,3
17888,3
17889,5
17890
17891,4
17892,2
17893,1
17894
17895,3
17896
17897,3
17898
17899,5
17900,3
17901,3
17902
17903
17904,3
17905,5
17906,5
17907,3
17908,2
17909,4
17910,3
17911,5
17912
17913,3
17914,3
17915,3
17916
17917,3
17918,3
17919
17920,3
17921
17922,5
17923,3
17924,1
17925,3
17926,1
17927,3
17928,3
17929,2
17930,4
17931,3
17932,3
17933,1
17934
17935,3
17936,2
17937,4
17938
17939,3
17940,2
17941,5
17942,3
17943,3
17944,5
17945,3
17946,3
17947,2
17948,2
17949
17950,2
17951
17952,4
17953
17954
17955,3
17956,3
17957,4
17958,3
17959,3
17960,2
17961,1
17962,3
17963,1
17964,3
17965,3
17966,3
17967,3
17968,3
17969,2
17970,3
17971,3
17972,3
17973,3
17974,2
17975,3
17976,1
17977,2
17978,2
17979,3
17980,5
17981,1
17982,3
17983,4
17984,3
17985,5
17986
17987,3
17988,5
17989,3
17990,3
17991,3
17992,4
17993,5
17994
17995,3
17996,3
17997
17998,1
17999,3
18000,5
18001,3
18002
18003,3
18004,3
18005,3
18006,3
18007,3
18008,6
18009,3
18010
18011,3
18012,4
18013,3
18014,3
18015,2
18016,1
18017,5
18018,5
18019,3
18020,3
18021,1
18022,3
18023
18024
18025,1
18026,3
18027,3
18028,3
18029,3
18030,3
18031,2
18032,1
18033,1
18034,5
18035,3
18036,3
18037,3
18038,4
18039,2
18040
18041,3
18042
18043
18044,5
18045
18046,5
18047,5
18048,3
18049,3
18050,3
18051,4
18052,3
18053,3
18054,4
18055,5
18056,5
18057,2
18058,1
18059,3
18060
18061,3
18062,1
18063,3
18064,3
18065,2
18066
18067,2
18068
18069,3
18070,3
18071,5
18072,3
18073,1
18074,2
18075,3
18076,5
18077,2
18078,6
18079,3
18080,3
18081,3
18082,3
18083,4
18084
18085
18086,2
18087,3
18088,6
18089,3
18090,2
18091,3
18092,3
18093
18094,3
18095,3
18096,3
18097,4
18098,2
18099,3
18100,2
18101
18102,5
18103,4
18104,1
18105,1
18106,6
18107
18108,3
18109,1
18110
18111,6
18112,3
18113,2
18114
18115,3
18116,3
18117,3
18118,5
18119,2
18120,3
18121,3
18122,4
18123,3
18124,1
18125
18126,3
18127,3
18128
18129,2
18130
18131,3
18132,6
18133,1
18134,5
18135,3
18136
18137,3
18138,2
18139,3
18140,2
18141
18142,5
18143,2
18144,3
18145,1
18146,3
18147,3
18148,1
18149
18150,1
18151,4
18152,3
18153,3
18154
18155,2
18156
18157
18158,3
18159,3
18160
18161,3
18162,3
18163,2
18164,3
18165,1
18166,1
18167,2
18168,3
18169,1
18170,4
18171
18172
18173,2
18174,6
18175,3
18176,3
18177,2
18178,1
18179,3
18180,6
18181
18182
18183
18184
18185
18186,3
18187,3
18188,6
18189,3
18190,3
18191,5
18192,2
18193,3
18194,3
18195,3
18196,3
18197,2
18198,2
18199
18200
18201,3
18202,5
18203
18204,3
18205,1
18206,5
18207
18208,3
18209,3
18210,4
18211,5
18212,3
18213,2
18214,3
18215,1
18216
18217
18218,3
18219,3
18220,3
18221
18222,3
18223,6
18224,4
18225,1
18226
18227,5
18228,3
18229,2
18230,5
18231
18232
18233,3
18234,3
18235
18236,2
18237,3
18238,4
18239,3
18240,3
18241
18242,1
18243,3
18244,6
18245,2
18246
18247
18248,2
18249
18250,2
18251,3
18252,1
18253,3
18254,5
18255
18256,3
18257
18258,3
18259,3
18260,1
18261,3
18262,3
18263,3
18264,3
18265
18266,3
18267,6
18268,5
18269,3
18270,3
18271,6
18272,2
18273,5
18274
18275
18276,5
18277,3
18278,2
18279,2
18280,3
18281,3
18282,1
18283,3
18284,3
18285,2
18286
18287,3
18288,6
18289,3
18290,4
18291,2
18292,4
18293
18294,3
18295,3
18296
18297
18298,3
18299,6
18300,3
18301,4
18302,3
18303
18304,3
18305,3
18306,3
18307,3
18308,2
18309,3
18310,3
18311,1
18312,3
18313,3
18314,2
18315,2
18316,3
18317,1
18318,4
18319
18320,3
18321,3
18322,6
18323,3
18324,3
18325,3
18326,1
18327,1
18328,3
18329,3
18330,1
18331,1
18332,1
18333,5
18334,3
18335,3
18336,4
18337
18338,5
18339
18340,3
18341
18342,3
18343,2
18344,2
18345,3
18346,1
18347,2
18348,2
18349,5
18350
18351,3
18352,3
18353,3
18354,3
18355
18356,1
18357,3
18358,3
18359,5
18360,5
18361
18362
18363,5
18364,6
18365
18366,5
18367,3
18368,1
18369,2
18370,1
18371
18372,3
18373,5
18374,3
18375,1
18376,3
18377,3
18378,3
18379,3
18380,1
18381
18382
18383,2
18384
18385
18386,3
18387,2
18388
18389,1
18390,3
18391,3
18392,3
18393,3
18394,5
18395,2
18396,1
18397,3
18398,3
18399,4
18400,3
18401,3
18402,3
18403,3
18404,3
18405,4
18406,4
18407,5
18408
18409,3
18410,5
18411,5
18412,4
18413,4
18414,2
18415,2
18416
18417,5
18418,5
18419,3
18420,3
18421,1
18422,3
18423,2
18424,3
18425,3
18426,5
18427,5
18428,5
18429
18430,3
18431,2
18432,3
18433,3
18434,3
18435
18436
18437,3
18438,3
18439
18440,1
18441,3
18442,3
18443,1
18444,5
18445,3
18446,5
18447,3
18448,6
18449,3
18450,2
18451,3
18452,5
18453,2
18454,3
18455
18456,1
18457
18458,3
18459,2
18460,3
18461,5
18462,1
18463
18464,3
18465,4
18466,6
18467,3
18468
18469,1
18470,5
18471,4
18472,1
18473
18474,3
18475,2
18476,4
18477,3
18478
18479,5
18480,1
18481
18482,2
18483,3
18484,1
18485,3
18486
18487,1
18488,5
18489,6
18490,1
18491,4
18492,5
18493,1
18494,3
18495,3
18496,3
18497,1
18498,5
18499,3
18500,3
18501,5
18502
18503,3
18504,3
18505,3
18506,3
18507
18508,3
18509,2
18510,3
18511,3
18512,3
18513,3
18514,5
18515,3
18516,2
18517
18518,2
18519,5
18520,3
18521,2
18522
18523,3
18524,1
18525,3
18526,4
18527,3
18528,5
18529
18530,5
18531,1
18532,3
18533,3
18534,3
18535,1
18536,5
18537
18538,3
18539,5
18540,1
18541,2
18542,2
18543
18544,3
18545,4
18546,3
18547
18548,3
18549,3
18550,1
18551,2
18552,2
18553,5
18554,1
18555,3
18556,1
18557,3
18558,3
18559,1
18560,2
18561,3
18562,3
18563,3
18564,4
18565,3
18566,4
18567,3
18568,3
18569,3
18570,2
18571,3
18572,2
18573,3
18574,5
18575,2
18576,3
18577,3
18578
18579,1
18580,4
18581,3
18582
18583,3
18584,3
18585,3
18586,5
18587,2
18588
18589,3
18590
18591
18592,3
18593,3
18594,4
18595,5
18596,3
18597
18598,2
18599,4
18600,3
18601
18602
18603
18604,3
18605,2
18606,3
18607,3
18608,2
18609,5
18610
18611,6
18612
18613,3
18614,1
18615
18616,2
18617,3
18618,2
18619,3
18620,3
18621,2
18622,3
18623,3
18624,1
18625
18626,5
18627
18628,3
18629,3
18630,3
18631,5
18632,5
18633,1
18634,3
18635,2
18636,3
18637
18638
18639,3
18640,5
18641,3
18642,2
18643,5
18644,3
18645,3
18646,3
18647,2
18648,1
18649,1
18650,3
18651,5
18652,6
18653,2
18654,1
18655,5
18656,2
18657,3
18658,2
18659,1
18660,3
18661,3
18662,5
18663,2
18664,3
18665
18666
18667,4
18668,3
18669,3
18670,3
18671,3
18672,3
18673
18674,3
18675,3
18676
18677,3
18678,3
18679
18680,5
18681,3
18682,4
18683,3
18684,5
18685,6
18686,1
18687,3
18688,5
18689
18690
18691,4
18692,3
18693,3
18694,4
18695,3
18696
18697,3
18698,1
18699
18700,3
18701
18702,6
18703
18704,2
18705,5
18706,1
18707,3
18708,2
18709,1
18710,1
18711,5
18712,3
18713,4
18714,4
18715
18716,3
18717,3
18718
18719,6
18720,3
18721,3
18722,2
18723,3
18724,1
18725,3
18726,2
18727,1
18728,5
18729
18730,3
18731,3
18732,4
18733
18734,1
18735
18736,3
18737
18738,3
18739,3
18740,3
18741,3
18742,3
18743
18744,3
18745
18746
18747,3
18748,3
18749,3
18750,1
18751,3
18752,4
18753,3
18754,1
18755,3
18756,4
18757,3
18758,5
18759,4
18760,2
18761,3
18762,3
18763,3
18764
18765
18766,3
18767,3
18768,3
18769,5
18770,1
18771,3
18772,2
18773,1
18774,4
18775,3
18776
18777,1
18778,2
18779,2
18780
18781,3
18782,3
18783
18784,3
18785,4
18786,2
18787,3
18788,3
18789
18790
18791,3
18792,1
18793,4
18794,3
18795,6
18796,5
18797,3
18798,3
18799,3
18800,5
18801,3
18802
18803,5
18804,5
18805,1
18806
18807,1
18808,5
18809,1
18810,3
18811,2
18812
18813,5
18814,3
18815
18816,3
18817
18818,3
18819,3
18820,2
18821,3
18822,5
18823,1
18824,3
18825,3
18826,5
18827,3
18828,3
18829,3
18830,3
18831,3
18832
18833,3
18834
18835,5
18836,3
18837,1
18838,2
18839,3
18840,3
18841
18842
18843,5
18844,6
18845,3
18846
18847,3
18848,3
18849
18850,4
18851,3
18852,3
18853,5
18854,5
18855
18856
18857,1
18858,2
18859
18860,3
18861
18862,5
18863,3
18864
18865,5
18866,2
18867,3
18868,4
18869,2
18870,3
18871,5
18872,3
18873,3
18874,4
18875,3
18876,3
18877,3
18878,6
18879,3
18880
18881,3
18882,3
18883,2
18884,3
18885,3
18886,3
18887,3
18888,5
18889,5
18890,3
18891,5
18892,3
18893,1
18894,3
18895,4
18896,2
18897,2
18898,2
18899,2
18900,3
18901,4
18902,4
18903
18904,1
18905,4
18906,5
18907,2
18908,2
18909
18910,3
18911,3
18912,5
18913
18914
18915,3
18916,3
18917,4
18918,2
18919,3
18920,3
18921
18922,2
18923
18924,6
18925,3
18926,5
18927,2
18928,3
18929,5
18930,1
18931,1
18932,3
18933,1
18934,2
18935,3
18936,3
18937
18938,4
18939
18940,3
18941
18942,4
18943,3
18944,3
18945,4
18946,3
18947,1
18948,3
18949,1
18950,4
18951,3
18952
18953
18954,3
18955,3
18956,1
18957
18958,2
18959,1
18960,6
18961,3
18962,1
18963,5
18964,5
18965,2
18966,3
18967,5
18968,3
18969
18970
18971,2
18972,3
18973,3
18974,4
18975,4
18976,1
18977
18978,2
18979,3
18980,3
18981,6
18982,5
18983,3
18984,3
18985,3
18986,3
18987,6
18988
18989
18990,3
18991,4
18992,3
18993
18994
18995,4
18996
18997,5
18998,6
18999,5
19000,5
19001
19002,2
19003
19004,4
19005,3
19006,5
19007,1
19008,5
19009,2
19010,3
19011
19012,3
19013,3
19014
19015,3
19016
19017,3
19018,3
19019
19020,3
19021,5
19022,6
19023,3
19024
19025,1
19026
19027,3
19028,3
19029,3
19030
19031,3
19032,3
19033
19034,3
19035,1
19036,4
19037,3
19038
19039,3
19040,1
19041,3
19042,5
19043,3
19044,3
19045
19046,5
19047,3
19048,3
19049,3
19050
19051
19052,3
19053
19054,4
19055,3
19056
19057
19058,3
19059,6
19060,3
19061,3
19062
19063
19064,2
19065,3
19066,1
19067,2
19068,3
19069,3
19070
19071,4
19072,5
19073,3
19074
19075,3
19076,3
19077
19078,6
19079,3
19080,3
19081
19082,5
19083,3
19084,3
19085,2
19086,6
19087,3
19088,4
19089
19090,4
19091,3
19092,2
19093,3
19094,3
19095,3
19096,6
19097
19098,2
19099,1
19100,2
19101,3
19102,3
19103,6
19104,3
19105,1
19106
19107
19108,3
19109,2
19110
19111,3
19112
19113,1
19114,3
19115,2
19116,3
19117,3
19118,3
19119,5
19120,3
19121,1
19122,3
19123
19124,1
19125
19126,4
19127
19128,5
19129
19130,1
19131,1
19132
19133,2
19134,3
19135,2
19136,3
19137,3
19138,3
19139,3
19140,5
19141,3
19142,4
19143,1
19144,5
19145,2
19146,3
19147,3
19148,5
19149,3
19150,6
19151,6
19152,3
19153,6
19154,3
19155,3
19156,2
19157,3
19158,3
19159,6
19160,3
19161,3
19162
19163
19164,3
19165,5
19166,3
19167,3
19168,4
19169
19170,3
19171
19172
19173,5
19174,1
19175,2
19176,6
19177,5
19178,5
19179,6
19180,5
19181,6
19182,3
19183
19184,3
19185,5
19186,6
19187,3
19188,2
19189,3
19190,6
19191,3
19192,3
19193,3
19194,3
19195,3
19196,5
19197,3
19198,3
19199,3
19200,3
19201,3
19202,2
19203,3
19204,3
19205,5
19206
19207,4
19208,3
19209
19210,3
19211,3
19212,2
19213,3
19214,1
19215,3
19216,3
19217,6
19218,6
19219,5
19220,3
19221
19222
19223,1
19224,5
19225,1
19226,2
19227
19228,1
19229,3
19230,3
19231,2
19232,3
19233,3
19234,6
19235,1
19236,5
19237,3
19238,5
19239,2
19240,3
19241,3
19242,2
19243,3
19244
19245,3
19246,3
19247,5
19248
19249,5
19250,3
19251,6
19252,2
19253,3
19254,2
19255,3
19256,3
19257,3
19258,3
19259
19260,3
19261,3
19262,3
19263,5
19264,3
19265,3
19266,3
19267,3
19268,3
19269,5
19270
19271,3
19272,3
19273
19274,2
19275,5
19276,3
19277,2
19278,3
19279,3
19280,2
19281,3
19282,3
19283,3
19284
19285,3
19286,3
19287,5
19288,3
19289,4
19290
19291,3
19292,5
19293,3
19294
19295,3
19296,2
19297,4
19298,3
19299,3
19300,3
19301,3
19302,2
19303
19304,3
19305,1
19306,3
19307,3
19308
19309,5
19310,1
19311,3
19312,1
19313,3
19314,3
19315,1
19316
19317,2
19318,1
19319,3
19320
19321,2
19322,3
19323,1
19324,4
19325,1
19326,1
19327
19328,3
19329,3
19330,3
19331,4
19332,3
19333,3
19334,2
19335,3
19336,3
19337,3
19338,3
19339
19340,2
19341
19342,6
19343,3
19344,5
19345,3
19346,1
19347
19348,1
19349,3
19350,3
19351,2
19352,2
19353,3
19354,5
19355,3
19356,2
19357,5
19358,3
19359,3
19360,3
19361,2
19362,5
19363,5
19364,3
19365,3
19366,3
19367,2
19368,3
19369,3
19370,6
19371,3
19372,3
19373,3
19374,3
19375,1
19376,3
19377
19378,2
19379,3
19380,2
19381,3
19382,1
19383,1
19384,5
19385,3
19386,2
19387
19388
19389,3
19390,4
19391,3
19392,5
19393,1
19394,4
19395,3
19396,3
19397
19398,3
19399,1
19400,3
19401,3
19402,3
19403,3
19404
19405,2
19406,3
19407,3
19408
19409,1
19410,3
19411,3
19412,3
19413
19414
19415,3
19416,3
19417
19418,5
19419,3
19420,3
19421,3
19422
19423,3
19424,3
19425,3
19426,1
19427,3
19428,3
19429,2
19430,3
19431,3
19432,5
19433,3
19434,5
19435,6
19436,5
19437,4
19438,2
19439,3
19440,6
19441,3
19442,1
19443,3
19444,2
19445,3
19446,4
19447,5
19448,3
19449,3
19450
19451
19452,3
19453,3
19454,2
19455,3
19456
19457,5
19458,3
19459,1
19460,2
19461,2
19462,3
19463,2
19464,6
19465,3
19466,4
19467,3
19468,3
19469,3
19470,4
19471,3
19472
19473
19474,3
19475,3
19476,3
19477,3
19478
19479
19480,2
19481,4
19482
19483,5
19484,1
19485,5
19486,4
19487
19488
19489,3
19490,1
19491,3
19492,5
19493,5
19494,1
19495
19496,5
19497,3
19498,3
19499,1
19500,2
19501
19502,3
19503,1
19504,2
19505,2
19506,2
19507,3
19508,3
19509
19510,5
19511,3
19512,5
19513,3
19514
19515,3
19516,6
19517,5
19518,5
19519,3
19520,5
19521,3
19522,2
19523,3
19524,3
19525,3
19526,1
19527,3
19528
19529
19530,3
19531,1
19532,3
19533,2
19534,2
19535,2
19536,5
19537,3
19538,3
19539,3
19540,2
19541,5
19542,1
19543,3
19544,3
19545,3
19546
19547
19548,3
19549,1
19550,1
19551,3
19552,3
19553,3
19554
19555
19556,3
19557,5
19558,3
19559,6
19560,3
19561,3
19562
19563,1
19564
19565,3
19566
19567,4
19568
19569,1
19570,2
19571,2
19572,3
19573
19574,2
19575
19576,3
19577,3
19578
19579,4
19580,3
19581
19582,3
19583,4
19584,3
19585,1
19586,3
19587
19588,3
19589,1
19590
19591,4
19592
19593,2
19594,3
19595,2
19596,5
19597,5
19598,5
19599
19600
19601,2
19602
19603,1
19604
19605
19606,4
19607
19608
19609,3
19610,2
19611,2
19612,4
19613
19614,3
19615
19616
19617,5
19618,5
19619
19620,3
19621,3
19622,3
19623,3
19624
19625,3
19626,3
19627,3
19628,3
19629
19630,1
19631,1
19632,3
19633,3
19634,5
19635,3
19636,4
19637,1
19638,3
19639,1
19640,3
19641,3
19642,3
19643,4
19644,2
19645,3
19646
19647,5
19648,3
19649
19650,2
19651,2
19652,1
19653
19654,5
19655,3
19656,2
19657
19658,3
19659,5
19660,3
19661,3
19662,3
19663,5
19664,2
19665
19666,3
19667,2
19668,6
19669,3
19670,3
19671,4
19672,4
19673,5
19674,1
19675,1
19676
19677,2
19678
19679,2
19680,3
19681,3
19682,3
19683,2
19684,3
19685,6
19686,3
19687,2
19688,3
19689,3
19690,2
19691,5
19692,4
19693,5
19694,1
19695,3
19696,6
19697,3
19698
19699,4
19700,2
19701,5
19702,3
19703,3
19704
19705,3
19706,5
19707,1
19708,4
19709,3
19710,3
19711,2
19712,2
19713,1
19714,3
19715,3
19716,3
19717,5
19718
19719,5
19720
19721,3
19722,3
19723,3
19724,3
19725,2
19726,3
19727,3
19728,3
19729,1
19730,3
19731,3
19732,3
19733,3
19734,3
19735,6
19736,4
19737,3
19738
19739,6
19740,3
19741,3
19742,1
19743,3
19744,2
19745,2
19746,1
19747,3
19748,1
19749
19750,3
19751,3
19752,1
19753,5
19754,1
19755
19756,1
19757,3
19758,3
19759,3
19760,5
19761,2
19762,3
19763
19764,3
19765,3
19766,2
19767,5
19768,1
19769,3
19770,3
19771,1
19772,5
19773
19774,3
19775,2
19776
19777,1
19778,3
19779,5
19780,5
19781,3
19782,2
19783,3
19784,3
19785,3
19786,4
19787,3
19788,1
19789,5
19790,3
19791,3
19792,3
19793,5
19794,3
19795,4
19796
19797,3
19798,2
19799
19800,3
19801,1
19802,5
19803,3
19804,3
19805
19806,4
19807,3
19808
19809,5
19810,6
19811,3
19812,3
19813,4
19814,3
19815,3
19816,3
19817,5
19818,3
19819
19820,3
19821
19822
19823,4
19824
19825,4
19826,2
19827,2
19828,3
19829,3
19830,3
19831,2
19832,2
19833,3
19834,5
19835,5
19836,5
19837,2
19838,3
19839,5
19840,3
19841,2
19842,3
19843,3
19844,1
19845,4
19846,2
19847,5
19848,2
19849,3
19850,1
19851,3
19852,3
19853,4
19854
19855,1
19856,3
19857,3
19858
19859,6
19860,3
19861
19862
19863,1
19864,5
19865,3
19866,3
19867,1
19868,2
19869,4
19870,5
19871,3
19872,4
19873,3
19874,1
19875,5
19876,5
19877,3
19878,3
19879,4
19880,3
19881,4
19882
19883,3
19884,1
19885,1
19886,1
19887,3
19888,2
19889,4
19890,3
19891,2
19892,6
19893,3
19894,1
19895,3
19896,5
19897,2
19898,3
19899,3
19900
19901,3
19902,3
19903,3
19904,3
19905,4
19906,1
19907,3
19908,3
19909,4
19910,5
19911,5
19912
19913
19914
19915
19916,4
19917,5
19918,3
19919,6
19920,6
19921,3
19922,3
19923
19924
19925,2
19926,5
19927,3
19928,1
19929,3
19930,6
19931
19932,3
19933,3
19934,5
19935,3
19936,2
19937
19938
19939,3
19940,4
19941
19942,3
19943
19944,3
19945,3
19946,1
19947,3
19948,3
19949,3
19950,3
19951
19952,3
19953
19954,2
19955,2
19956,3
19957,2
19958
19959,1
19960,4
19961,3
19962,6
19963
19964,3
19965,3
19966,2
19967,3
19968
19969,3
19970,2
19971
19972,3
19973,3
19974,3
19975,3
19976
19977,3
19978,3
19979,4
19980
19981,3
19982
19983,3
19984,4
19985,3
19986,4
19987,5
19988,5
19989,3
19990
19991,2
19992,3
19993,2
19994,3
19995,2
19996,3
19997,3
19998
19999,3
