Id,Predicted
0,5
1,2
2,5
3,0
4,5
5,2
6,3
7,3
8,4
9,0
10,0
11,1
12,4
13,2
14,5
15,2
16,1
17,3
18,0
19,3
20,1
21,0
22,2
23,4
24,3
25,3
26,5
27,2
28,4
29,4
30,3
31,0
32,0
33,5
34,5
35,6
36,2
37,2
38,1
39,6
40,1
41,0
42,5
43,5
44,5
45,5
46,1
47,6
48,5
49,1
50,1
51,0
52,3
53,0
54,4
55,0
56,5
57,1
58,3
59,6
60,0
61,0
62,6
63,3
64,4
65,2
66,3
67,5
68,3
69,1
70,2
71,1
72,6
73,3
74,0
75,2
76,2
77,5
78,5
79,0
80,1
81,0
82,0
83,5
84,0
85,1
86,5
87,5
88,1
89,1
90,1
91,4
92,3
93,6
94,4
95,5
96,3
97,0
98,4
99,0
100,6
101,4
102,3
103,0
104,0
105,0
106,0
107,2
108,3
109,5
110,0
111,0
112,1
113,2
114,5
115,0
116,2
117,5
118,3
119,3
120,4
121,3
122,1
123,2
124,5
125,0
126,5
127,1
128,0
129,5
130,1
131,1
132,0
133,5
134,4
135,4
136,0
137,0
138,5
139,0
140,5
141,4
142,0
143,3
144,0
145,4
146,3
147,5
148,0
149,0
150,0
151,5
152,3
153,1
154,4
155,2
156,5
157,2
158,1
159,0
160,0
161,5
162,4
163,2
164,1
165,5
166,1
167,5
168,1
169,4
170,0
171,3
172,3
173,3
174,5
175,2
176,2
177,3
178,0
179,0
180,3
181,2
182,5
183,4
184,5
185,0
186,3
187,0
188,6
189,3
190,0
191,0
192,5
193,1
194,1
195,2
196,2
197,3
198,2
199,5
200,1
201,0
202,2
203,6
204,0
205,2
206,3
207,2
208,3
209,1
210,3
211,3
212,5
213,0
214,0
215,3
216,0
217,5
218,0
219,3
220,0
221,1
222,0
223,1
224,0
225,4
226,0
227,1
228,4
229,0
230,0
231,5
232,0
233,4
234,0
235,4
236,3
237,5
238,4
239,2
240,2
241,5
242,0
243,0
244,3
245,4
246,5
247,4
248,0
249,0
250,1
251,3
252,2
253,5
254,4
255,0
256,2
257,0
258,0
259,3
260,1
261,0
262,1
263,5
264,0
265,4
266,1
267,0
268,0
269,2
270,1
271,2
272,2
273,1
274,6
275,0
276,5
277,2
278,6
279,0
280,5
281,0
282,0
283,2
284,4
285,4
286,4
287,0
288,5
289,1
290,3
291,3
292,0
293,4
294,0
295,6
296,0
297,2
298,5
299,0
300,3
301,0
302,1
303,5
304,6
305,2
306,0
307,3
308,1
309,1
310,2
311,3
312,0
313,0
314,5
315,3
316,0
317,1
318,5
319,3
320,2
321,0
322,4
323,5
324,4
325,5
326,3
327,0
328,5
329,6
330,3
331,5
332,3
333,2
334,5
335,5
336,0
337,1
338,6
339,3
340,0
341,5
342,3
343,0
344,4
345,2
346,2
347,3
348,0
349,5
350,2
351,5
352,1
353,5
354,6
355,5
356,3
357,3
358,4
359,5
360,0
361,0
362,2
363,4
364,0
365,5
366,1
367,0
368,3
369,3
370,1
371,2
372,0
373,0
374,3
375,6
376,4
377,3
378,1
379,3
380,0
381,4
382,4
383,5
384,6
385,4
386,1
387,0
388,1
389,3
390,0
391,4
392,3
393,5
394,4
395,0
396,5
397,2
398,2
399,4
400,2
401,5
402,4
403,0
404,0
405,0
406,3
407,1
408,0
409,0
410,0
411,0
412,3
413,5
414,5
415,4
416,2
417,0
418,0
419,5
420,0
421,4
422,1
423,0
424,6
425,0
426,2
427,4
428,6
429,0
430,4
431,5
432,0
433,0
434,1
435,4
436,5
437,2
438,5
439,4
440,0
441,1
442,2
443,6
444,0
445,4
446,4
447,1
448,5
449,1
450,0
451,1
452,5
453,2
454,4
455,1
456,0
457,0
458,0
459,0
460,3
461,0
462,2
463,0
464,0
465,1
466,1
467,0
468,0
469,4
470,2
471,1
472,4
473,6
474,0
475,5
476,0
477,5
478,0
479,0
480,5
481,0
482,3
483,2
484,4
485,4
486,3
487,4
488,2
489,4
490,1
491,1
492,1
493,0
494,6
495,3
496,1
497,2
498,1
499,0
500,0
501,0
502,0
503,3
504,4
505,5
506,1
507,0
508,1
509,0
510,4
511,4
512,4
513,3
514,1
515,1
516,0
517,6
518,6
519,1
520,5
521,5
522,3
523,3
524,6
525,4
526,0
527,4
528,2
529,0
530,0
531,0
532,2
533,2
534,2
535,1
536,2
537,2
538,3
539,1
540,4
541,2
542,3
543,0
544,5
545,5
546,2
547,5
548,0
549,4
550,2
551,5
552,3
553,1
554,3
555,2
556,0
557,5
558,4
559,4
560,0
561,0
562,0
563,4
564,0
565,3
566,0
567,0
568,5
569,4
570,1
571,1
572,3
573,3
574,6
575,5
576,6
577,6
578,0
579,4
580,5
581,1
582,1
583,5
584,5
585,1
586,0
587,4
588,2
589,3
590,3
591,2
592,2
593,4
594,3
595,2
596,3
597,3
598,4
599,5
600,5
601,4
602,0
603,5
604,5
605,0
606,3
607,0
608,5
609,3
610,3
611,5
612,1
613,0
614,1
615,2
616,0
617,1
618,4
619,4
620,0
621,5
622,0
623,2
624,6
625,6
626,2
627,5
628,0
629,2
630,5
631,5
632,1
633,3
634,6
635,5
636,1
637,1
638,3
639,2
640,4
641,5
642,5
643,0
644,0
645,2
646,3
647,2
648,0
649,5
650,4
651,3
652,2
653,5
654,1
655,5
656,0
657,0
658,0
659,3
660,2
661,3
662,0
663,0
664,0
665,0
666,4
667,0
668,2
669,5
670,3
671,0
672,5
673,0
674,6
675,2
676,3
677,1
678,4
679,2
680,4
681,2
682,4
683,2
684,2
685,1
686,5
687,6
688,3
689,0
690,5
691,3
692,2
693,0
694,4
695,5
696,1
697,1
698,3
699,1
700,4
701,4
702,3
703,4
704,2
705,5
706,3
707,0
708,5
709,0
710,1
711,3
712,2
713,1
714,4
715,4
716,5
717,5
718,0
719,4
720,0
721,0
722,3
723,2
724,1
725,5
726,4
727,6
728,5
729,1
730,0
731,2
732,3
733,4
734,1
735,4
736,2
737,3
738,1
739,0
740,5
741,0
742,1
743,0
744,5
745,1
746,0
747,1
748,2
749,2
750,3
751,0
752,2
753,5
754,0
755,0
756,4
757,1
758,4
759,5
760,4
761,4
762,0
763,1
764,0
765,0
766,1
767,5
768,1
769,3
770,1
771,5
772,5
773,2
774,0
775,2
776,2
777,0
778,3
779,0
780,2
781,0
782,4
783,1
784,1
785,2
786,3
787,0
788,0
789,2
790,3
791,3
792,2
793,2
794,0
795,0
796,6
797,3
798,5
799,3
800,0
801,5
802,1
803,1
804,3
805,1
806,5
807,5
808,2
809,3
810,6
811,5
812,4
813,3
814,0
815,1
816,5
817,4
818,4
819,2
820,0
821,4
822,3
823,2
824,2
825,2
826,2
827,5
828,2
829,0
830,0
831,5
832,2
833,0
834,6
835,0
836,2
837,5
838,4
839,3
840,3
841,3
842,3
843,0
844,0
845,5
846,0
847,5
848,1
849,1
850,2
851,1
852,0
853,4
854,0
855,5
856,4
857,0
858,5
859,0
860,4
861,0
862,4
863,0
864,3
865,2
866,0
867,3
868,5
869,1
870,2
871,0
872,0
873,0
874,5
875,2
876,4
877,1
878,0
879,3
880,4
881,2
882,1
883,0
884,0
885,5
886,3
887,0
888,0
889,3
890,2
891,5
892,0
893,6
894,4
895,4
896,1
897,3
898,6
899,1
900,0
901,2
902,3
903,0
904,1
905,0
906,0
907,0
908,5
909,2
910,1
911,3
912,3
913,2
914,4
915,4
916,4
917,3
918,0
919,0
920,6
921,3
922,2
923,1
924,3
925,6
926,4
927,0
928,1
929,1
930,1
931,2
932,0
933,5
934,6
935,5
936,4
937,6
938,0
939,4
940,0
941,5
942,1
943,0
944,4
945,5
946,1
947,3
948,5
949,2
950,0
951,5
952,0
953,3
954,2
955,0
956,0
957,0
958,2
959,3
960,3
961,3
962,0
963,5
964,5
965,4
966,6
967,2
968,4
969,3
970,5
971,5
972,2
973,1
974,5
975,0
976,4
977,2
978,4
979,0
980,0
981,0
982,4
983,0
984,4
985,5
986,0
987,1
988,3
989,0
990,2
991,4
992,2
993,1
994,2
995,4
996,4
997,4
998,3
999,3
1000,3
1001,1
1002,0
1003,0
1004,0
1005,6
1006,0
1007,0
1008,2
1009,5
1010,0
1011,5
1012,1
1013,0
1014,0
1015,3
1016,5
1017,0
1018,3
1019,5
1020,5
1021,0
1022,1
1023,4
1024,5
1025,1
1026,0
1027,1
1028,5
1029,5
1030,3
1031,2
1032,3
1033,5
1034,0
1035,5
1036,4
1037,6
1038,0
1039,2
1040,5
1041,0
1042,3
1043,2
1044,3
1045,5
1046,5
1047,4
1048,0
1049,1
1050,6
1051,2
1052,4
1053,0
1054,0
1055,4
1056,0
1057,0
1058,1
1059,0
1060,4
1061,5
1062,2
1063,5
1064,6
1065,3
1066,3
1067,0
1068,3
1069,4
1070,0
1071,0
1072,5
1073,2
1074,5
1075,6
1076,1
1077,1
1078,6
1079,4
1080,0
1081,5
1082,4
1083,1
1084,6
1085,1
1086,5
1087,1
1088,4
1089,5
1090,0
1091,3
1092,0
1093,3
1094,0
1095,3
1096,5
1097,2
1098,0
1099,6
1100,1
1101,0
1102,3
1103,4
1104,1
1105,0
1106,2
1107,4
1108,1
1109,3
1110,5
1111,5
1112,6
1113,1
1114,5
1115,0
1116,5
1117,0
1118,3
1119,4
1120,1
1121,4
1122,5
1123,1
1124,2
1125,0
1126,5
1127,0
1128,1
1129,4
1130,0
1131,3
1132,1
1133,2
1134,2
1135,0
1136,0
1137,3
1138,2
1139,5
1140,0
1141,3
1142,2
1143,2
1144,4
1145,2
1146,1
1147,1
1148,0
1149,3
1150,2
1151,6
1152,1
1153,0
1154,1
1155,2
1156,2
1157,3
1158,0
1159,0
1160,1
1161,0
1162,0
1163,1
1164,4
1165,2
1166,0
1167,3
1168,5
1169,3
1170,6
1171,5
1172,0
1173,0
1174,3
1175,0
1176,0
1177,1
1178,3
1179,0
1180,0
1181,1
1182,5
1183,1
1184,0
1185,0
1186,0
1187,5
1188,5
1189,2
1190,5
1191,0
1192,4
1193,0
1194,1
1195,0
1196,0
1197,0
1198,2
1199,3
1200,4
1201,1
1202,3
1203,0
1204,6
1205,0
1206,2
1207,6
1208,0
1209,6
1210,2
1211,0
1212,0
1213,4
1214,1
1215,3
1216,6
1217,0
1218,1
1219,6
1220,5
1221,5
1222,5
1223,3
1224,4
1225,0
1226,4
1227,1
1228,5
1229,5
1230,3
1231,1
1232,0
1233,1
1234,1
1235,2
1236,5
1237,0
1238,0
1239,1
1240,0
1241,0
1242,1
1243,3
1244,5
1245,2
1246,6
1247,1
1248,0
1249,0
1250,4
1251,3
1252,2
1253,1
1254,2
1255,0
1256,5
1257,1
1258,3
1259,5
1260,2
1261,3
1262,5
1263,0
1264,0
1265,5
1266,5
1267,2
1268,5
1269,2
1270,1
1271,0
1272,0
1273,4
1274,5
1275,0
1276,2
1277,0
1278,1
1279,3
1280,1
1281,6
1282,4
1283,5
1284,1
1285,1
1286,5
1287,0
1288,2
1289,2
1290,1
1291,6
1292,1
1293,1
1294,1
1295,2
1296,1
1297,4
1298,5
1299,0
1300,0
1301,0
1302,1
1303,3
1304,1
1305,6
1306,6
1307,2
1308,2
1309,3
1310,0
1311,4
1312,2
1313,4
1314,5
1315,5
1316,4
1317,5
1318,1
1319,3
1320,3
1321,4
1322,4
1323,0
1324,5
1325,5
1326,1
1327,0
1328,1
1329,0
1330,1
1331,1
1332,5
1333,2
1334,3
1335,4
1336,0
1337,2
1338,0
1339,3
1340,1
1341,5
1342,1
1343,6
1344,0
1345,4
1346,0
1347,1
1348,3
1349,4
1350,0
1351,3
1352,0
1353,5
1354,4
1355,5
1356,4
1357,5
1358,1
1359,0
1360,0
1361,3
1362,0
1363,4
1364,0
1365,4
1366,3
1367,1
1368,3
1369,0
1370,0
1371,4
1372,4
1373,1
1374,2
1375,2
1376,0
1377,1
1378,3
1379,3
1380,3
1381,2
1382,5
1383,0
1384,3
1385,5
1386,4
1387,6
1388,4
1389,2
1390,6
1391,0
1392,2
1393,0
1394,0
1395,3
1396,5
1397,0
1398,0
1399,5
1400,0
1401,4
1402,2
1403,0
1404,6
1405,4
1406,5
1407,0
1408,4
1409,0
1410,1
1411,5
1412,4
1413,0
1414,2
1415,5
1416,6
1417,0
1418,6
1419,0
1420,0
1421,3
1422,0
1423,1
1424,0
1425,3
1426,3
1427,2
1428,5
1429,0
1430,0
1431,3
1432,5
1433,4
1434,4
1435,0
1436,0
1437,5
1438,0
1439,0
1440,2
1441,1
1442,0
1443,5
1444,1
1445,4
1446,1
1447,0
1448,1
1449,2
1450,0
1451,0
1452,1
1453,1
1454,1
1455,2
1456,6
1457,5
1458,5
1459,2
1460,0
1461,2
1462,0
1463,3
1464,1
1465,2
1466,3
1467,3
1468,3
1469,3
1470,4
1471,0
1472,6
1473,4
1474,4
1475,0
1476,0
1477,1
1478,4
1479,2
1480,6
1481,3
1482,4
1483,1
1484,1
1485,5
1486,6
1487,2
1488,0
1489,5
1490,0
1491,4
1492,5
1493,0
1494,4
1495,1
1496,2
1497,5
1498,1
1499,3
1500,0
1501,2
1502,4
1503,2
1504,4
1505,0
1506,1
1507,5
1508,5
1509,2
1510,1
1511,4
1512,6
1513,2
1514,5
1515,0
1516,0
1517,1
1518,5
1519,3
1520,5
1521,0
1522,5
1523,1
1524,1
1525,2
1526,3
1527,2
1528,0
1529,3
1530,1
1531,6
1532,5
1533,5
1534,0
1535,3
1536,1
1537,0
1538,2
1539,1
1540,6
1541,0
1542,3
1543,1
1544,0
1545,3
1546,2
1547,0
1548,4
1549,5
1550,1
1551,0
1552,0
1553,4
1554,0
1555,5
1556,5
1557,0
1558,3
1559,0
1560,2
1561,5
1562,2
1563,0
1564,1
1565,0
1566,3
1567,6
1568,3
1569,6
1570,2
1571,3
1572,5
1573,0
1574,3
1575,2
1576,0
1577,3
1578,2
1579,1
1580,4
1581,0
1582,3
1583,0
1584,0
1585,0
1586,3
1587,0
1588,4
1589,2
1590,0
1591,3
1592,5
1593,0
1594,5
1595,0
1596,2
1597,0
1598,0
1599,0
1600,5
1601,4
1602,0
1603,3
1604,0
1605,1
1606,3
1607,0
1608,4
1609,0
1610,3
1611,0
1612,1
1613,2
1614,0
1615,2
1616,1
1617,0
1618,1
1619,6
1620,1
1621,2
1622,1
1623,5
1624,2
1625,4
1626,3
1627,0
1628,2
1629,3
1630,5
1631,2
1632,0
1633,0
1634,0
1635,0
1636,5
1637,1
1638,5
1639,0
1640,0
1641,3
1642,4
1643,4
1644,1
1645,2
1646,0
1647,0
1648,2
1649,0
1650,2
1651,0
1652,0
1653,3
1654,2
1655,4
1656,5
1657,0
1658,5
1659,2
1660,0
1661,1
1662,0
1663,3
1664,0
1665,5
1666,4
1667,0
1668,0
1669,1
1670,6
1671,0
1672,6
1673,3
1674,5
1675,4
1676,2
1677,0
1678,5
1679,4
1680,5
1681,5
1682,3
1683,3
1684,0
1685,6
1686,3
1687,3
1688,0
1689,3
1690,2
1691,5
1692,1
1693,0
1694,2
1695,6
1696,3
1697,5
1698,4
1699,0
1700,6
1701,2
1702,0
1703,2
1704,2
1705,0
1706,1
1707,4
1708,1
1709,5
1710,4
1711,1
1712,6
1713,0
1714,0
1715,1
1716,3
1717,3
1718,1
1719,3
1720,1
1721,3
1722,5
1723,2
1724,4
1725,2
1726,0
1727,2
1728,3
1729,0
1730,6
1731,2
1732,5
1733,1
1734,4
1735,0
1736,3
1737,2
1738,5
1739,5
1740,0
1741,0
1742,0
1743,0
1744,1
1745,4
1746,0
1747,1
1748,1
1749,3
1750,0
1751,2
1752,0
1753,0
1754,5
1755,5
1756,6
1757,3
1758,6
1759,6
1760,5
1761,3
1762,5
1763,0
1764,4
1765,5
1766,1
1767,1
1768,4
1769,2
1770,6
1771,0
1772,3
1773,0
1774,4
1775,3
1776,5
1777,5
1778,4
1779,0
1780,3
1781,3
1782,4
1783,2
1784,2
1785,2
1786,0
1787,2
1788,5
1789,1
1790,0
1791,5
1792,0
1793,0
1794,4
1795,2
1796,1
1797,0
1798,2
1799,0
1800,5
1801,5
1802,1
1803,1
1804,3
1805,2
1806,0
1807,6
1808,0
1809,6
1810,5
1811,3
1812,5
1813,0
1814,2
1815,5
1816,4
1817,2
1818,3
1819,2
1820,3
1821,0
1822,3
1823,1
1824,0
1825,1
1826,1
1827,1
1828,2
1829,2
1830,4
1831,1
1832,3
1833,0
1834,1
1835,2
1836,4
1837,0
1838,0
1839,0
1840,6
1841,0
1842,1
1843,1
1844,2
1845,2
1846,0
1847,2
1848,0
1849,6
1850,2
1851,0
1852,1
1853,6
1854,1
1855,3
1856,0
1857,3
1858,1
1859,5
1860,1
1861,0
1862,2
1863,5
1864,0
1865,6
1866,0
1867,4
1868,5
1869,2
1870,5
1871,2
1872,2
1873,0
1874,0
1875,5
1876,0
1877,3
1878,2
1879,0
1880,4
1881,0
1882,2
1883,0
1884,2
1885,3
1886,4
1887,5
1888,4
1889,5
1890,1
1891,5
1892,4
1893,1
1894,1
1895,1
1896,2
1897,1
1898,3
1899,3
1900,1
1901,3
1902,5
1903,5
1904,6
1905,5
1906,3
1907,3
1908,2
1909,1
1910,1
1911,2
1912,0
1913,0
1914,0
1915,3
1916,2
1917,6
1918,2
1919,2
1920,4
1921,4
1922,1
1923,0
1924,4
1925,0
1926,1
1927,0
1928,3
1929,5
1930,2
1931,3
1932,2
1933,5
1934,5
1935,1
1936,0
1937,3
1938,5
1939,6
1940,0
1941,6
1942,5
1943,4
1944,2
1945,2
1946,5
1947,2
1948,2
1949,5
1950,3
1951,5
1952,6
1953,1
1954,5
1955,0
1956,5
1957,1
1958,5
1959,5
1960,3
1961,5
1962,3
1963,0
1964,6
1965,0
1966,4
1967,5
1968,4
1969,1
1970,0
1971,3
1972,0
1973,0
1974,1
1975,3
1976,0
1977,5
1978,3
1979,0
1980,2
1981,4
1982,6
1983,0
1984,0
1985,0
1986,6
1987,5
1988,5
1989,4
1990,0
1991,1
1992,1
1993,5
1994,3
1995,0
1996,3
1997,0
1998,2
1999,5
2000,3
2001,6
2002,3
2003,1
2004,0
2005,4
2006,1
2007,6
2008,5
2009,1
2010,5
2011,1
2012,2
2013,3
2014,3
2015,0
2016,0
2017,1
2018,2
2019,3
2020,0
2021,4
2022,1
2023,4
2024,2
2025,1
2026,1
2027,1
2028,3
2029,6
2030,0
2031,4
2032,4
2033,6
2034,0
2035,0
2036,0
2037,2
2038,1
2039,4
2040,2
2041,4
2042,5
2043,1
2044,4
2045,4
2046,1
2047,5
2048,4
2049,3
2050,4
2051,6
2052,4
2053,2
2054,0
2055,0
2056,2
2057,0
2058,0
2059,4
2060,4
2061,0
2062,2
2063,3
2064,0
2065,1
2066,5
2067,5
2068,0
2069,4
2070,6
2071,4
2072,2
2073,5
2074,0
2075,5
2076,4
2077,1
2078,4
2079,4
2080,0
2081,0
2082,4
2083,3
2084,5
2085,0
2086,2
2087,1
2088,1
2089,0
2090,4
2091,4
2092,3
2093,3
2094,6
2095,5
2096,0
2097,0
2098,3
2099,3
2100,5
2101,2
2102,5
2103,3
2104,1
2105,2
2106,5
2107,0
2108,1
2109,0
2110,5
2111,5
2112,1
2113,4
2114,5
2115,2
2116,5
2117,0
2118,5
2119,5
2120,5
2121,2
2122,1
2123,0
2124,4
2125,2
2126,3
2127,0
2128,1
2129,0
2130,3
2131,2
2132,2
2133,0
2134,3
2135,1
2136,2
2137,0
2138,3
2139,2
2140,0
2141,3
2142,6
2143,5
2144,2
2145,3
2146,0
2147,1
2148,0
2149,0
2150,4
2151,3
2152,0
2153,0
2154,3
2155,2
2156,5
2157,0
2158,1
2159,5
2160,2
2161,3
2162,1
2163,3
2164,0
2165,1
2166,1
2167,1
2168,3
2169,1
2170,3
2171,4
2172,6
2173,5
2174,1
2175,0
2176,0
2177,2
2178,2
2179,2
2180,2
2181,5
2182,4
2183,3
2184,0
2185,2
2186,4
2187,0
2188,4
2189,3
2190,3
2191,2
2192,4
2193,5
2194,2
2195,5
2196,5
2197,2
2198,4
2199,0
2200,4
2201,6
2202,0
2203,4
2204,1
2205,0
2206,0
2207,1
2208,4
2209,4
2210,1
2211,0
2212,1
2213,5
2214,1
2215,3
2216,0
2217,4
2218,0
2219,3
2220,3
2221,0
2222,2
2223,4
2224,3
2225,1
2226,0
2227,4
2228,5
2229,3
2230,4
2231,0
2232,2
2233,5
2234,0
2235,4
2236,0
2237,3
2238,0
2239,5
2240,1
2241,0
2242,2
2243,6
2244,4
2245,2
2246,1
2247,4
2248,6
2249,3
2250,5
2251,3
2252,0
2253,6
2254,1
2255,3
2256,3
2257,1
2258,4
2259,4
2260,6
2261,4
2262,5
2263,5
2264,4
2265,4
2266,0
2267,1
2268,2
2269,3
2270,1
2271,5
2272,0
2273,5
2274,5
2275,5
2276,5
2277,5
2278,0
2279,1
2280,5
2281,4
2282,1
2283,0
2284,3
2285,0
2286,2
2287,6
2288,5
2289,1
2290,6
2291,3
2292,0
2293,4
2294,1
2295,0
2296,3
2297,6
2298,3
2299,0
2300,0
2301,0
2302,4
2303,5
2304,3
2305,0
2306,6
2307,5
2308,0
2309,0
2310,2
2311,1
2312,0
2313,0
2314,5
2315,2
2316,6
2317,5
2318,3
2319,2
2320,1
2321,2
2322,5
2323,0
2324,1
2325,4
2326,0
2327,4
2328,2
2329,5
2330,2
2331,2
2332,0
2333,0
2334,1
2335,4
2336,3
2337,1
2338,4
2339,4
2340,2
2341,2
2342,4
2343,6
2344,4
2345,5
2346,1
2347,2
2348,0
2349,2
2350,6
2351,0
2352,0
2353,5
2354,5
2355,1
2356,3
2357,0
2358,0
2359,4
2360,5
2361,5
2362,5
2363,6
2364,4
2365,0
2366,4
2367,5
2368,1
2369,5
2370,1
2371,1
2372,3
2373,0
2374,3
2375,1
2376,1
2377,1
2378,5
2379,0
2380,0
2381,1
2382,2
2383,0
2384,0
2385,6
2386,5
2387,3
2388,4
2389,2
2390,1
2391,1
2392,6
2393,0
2394,4
2395,5
2396,5
2397,4
2398,4
2399,0
2400,1
2401,3
2402,0
2403,3
2404,5
2405,0
2406,0
2407,5
2408,6
2409,0
2410,5
2411,5
2412,0
2413,3
2414,0
2415,2
2416,6
2417,0
2418,2
2419,4
2420,5
2421,3
2422,2
2423,3
2424,1
2425,0
2426,3
2427,3
2428,2
2429,1
2430,3
2431,0
2432,5
2433,4
2434,3
2435,1
2436,1
2437,5
2438,5
2439,4
2440,2
2441,0
2442,0
2443,0
2444,0
2445,1
2446,5
2447,1
2448,0
2449,2
2450,4
2451,2
2452,0
2453,4
2454,3
2455,5
2456,0
2457,1
2458,4
2459,1
2460,2
2461,6
2462,5
2463,2
2464,0
2465,5
2466,5
2467,2
2468,4
2469,0
2470,3
2471,5
2472,2
2473,1
2474,1
2475,2
2476,3
2477,0
2478,1
2479,1
2480,0
2481,3
2482,5
2483,4
2484,5
2485,2
2486,1
2487,5
2488,0
2489,2
2490,0
2491,0
2492,0
2493,5
2494,1
2495,0
2496,3
2497,5
2498,2
2499,5
2500,3
2501,1
2502,0
2503,1
2504,0
2505,1
2506,4
2507,0
2508,3
2509,2
2510,3
2511,4
2512,5
2513,5
2514,0
2515,4
2516,3
2517,2
2518,5
2519,6
2520,0
2521,0
2522,4
2523,3
2524,0
2525,3
2526,6
2527,0
2528,3
2529,2
2530,0
2531,5
2532,1
2533,2
2534,0
2535,1
2536,6
2537,0
2538,0
2539,5
2540,2
2541,5
2542,5
2543,3
2544,3
2545,0
2546,2
2547,0
2548,1
2549,1
2550,5
2551,5
2552,4
2553,6
2554,0
2555,0
2556,4
2557,1
2558,5
2559,4
2560,4
2561,2
2562,2
2563,0
2564,0
2565,0
2566,3
2567,2
2568,2
2569,5
2570,2
2571,0
2572,4
2573,1
2574,3
2575,2
2576,0
2577,5
2578,0
2579,4
2580,1
2581,6
2582,4
2583,1
2584,3
2585,2
2586,6
2587,0
2588,0
2589,5
2590,0
2591,5
2592,5
2593,0
2594,0
2595,3
2596,1
2597,6
2598,1
2599,1
2600,5
2601,6
2602,0
2603,0
2604,0
2605,2
2606,2
2607,2
2608,4
2609,0
2610,3
2611,2
2612,5
2613,0
2614,1
2615,5
2616,0
2617,3
2618,0
2619,0
2620,4
2621,3
2622,0
2623,0
2624,4
2625,4
2626,0
2627,5
2628,0
2629,0
2630,0
2631,2
2632,0
2633,0
2634,1
2635,6
2636,3
2637,4
2638,4
2639,2
2640,4
2641,0
2642,2
2643,5
2644,6
2645,1
2646,4
2647,1
2648,0
2649,3
2650,4
2651,5
2652,5
2653,0
2654,0
2655,0
2656,0
2657,3
2658,0
2659,5
2660,3
2661,1
2662,4
2663,4
2664,1
2665,6
2666,0
2667,3
2668,2
2669,6
2670,5
2671,1
2672,1
2673,5
2674,4
2675,2
2676,4
2677,5
2678,0
2679,5
2680,6
2681,2
2682,5
2683,3
2684,0
2685,1
2686,0
2687,2
2688,0
2689,0
2690,0
2691,6
2692,0
2693,2
2694,6
2695,1
2696,1
2697,1
2698,0
2699,5
2700,2
2701,0
2702,2
2703,5
2704,0
2705,2
2706,1
2707,0
2708,6
2709,0
2710,0
2711,1
2712,0
2713,1
2714,0
2715,4
2716,2
2717,5
2718,4
2719,1
2720,0
2721,3
2722,2
2723,2
2724,4
2725,6
2726,2
2727,1
2728,1
2729,1
2730,0
2731,5
2732,0
2733,2
2734,2
2735,3
2736,5
2737,4
2738,0
2739,4
2740,3
2741,0
2742,2
2743,1
2744,6
2745,0
2746,2
2747,6
2748,0
2749,2
2750,5
2751,6
2752,0
2753,1
2754,3
2755,5
2756,6
2757,0
2758,0
2759,6
2760,3
2761,5
2762,3
2763,5
2764,3
2765,4
2766,0
2767,2
2768,3
2769,3
2770,1
2771,0
2772,4
2773,4
2774,0
2775,0
2776,1
2777,1
2778,5
2779,4
2780,4
2781,0
2782,6
2783,1
2784,0
2785,2
2786,3
2787,0
2788,5
2789,2
2790,2
2791,4
2792,6
2793,3
2794,5
2795,5
2796,3
2797,5
2798,0
2799,0
2800,0
2801,2
2802,0
2803,0
2804,5
2805,0
2806,0
2807,4
2808,4
2809,3
2810,2
2811,0
2812,0
2813,5
2814,0
2815,0
2816,6
2817,1
2818,0
2819,3
2820,5
2821,0
2822,0
2823,0
2824,6
2825,0
2826,5
2827,1
2828,2
2829,1
2830,3
2831,3
2832,5
2833,5
2834,4
2835,3
2836,5
2837,1
2838,2
2839,1
2840,0
2841,1
2842,2
2843,1
2844,0
2845,5
2846,1
2847,4
2848,3
2849,0
2850,1
2851,2
2852,0
2853,2
2854,1
2855,0
2856,0
2857,2
2858,5
2859,2
2860,1
2861,3
2862,5
2863,1
2864,1
2865,4
2866,1
2867,0
2868,0
2869,0
2870,0
2871,4
2872,5
2873,3
2874,0
2875,4
2876,0
2877,0
2878,4
2879,0
2880,1
2881,1
2882,2
2883,0
2884,1
2885,5
2886,3
2887,0
2888,0
2889,2
2890,1
2891,2
2892,4
2893,4
2894,6
2895,6
2896,0
2897,0
2898,4
2899,0
2900,3
2901,4
2902,4
2903,3
2904,1
2905,4
2906,0
2907,1
2908,2
2909,3
2910,4
2911,1
2912,2
2913,0
2914,0
2915,2
2916,4
2917,6
2918,3
2919,2
2920,5
2921,5
2922,6
2923,5
2924,0
2925,4
2926,1
2927,1
2928,2
2929,0
2930,4
2931,3
2932,1
2933,6
2934,5
2935,0
2936,0
2937,6
2938,1
2939,2
2940,6
2941,3
2942,4
2943,4
2944,1
2945,1
2946,4
2947,6
2948,2
2949,0
2950,4
2951,1
2952,3
2953,2
2954,0
2955,1
2956,4
2957,2
2958,0
2959,2
2960,1
2961,5
2962,4
2963,4
2964,0
2965,3
2966,4
2967,1
2968,3
2969,0
2970,0
2971,6
2972,5
2973,4
2974,5
2975,3
2976,6
2977,4
2978,1
2979,5
2980,0
2981,1
2982,0
2983,0
2984,1
2985,4
2986,4
2987,4
2988,5
2989,4
2990,4
2991,0
2992,4
2993,2
2994,6
2995,0
2996,0
2997,1
2998,0
2999,2
3000,0
3001,4
3002,5
3003,2
3004,0
3005,2
3006,2
3007,0
3008,5
3009,3
3010,2
3011,2
3012,3
3013,4
3014,1
3015,3
3016,2
3017,6
3018,1
3019,0
3020,0
3021,2
3022,0
3023,3
3024,2
3025,3
3026,2
3027,0
3028,5
3029,5
3030,3
3031,2
3032,4
3033,1
3034,0
3035,3
3036,4
3037,2
3038,2
3039,6
3040,0
3041,2
3042,6
3043,2
3044,1
3045,0
3046,4
3047,4
3048,1
3049,4
3050,5
3051,4
3052,4
3053,5
3054,0
3055,2
3056,1
3057,2
3058,5
3059,0
3060,5
3061,5
3062,3
3063,5
3064,1
3065,0
3066,0
3067,0
3068,0
3069,5
3070,2
3071,2
3072,0
3073,3
3074,0
3075,0
3076,0
3077,2
3078,5
3079,0
3080,0
3081,5
3082,0
3083,0
3084,0
3085,5
3086,0
3087,5
3088,3
3089,0
3090,1
3091,5
3092,0
3093,3
3094,0
3095,6
3096,3
3097,3
3098,2
3099,2
3100,1
3101,2
3102,3
3103,4
3104,0
3105,0
3106,0
3107,5
3108,3
3109,2
3110,1
3111,0
3112,0
3113,5
3114,1
3115,3
3116,2
3117,0
3118,0
3119,6
3120,5
3121,2
3122,0
3123,3
3124,4
3125,2
3126,6
3127,3
3128,2
3129,1
3130,4
3131,2
3132,3
3133,1
3134,2
3135,0
3136,2
3137,0
3138,0
3139,1
3140,2
3141,2
3142,0
3143,0
3144,5
3145,5
3146,2
3147,0
3148,2
3149,1
3150,4
3151,3
3152,0
3153,0
3154,2
3155,0
3156,6
3157,1
3158,1
3159,6
3160,4
3161,1
3162,1
3163,5
3164,2
3165,5
3166,6
3167,0
3168,5
3169,0
3170,5
3171,4
3172,1
3173,4
3174,5
3175,0
3176,4
3177,3
3178,5
3179,3
3180,5
3181,1
3182,4
3183,3
3184,5
3185,1
3186,1
3187,1
3188,5
3189,3
3190,5
3191,1
3192,4
3193,0
3194,1
3195,0
3196,1
3197,4
3198,5
3199,0
3200,6
3201,0
3202,4
3203,2
3204,2
3205,2
3206,2
3207,5
3208,5
3209,1
3210,5
3211,1
3212,1
3213,0
3214,5
3215,5
3216,0
3217,3
3218,0
3219,3
3220,2
3221,4
3222,3
3223,6
3224,6
3225,2
3226,1
3227,3
3228,5
3229,6
3230,5
3231,4
3232,5
3233,2
3234,0
3235,1
3236,0
3237,3
3238,0
3239,1
3240,5
3241,1
3242,2
3243,1
3244,3
3245,1
3246,5
3247,5
3248,1
3249,3
3250,4
3251,0
3252,3
3253,6
3254,2
3255,0
3256,3
3257,3
3258,2
3259,5
3260,3
3261,1
3262,4
3263,5
3264,4
3265,0
3266,1
3267,3
3268,2
3269,1
3270,0
3271,0
3272,0
3273,6
3274,0
3275,3
3276,5
3277,4
3278,0
3279,5
3280,0
3281,3
3282,2
3283,0
3284,5
3285,6
3286,5
3287,0
3288,1
3289,5
3290,2
3291,5
3292,5
3293,3
3294,0
3295,6
3296,0
3297,5
3298,0
3299,3
3300,2
3301,0
3302,1
3303,0
3304,2
3305,4
3306,5
3307,4
3308,2
3309,5
3310,2
3311,1
3312,5
3313,5
3314,0
3315,1
3316,4
3317,4
3318,2
3319,4
3320,0
3321,5
3322,5
3323,4
3324,0
3325,1
3326,3
3327,2
3328,0
3329,0
3330,4
3331,2
3332,3
3333,0
3334,2
3335,2
3336,4
3337,0
3338,2
3339,0
3340,4
3341,1
3342,1
3343,0
3344,1
3345,0
3346,4
3347,4
3348,1
3349,0
3350,0
3351,1
3352,5
3353,4
3354,4
3355,0
3356,1
3357,4
3358,4
3359,4
3360,5
3361,0
3362,5
3363,0
3364,5
3365,3
3366,5
3367,5
3368,4
3369,0
3370,6
3371,3
3372,0
3373,2
3374,5
3375,0
3376,2
3377,2
3378,0
3379,0
3380,0
3381,0
3382,1
3383,2
3384,5
3385,0
3386,2
3387,0
3388,3
3389,0
3390,4
3391,3
3392,6
3393,0
3394,3
3395,3
3396,1
3397,4
3398,5
3399,0
3400,0
3401,2
3402,5
3403,4
3404,0
3405,4
3406,0
3407,0
3408,1
3409,2
3410,0
3411,6
3412,2
3413,1
3414,1
3415,1
3416,4
3417,0
3418,3
3419,0
3420,2
3421,2
3422,0
3423,5
3424,3
3425,0
3426,4
3427,4
3428,2
3429,0
3430,3
3431,5
3432,0
3433,1
3434,5
3435,3
3436,1
3437,5
3438,5
3439,0
3440,1
3441,4
3442,2
3443,4
3444,1
3445,3
3446,5
3447,0
3448,0
3449,0
3450,6
3451,5
3452,5
3453,0
3454,1
3455,4
3456,0
3457,1
3458,0
3459,5
3460,4
3461,0
3462,0
3463,5
3464,6
3465,5
3466,0
3467,4
3468,3
3469,0
3470,3
3471,5
3472,0
3473,5
3474,5
3475,1
3476,0
3477,2
3478,1
3479,5
3480,0
3481,3
3482,2
3483,5
3484,2
3485,6
3486,1
3487,6
3488,0
3489,3
3490,3
3491,5
3492,4
3493,0
3494,0
3495,3
3496,2
3497,5
3498,5
3499,1
3500,6
3501,5
3502,3
3503,1
3504,6
3505,5
3506,2
3507,4
3508,3
3509,4
3510,5
3511,2
3512,5
3513,3
3514,5
3515,3
3516,0
3517,1
3518,3
3519,4
3520,0
3521,1
3522,0
3523,5
3524,4
3525,5
3526,0
3527,3
3528,5
3529,5
3530,2
3531,0
3532,5
3533,0
3534,1
3535,0
3536,1
3537,3
3538,1
3539,0
3540,0
3541,3
3542,1
3543,0
3544,2
3545,3
3546,5
3547,5
3548,0
3549,4
3550,1
3551,1
3552,0
3553,3
3554,0
3555,5
3556,3
3557,5
3558,3
3559,1
3560,5
3561,5
3562,5
3563,2
3564,4
3565,1
3566,0
3567,1
3568,5
3569,4
3570,5
3571,0
3572,0
3573,5
3574,1
3575,1
3576,0
3577,0
3578,2
3579,0
3580,5
3581,1
3582,2
3583,0
3584,6
3585,2
3586,4
3587,5
3588,2
3589,0
3590,2
3591,0
3592,4
3593,0
3594,0
3595,5
3596,5
3597,0
3598,0
3599,4
3600,5
3601,6
3602,3
3603,0
3604,4
3605,4
3606,1
3607,1
3608,1
3609,1
3610,3
3611,4
3612,1
3613,6
3614,4
3615,4
3616,0
3617,5
3618,5
3619,5
3620,3
3621,3
3622,3
3623,2
3624,0
3625,1
3626,0
3627,4
3628,1
3629,5
3630,3
3631,0
3632,0
3633,3
3634,0
3635,1
3636,1
3637,4
3638,0
3639,0
3640,0
3641,3
3642,1
3643,6
3644,0
3645,0
3646,5
3647,0
3648,0
3649,0
3650,2
3651,2
3652,3
3653,5
3654,5
3655,2
3656,1
3657,2
3658,0
3659,0
3660,0
3661,3
3662,3
3663,1
3664,0
3665,1
3666,0
3667,3
3668,2
3669,2
3670,2
3671,2
3672,0
3673,0
3674,3
3675,0
3676,1
3677,6
3678,3
3679,4
3680,0
3681,5
3682,0
3683,2
3684,2
3685,0
3686,0
3687,0
3688,5
3689,0
3690,1
3691,0
3692,0
3693,0
3694,5
3695,1
3696,5
3697,0
3698,3
3699,0
3700,5
3701,5
3702,1
3703,0
3704,0
3705,2
3706,4
3707,2
3708,5
3709,2
3710,2
3711,5
3712,2
3713,0
3714,2
3715,0
3716,1
3717,5
3718,5
3719,3
3720,5
3721,3
3722,2
3723,0
3724,0
3725,0
3726,1
3727,5
3728,0
3729,5
3730,1
3731,1
3732,2
3733,3
3734,1
3735,2
3736,0
3737,1
3738,0
3739,2
3740,1
3741,0
3742,3
3743,0
3744,5
3745,1
3746,0
3747,5
3748,5
3749,2
3750,3
3751,3
3752,1
3753,4
3754,2
3755,3
3756,5
3757,0
3758,2
3759,5
3760,6
3761,0
3762,1
3763,2
3764,6
3765,0
3766,2
3767,2
3768,5
3769,2
3770,4
3771,3
3772,0
3773,2
3774,0
3775,2
3776,0
3777,5
3778,4
3779,2
3780,5
3781,5
3782,5
3783,5
3784,0
3785,3
3786,5
3787,1
3788,5
3789,1
3790,5
3791,4
3792,6
3793,5
3794,1
3795,2
3796,3
3797,0
3798,2
3799,4
3800,4
3801,2
3802,0
3803,0
3804,5
3805,1
3806,4
3807,2
3808,6
3809,4
3810,6
3811,6
3812,0
3813,5
3814,0
3815,5
3816,5
3817,0
3818,0
3819,3
3820,4
3821,2
3822,1
3823,4
3824,0
3825,4
3826,2
3827,0
3828,0
3829,6
3830,4
3831,4
3832,4
3833,0
3834,3
3835,1
3836,5
3837,0
3838,2
3839,0
3840,3
3841,2
3842,0
3843,0
3844,1
3845,3
3846,0
3847,3
3848,0
3849,6
3850,1
3851,2
3852,5
3853,5
3854,1
3855,2
3856,2
3857,1
3858,2
3859,0
3860,1
3861,4
3862,5
3863,1
3864,0
3865,1
3866,3
3867,5
3868,2
3869,0
3870,0
3871,5
3872,0
3873,6
3874,4
3875,0
3876,2
3877,2
3878,0
3879,1
3880,5
3881,5
3882,4
3883,5
3884,5
3885,4
3886,0
3887,2
3888,3
3889,1
3890,0
3891,0
3892,0
3893,2
3894,1
3895,4
3896,0
3897,2
3898,2
3899,1
3900,3
3901,5
3902,3
3903,4
3904,3
3905,1
3906,0
3907,1
3908,3
3909,3
3910,5
3911,5
3912,3
3913,3
3914,0
3915,2
3916,2
3917,5
3918,6
3919,1
3920,0
3921,2
3922,1
3923,0
3924,2
3925,4
3926,0
3927,4
3928,3
3929,3
3930,3
3931,0
3932,4
3933,1
3934,5
3935,4
3936,3
3937,2
3938,5
3939,5
3940,5
3941,0
3942,1
3943,3
3944,4
3945,3
3946,3
3947,0
3948,0
3949,3
3950,0
3951,4
3952,0
3953,5
3954,2
3955,3
3956,0
3957,0
3958,5
3959,4
3960,0
3961,6
3962,4
3963,5
3964,6
3965,4
3966,6
3967,5
3968,0
3969,5
3970,3
3971,4
3972,0
3973,2
3974,3
3975,0
3976,6
3977,0
3978,1
3979,5
3980,5
3981,1
3982,2
3983,0
3984,0
3985,0
3986,0
3987,0
3988,6
3989,4
3990,1
3991,0
3992,4
3993,0
3994,0
3995,2
3996,5
3997,5
3998,3
3999,5
4000,1
4001,1
4002,3
4003,5
4004,1
4005,0
4006,5
4007,4
4008,5
4009,0
4010,4
4011,5
4012,1
4013,0
4014,0
4015,0
4016,6
4017,5
4018,0
4019,5
4020,3
4021,5
4022,4
4023,2
4024,4
4025,5
4026,3
4027,5
4028,0
4029,0
4030,6
4031,2
4032,1
4033,4
4034,4
4035,2
4036,5
4037,5
4038,5
4039,5
4040,3
4041,4
4042,2
4043,0
4044,5
4045,0
4046,4
4047,1
4048,5
4049,2
4050,4
4051,3
4052,6
4053,2
4054,1
4055,6
4056,4
4057,1
4058,5
4059,2
4060,2
4061,1
4062,0
4063,0
4064,4
4065,0
4066,3
4067,1
4068,3
4069,5
4070,0
4071,4
4072,5
4073,1
4074,0
4075,3
4076,3
4077,5
4078,5
4079,0
4080,5
4081,4
4082,0
4083,1
4084,5
4085,5
4086,4
4087,3
4088,0
4089,1
4090,0
4091,2
4092,6
4093,1
4094,5
4095,0
4096,4
4097,3
4098,1
4099,2
4100,4
4101,6
4102,1
4103,0
4104,0
4105,3
4106,3
4107,2
4108,2
4109,0
4110,5
4111,4
4112,0
4113,5
4114,2
4115,0
4116,1
4117,4
4118,2
4119,0
4120,0
4121,0
4122,6
4123,5
4124,1
4125,0
4126,1
4127,0
4128,1
4129,5
4130,0
4131,3
4132,0
4133,2
4134,3
4135,4
4136,1
4137,1
4138,5
4139,4
4140,6
4141,1
4142,1
4143,2
4144,0
4145,1
4146,4
4147,5
4148,3
4149,1
4150,5
4151,3
4152,1
4153,4
4154,3
4155,3
4156,3
4157,1
4158,0
4159,2
4160,0
4161,4
4162,6
4163,5
4164,6
4165,1
4166,5
4167,4
4168,0
4169,3
4170,5
4171,4
4172,5
4173,0
4174,3
4175,5
4176,0
4177,4
4178,0
4179,1
4180,0
4181,2
4182,5
4183,4
4184,3
4185,0
4186,4
4187,4
4188,1
4189,0
4190,3
4191,4
4192,4
4193,5
4194,0
4195,0
4196,0
4197,5
4198,0
4199,0
4200,4
4201,5
4202,2
4203,3
4204,4
4205,1
4206,1
4207,0
4208,1
4209,5
4210,0
4211,5
4212,0
4213,2
4214,4
4215,4
4216,1
4217,3
4218,6
4219,2
4220,2
4221,5
4222,0
4223,5
4224,1
4225,0
4226,0
4227,5
4228,4
4229,1
4230,1
4231,0
4232,0
4233,1
4234,1
4235,1
4236,5
4237,0
4238,4
4239,2
4240,0
4241,5
4242,2
4243,1
4244,4
4245,1
4246,5
4247,0
4248,4
4249,1
4250,4
4251,6
4252,1
4253,1
4254,3
4255,2
4256,1
4257,1
4258,2
4259,3
4260,2
4261,6
4262,5
4263,6
4264,5
4265,0
4266,6
4267,0
4268,3
4269,2
4270,2
4271,5
4272,1
4273,0
4274,5
4275,4
4276,5
4277,5
4278,0
4279,4
4280,4
4281,5
4282,2
4283,6
4284,6
4285,2
4286,0
4287,3
4288,2
4289,5
4290,2
4291,5
4292,0
4293,0
4294,6
4295,4
4296,0
4297,2
4298,1
4299,6
4300,0
4301,5
4302,2
4303,5
4304,3
4305,0
4306,0
4307,3
4308,0
4309,6
4310,1
4311,1
4312,0
4313,6
4314,1
4315,0
4316,1
4317,4
4318,0
4319,5
4320,4
4321,6
4322,0
4323,0
4324,0
4325,3
4326,5
4327,0
4328,0
4329,5
4330,2
4331,0
4332,1
4333,4
4334,0
4335,5
4336,4
4337,6
4338,2
4339,6
4340,4
4341,0
4342,2
4343,0
4344,1
4345,6
4346,6
4347,0
4348,0
4349,4
4350,4
4351,0
4352,4
4353,1
4354,1
4355,0
4356,3
4357,0
4358,5
4359,5
4360,5
4361,5
4362,5
4363,5
4364,6
4365,3
4366,5
4367,4
4368,4
4369,4
4370,5
4371,2
4372,6
4373,2
4374,5
4375,4
4376,0
4377,0
4378,1
4379,2
4380,2
4381,0
4382,1
4383,1
4384,1
4385,0
4386,3
4387,4
4388,3
4389,2
4390,6
4391,1
4392,1
4393,3
4394,5
4395,6
4396,4
4397,3
4398,5
4399,5
4400,2
4401,5
4402,0
4403,6
4404,2
4405,2
4406,1
4407,2
4408,3
4409,4
4410,0
4411,4
4412,0
4413,5
4414,2
4415,2
4416,4
4417,0
4418,4
4419,5
4420,0
4421,6
4422,3
4423,5
4424,4
4425,0
4426,2
4427,3
4428,0
4429,3
4430,0
4431,0
4432,0
4433,5
4434,0
4435,2
4436,4
4437,2
4438,5
4439,2
4440,0
4441,2
4442,4
4443,5
4444,4
4445,0
4446,0
4447,5
4448,1
4449,5
4450,0
4451,0
4452,5
4453,3
4454,0
4455,1
4456,6
4457,1
4458,1
4459,6
4460,5
4461,0
4462,2
4463,2
4464,0
4465,5
4466,4
4467,3
4468,0
4469,4
4470,0
4471,5
4472,3
4473,3
4474,5
4475,0
4476,2
4477,0
4478,3
4479,3
4480,5
4481,3
4482,5
4483,1
4484,4
4485,1
4486,2
4487,1
4488,5
4489,6
4490,0
4491,0
4492,3
4493,3
4494,1
4495,3
4496,4
4497,1
4498,0
4499,5
4500,4
4501,5
4502,2
4503,5
4504,2
4505,5
4506,0
4507,3
4508,1
4509,6
4510,0
4511,2
4512,6
4513,1
4514,1
4515,2
4516,3
4517,5
4518,0
4519,2
4520,5
4521,3
4522,6
4523,4
4524,0
4525,0
4526,4
4527,1
4528,4
4529,0
4530,0
4531,5
4532,0
4533,4
4534,5
4535,2
4536,0
4537,2
4538,0
4539,4
4540,6
4541,0
4542,2
4543,5
4544,1
4545,4
4546,3
4547,5
4548,0
4549,1
4550,0
4551,6
4552,5
4553,0
4554,1
4555,2
4556,0
4557,2
4558,1
4559,4
4560,2
4561,4
4562,5
4563,4
4564,4
4565,2
4566,3
4567,3
4568,2
4569,2
4570,2
4571,2
4572,2
4573,6
4574,1
4575,2
4576,3
4577,5
4578,6
4579,0
4580,1
4581,0
4582,4
4583,4
4584,3
4585,5
4586,0
4587,5
4588,4
4589,1
4590,5
4591,2
4592,3
4593,2
4594,1
4595,3
4596,0
4597,0
4598,3
4599,0
4600,3
4601,0
4602,1
4603,2
4604,1
4605,4
4606,0
4607,5
4608,2
4609,6
4610,0
4611,6
4612,2
4613,4
4614,0
4615,6
4616,0
4617,4
4618,2
4619,5
4620,5
4621,5
4622,3
4623,1
4624,2
4625,3
4626,1
4627,6
4628,4
4629,0
4630,0
4631,0
4632,1
4633,1
4634,3
4635,5
4636,5
4637,2
4638,0
4639,1
4640,0
4641,1
4642,4
4643,5
4644,1
4645,6
4646,4
4647,1
4648,4
4649,5
4650,0
4651,2
4652,5
4653,0
4654,4
4655,0
4656,0
4657,0
4658,1
4659,3
4660,6
4661,5
4662,2
4663,5
4664,2
4665,5
4666,3
4667,3
4668,5
4669,5
4670,5
4671,1
4672,4
4673,3
4674,1
4675,0
4676,0
4677,2
4678,2
4679,4
4680,4
4681,0
4682,5
4683,2
4684,0
4685,0
4686,6
4687,0
4688,0
4689,6
4690,1
4691,1
4692,3
4693,0
4694,1
4695,1
4696,6
4697,1
4698,0
4699,2
4700,0
4701,3
4702,0
4703,2
4704,4
4705,0
4706,0
4707,5
4708,1
4709,5
4710,0
4711,4
4712,4
4713,0
4714,3
4715,5
4716,4
4717,5
4718,1
4719,5
4720,1
4721,5
4722,0
4723,0
4724,5
4725,2
4726,4
4727,5
4728,0
4729,4
4730,0
4731,4
4732,4
4733,0
4734,0
4735,0
4736,0
4737,5
4738,1
4739,1
4740,6
4741,2
4742,0
4743,5
4744,4
4745,2
4746,5
4747,3
4748,4
4749,2
4750,0
4751,4
4752,4
4753,5
4754,0
4755,6
4756,4
4757,0
4758,5
4759,1
4760,0
4761,4
4762,0
4763,1
4764,4
4765,1
4766,1
4767,0
4768,0
4769,0
4770,1
4771,4
4772,2
4773,6
4774,2
4775,5
4776,5
4777,4
4778,0
4779,5
4780,1
4781,4
4782,4
4783,0
4784,3
4785,3
4786,4
4787,4
4788,3
4789,0
4790,4
4791,5
4792,1
4793,3
4794,4
4795,0
4796,6
4797,0
4798,3
4799,5
4800,1
4801,0
4802,3
4803,0
4804,5
4805,0
4806,5
4807,6
4808,2
4809,5
4810,6
4811,3
4812,4
4813,0
4814,3
4815,6
4816,1
4817,0
4818,3
4819,1
4820,2
4821,3
4822,2
4823,2
4824,0
4825,3
4826,0
4827,1
4828,4
4829,0
4830,1
4831,5
4832,4
4833,5
4834,1
4835,2
4836,0
4837,4
4838,1
4839,0
4840,0
4841,1
4842,0
4843,1
4844,2
4845,4
4846,5
4847,0
4848,4
4849,0
4850,1
4851,0
4852,3
4853,3
4854,0
4855,6
4856,0
4857,0
4858,3
4859,4
4860,3
4861,5
4862,4
4863,1
4864,0
4865,0
4866,5
4867,2
4868,0
4869,3
4870,0
4871,5
4872,5
4873,0
4874,3
4875,5
4876,5
4877,2
4878,2
4879,1
4880,1
4881,1
4882,0
4883,0
4884,5
4885,0
4886,0
4887,0
4888,0
4889,6
4890,5
4891,3
4892,4
4893,0
4894,1
4895,1
4896,5
4897,1
4898,0
4899,2
4900,0
4901,3
4902,5
4903,3
4904,5
4905,4
4906,5
4907,0
4908,1
4909,0
4910,3
4911,2
4912,4
4913,3
4914,6
4915,5
4916,2
4917,5
4918,5
4919,6
4920,1
4921,1
4922,0
4923,0
4924,0
4925,2
4926,5
4927,2
4928,5
4929,2
4930,0
4931,5
4932,3
4933,6
4934,0
4935,3
4936,1
4937,5
4938,4
4939,4
4940,6
4941,3
4942,1
4943,0
4944,3
4945,3
4946,6
4947,6
4948,5
4949,5
4950,0
4951,2
4952,5
4953,2
4954,5
4955,2
4956,0
4957,3
4958,5
4959,5
4960,0
4961,2
4962,5
4963,2
4964,3
4965,4
4966,2
4967,1
4968,1
4969,1
4970,0
4971,2
4972,3
4973,2
4974,1
4975,3
4976,4
4977,2
4978,0
4979,5
4980,3
4981,4
4982,1
4983,1
4984,6
4985,1
4986,6
4987,5
4988,5
4989,2
4990,1
4991,3
4992,5
4993,6
4994,0
4995,5
4996,5
4997,5
4998,4
4999,2
5000,2
5001,4
5002,0
5003,0
5004,3
5005,0
5006,4
5007,1
5008,4
5009,0
5010,5
5011,3
5012,1
5013,2
5014,3
5015,3
5016,0
5017,2
5018,0
5019,5
5020,2
5021,5
5022,1
5023,4
5024,3
5025,1
5026,6
5027,2
5028,2
5029,4
5030,0
5031,6
5032,5
5033,0
5034,2
5035,5
5036,4
5037,1
5038,0
5039,1
5040,4
5041,0
5042,6
5043,1
5044,0
5045,3
5046,0
5047,5
5048,3
5049,6
5050,2
5051,5
5052,0
5053,5
5054,5
5055,0
5056,3
5057,1
5058,0
5059,0
5060,0
5061,5
5062,5
5063,1
5064,2
5065,1
5066,0
5067,1
5068,2
5069,5
5070,4
5071,1
5072,1
5073,3
5074,3
5075,3
5076,4
5077,5
5078,6
5079,2
5080,3
5081,5
5082,0
5083,0
5084,0
5085,0
5086,1
5087,3
5088,2
5089,0
5090,1
5091,2
5092,0
5093,2
5094,4
5095,3
5096,0
5097,5
5098,0
5099,0
5100,2
5101,1
5102,6
5103,1
5104,0
5105,3
5106,5
5107,1
5108,2
5109,5
5110,0
5111,5
5112,3
5113,0
5114,1
5115,1
5116,5
5117,2
5118,3
5119,2
5120,3
5121,1
5122,5
5123,0
5124,5
5125,4
5126,0
5127,2
5128,2
5129,3
5130,2
5131,5
5132,0
5133,5
5134,5
5135,5
5136,1
5137,4
5138,0
5139,5
5140,4
5141,3
5142,2
5143,1
5144,1
5145,5
5146,2
5147,5
5148,6
5149,5
5150,4
5151,4
5152,0
5153,6
5154,5
5155,5
5156,1
5157,0
5158,3
5159,4
5160,0
5161,0
5162,5
5163,3
5164,3
5165,4
5166,6
5167,3
5168,4
5169,0
5170,2
5171,4
5172,5
5173,1
5174,5
5175,6
5176,4
5177,0
5178,5
5179,4
5180,1
5181,4
5182,2
5183,5
5184,6
5185,4
5186,2
5187,1
5188,0
5189,3
5190,2
5191,0
5192,0
5193,5
5194,5
5195,1
5196,2
5197,3
5198,0
5199,0
5200,0
5201,3
5202,4
5203,2
5204,5
5205,3
5206,5
5207,1
5208,0
5209,0
5210,0
5211,3
5212,5
5213,0
5214,6
5215,0
5216,3
5217,2
5218,5
5219,1
5220,3
5221,2
5222,5
5223,5
5224,0
5225,2
5226,1
5227,2
5228,2
5229,2
5230,5
5231,1
5232,1
5233,0
5234,1
5235,0
5236,0
5237,2
5238,1
5239,3
5240,2
5241,2
5242,1
5243,2
5244,1
5245,4
5246,2
5247,4
5248,4
5249,1
5250,1
5251,2
5252,1
5253,1
5254,5
5255,5
5256,4
5257,0
5258,1
5259,1
5260,4
5261,3
5262,5
5263,5
5264,4
5265,3
5266,0
5267,1
5268,3
5269,1
5270,5
5271,0
5272,5
5273,4
5274,3
5275,6
5276,5
5277,1
5278,0
5279,1
5280,5
5281,1
5282,3
5283,0
5284,5
5285,0
5286,0
5287,2
5288,2
5289,5
5290,0
5291,2
5292,1
5293,0
5294,0
5295,2
5296,5
5297,6
5298,4
5299,3
5300,5
5301,3
5302,3
5303,0
5304,1
5305,0
5306,4
5307,1
5308,2
5309,1
5310,1
5311,5
5312,0
5313,0
5314,5
5315,0
5316,0
5317,0
5318,3
5319,1
5320,4
5321,0
5322,2
5323,6
5324,6
5325,5
5326,3
5327,3
5328,6
5329,4
5330,4
5331,5
5332,2
5333,5
5334,0
5335,1
5336,0
5337,6
5338,4
5339,2
5340,0
5341,5
5342,4
5343,3
5344,4
5345,4
5346,6
5347,5
5348,1
5349,2
5350,0
5351,2
5352,4
5353,3
5354,0
5355,0
5356,0
5357,1
5358,0
5359,4
5360,0
5361,2
5362,1
5363,0
5364,6
5365,3
5366,4
5367,2
5368,2
5369,1
5370,3
5371,5
5372,0
5373,5
5374,6
5375,0
5376,3
5377,3
5378,0
5379,5
5380,0
5381,2
5382,1
5383,2
5384,1
5385,6
5386,4
5387,4
5388,2
5389,3
5390,5
5391,5
5392,3
5393,5
5394,4
5395,3
5396,4
5397,5
5398,0
5399,0
5400,2
5401,0
5402,0
5403,4
5404,0
5405,4
5406,5
5407,5
5408,0
5409,2
5410,5
5411,4
5412,1
5413,6
5414,3
5415,5
5416,5
5417,0
5418,0
5419,5
5420,3
5421,1
5422,0
5423,0
5424,0
5425,4
5426,4
5427,2
5428,3
5429,5
5430,5
5431,0
5432,1
5433,0
5434,5
5435,4
5436,6
5437,3
5438,1
5439,3
5440,2
5441,5
5442,4
5443,1
5444,0
5445,0
5446,5
5447,0
5448,0
5449,0
5450,0
5451,0
5452,0
5453,0
5454,3
5455,0
5456,5
5457,4
5458,2
5459,2
5460,0
5461,4
5462,4
5463,0
5464,4
5465,2
5466,3
5467,3
5468,5
5469,5
5470,1
5471,0
5472,0
5473,0
5474,3
5475,0
5476,2
5477,0
5478,5
5479,5
5480,1
5481,5
5482,0
5483,5
5484,0
5485,5
5486,6
5487,1
5488,0
5489,0
5490,4
5491,0
5492,0
5493,4
5494,2
5495,5
5496,0
5497,3
5498,3
5499,4
5500,4
5501,0
5502,2
5503,2
5504,2
5505,0
5506,0
5507,3
5508,2
5509,4
5510,3
5511,4
5512,3
5513,0
5514,0
5515,2
5516,6
5517,0
5518,5
5519,2
5520,5
5521,0
5522,2
5523,2
5524,4
5525,0
5526,0
5527,3
5528,6
5529,5
5530,4
5531,2
5532,0
5533,5
5534,1
5535,5
5536,5
5537,2
5538,5
5539,0
5540,2
5541,0
5542,2
5543,1
5544,5
5545,1
5546,6
5547,3
5548,0
5549,3
5550,5
5551,0
5552,0
5553,3
5554,4
5555,3
5556,4
5557,0
5558,2
5559,0
5560,6
5561,6
5562,5
5563,4
5564,1
5565,5
5566,3
5567,4
5568,1
5569,0
5570,0
5571,0
5572,4
5573,0
5574,5
5575,3
5576,4
5577,1
5578,5
5579,4
5580,3
5581,6
5582,0
5583,0
5584,3
5585,2
5586,5
5587,3
5588,4
5589,3
5590,2
5591,2
5592,0
5593,2
5594,1
5595,1
5596,5
5597,1
5598,0
5599,0
5600,3
5601,5
5602,4
5603,2
5604,5
5605,0
5606,0
5607,3
5608,0
5609,6
5610,1
5611,0
5612,2
5613,2
5614,5
5615,4
5616,1
5617,5
5618,3
5619,1
5620,6
5621,4
5622,2
5623,5
5624,6
5625,0
5626,0
5627,2
5628,5
5629,5
5630,3
5631,5
5632,1
5633,5
5634,1
5635,0
5636,3
5637,0
5638,3
5639,0
5640,0
5641,4
5642,3
5643,4
5644,3
5645,1
5646,0
5647,0
5648,0
5649,0
5650,1
5651,0
5652,0
5653,0
5654,0
5655,4
5656,0
5657,4
5658,0
5659,5
5660,2
5661,5
5662,1
5663,2
5664,6
5665,4
5666,1
5667,1
5668,6
5669,3
5670,4
5671,3
5672,0
5673,6
5674,1
5675,1
5676,0
5677,1
5678,2
5679,1
5680,0
5681,4
5682,4
5683,0
5684,0
5685,1
5686,0
5687,3
5688,2
5689,1
5690,5
5691,0
5692,1
5693,0
5694,0
5695,6
5696,1
5697,0
5698,1
5699,0
5700,1
5701,0
5702,0
5703,3
5704,0
5705,5
5706,5
5707,2
5708,0
5709,1
5710,1
5711,4
5712,3
5713,1
5714,5
5715,4
5716,2
5717,0
5718,3
5719,6
5720,5
5721,1
5722,5
5723,1
5724,4
5725,0
5726,4
5727,5
5728,4
5729,2
5730,0
5731,4
5732,2
5733,4
5734,0
5735,2
5736,4
5737,0
5738,6
5739,0
5740,5
5741,0
5742,2
5743,1
5744,5
5745,5
5746,5
5747,0
5748,6
5749,0
5750,6
5751,0
5752,0
5753,1
5754,2
5755,0
5756,0
5757,6
5758,4
5759,0
5760,4
5761,6
5762,0
5763,5
5764,1
5765,0
5766,2
5767,0
5768,2
5769,5
5770,2
5771,1
5772,2
5773,2
5774,0
5775,1
5776,0
5777,0
5778,2
5779,2
5780,0
5781,3
5782,1
5783,2
5784,0
5785,0
5786,0
5787,2
5788,1
5789,5
5790,0
5791,6
5792,2
5793,2
5794,5
5795,4
5796,4
5797,2
5798,4
5799,3
5800,4
5801,4
5802,2
5803,3
5804,1
5805,6
5806,4
5807,1
5808,3
5809,4
5810,3
5811,2
5812,0
5813,0
5814,3
5815,0
5816,1
5817,6
5818,0
5819,2
5820,1
5821,0
5822,3
5823,4
5824,6
5825,2
5826,2
5827,0
5828,1
5829,5
5830,1
5831,6
5832,5
5833,3
5834,2
5835,5
5836,1
5837,1
5838,0
5839,5
5840,1
5841,1
5842,5
5843,2
5844,3
5845,0
5846,1
5847,0
5848,3
5849,5
5850,5
5851,0
5852,1
5853,0
5854,0
5855,5
5856,0
5857,1
5858,1
5859,5
5860,2
5861,0
5862,1
5863,0
5864,4
5865,3
5866,4
5867,0
5868,0
5869,0
5870,4
5871,1
5872,1
5873,5
5874,2
5875,0
5876,2
5877,5
5878,3
5879,1
5880,1
5881,0
5882,5
5883,5
5884,2
5885,1
5886,4
5887,4
5888,2
5889,1
5890,0
5891,3
5892,4
5893,2
5894,4
5895,1
5896,2
5897,0
5898,1
5899,2
5900,3
5901,0
5902,0
5903,3
5904,5
5905,0
5906,0
5907,2
5908,6
5909,1
5910,2
5911,5
5912,0
5913,0
5914,0
5915,2
5916,5
5917,0
5918,0
5919,0
5920,5
5921,5
5922,6
5923,5
5924,2
5925,4
5926,3
5927,2
5928,3
5929,5
5930,1
5931,1
5932,0
5933,1
5934,1
5935,0
5936,5
5937,0
5938,3
5939,5
5940,3
5941,1
5942,2
5943,3
5944,3
5945,0
5946,2
5947,4
5948,5
5949,5
5950,3
5951,1
5952,2
5953,5
5954,2
5955,3
5956,1
5957,5
5958,4
5959,3
5960,1
5961,6
5962,3
5963,5
5964,5
5965,1
5966,2
5967,0
5968,4
5969,3
5970,4
5971,0
5972,6
5973,4
5974,0
5975,0
5976,0
5977,5
5978,0
5979,5
5980,2
5981,3
5982,5
5983,0
5984,0
5985,5
5986,1
5987,0
5988,2
5989,2
5990,5
5991,4
5992,1
5993,1
5994,5
5995,6
5996,1
5997,4
5998,6
5999,2
6000,0
6001,6
6002,2
6003,0
6004,4
6005,6
6006,4
6007,5
6008,2
6009,0
6010,0
6011,1
6012,4
6013,5
6014,1
6015,3
6016,4
6017,5
6018,2
6019,3
6020,0
6021,0
6022,5
6023,3
6024,4
6025,5
6026,0
6027,5
6028,4
6029,6
6030,5
6031,3
6032,0
6033,4
6034,3
6035,2
6036,1
6037,2
6038,5
6039,2
6040,4
6041,1
6042,0
6043,5
6044,3
6045,0
6046,5
6047,2
6048,5
6049,0
6050,0
6051,0
6052,3
6053,1
6054,0
6055,4
6056,4
6057,3
6058,1
6059,3
6060,5
6061,1
6062,5
6063,0
6064,0
6065,4
6066,2
6067,1
6068,5
6069,3
6070,4
6071,4
6072,1
6073,5
6074,3
6075,0
6076,0
6077,0
6078,2
6079,0
6080,1
6081,0
6082,0
6083,4
6084,4
6085,3
6086,2
6087,5
6088,3
6089,2
6090,2
6091,5
6092,2
6093,5
6094,5
6095,0
6096,0
6097,3
6098,4
6099,3
6100,5
6101,1
6102,0
6103,2
6104,1
6105,0
6106,3
6107,0
6108,2
6109,1
6110,0
6111,0
6112,3
6113,1
6114,0
6115,3
6116,5
6117,0
6118,6
6119,1
6120,5
6121,3
6122,0
6123,6
6124,1
6125,0
6126,1
6127,0
6128,0
6129,2
6130,1
6131,5
6132,4
6133,2
6134,0
6135,1
6136,5
6137,3
6138,3
6139,4
6140,6
6141,1
6142,4
6143,2
6144,4
6145,2
6146,0
6147,1
6148,0
6149,0
6150,0
6151,5
6152,1
6153,5
6154,0
6155,0
6156,5
6157,2
6158,0
6159,3
6160,5
6161,3
6162,0
6163,1
6164,5
6165,2
6166,2
6167,0
6168,4
6169,5
6170,5
6171,2
6172,3
6173,0
6174,6
6175,4
6176,0
6177,1
6178,0
6179,0
6180,5
6181,3
6182,1
6183,2
6184,4
6185,3
6186,2
6187,0
6188,4
6189,3
6190,0
6191,1
6192,4
6193,3
6194,0
6195,5
6196,2
6197,5
6198,1
6199,3
6200,5
6201,2
6202,1
6203,1
6204,0
6205,1
6206,2
6207,1
6208,0
6209,0
6210,0
6211,6
6212,0
6213,0
6214,0
6215,4
6216,2
6217,2
6218,4
6219,0
6220,3
6221,0
6222,2
6223,1
6224,1
6225,0
6226,3
6227,2
6228,3
6229,0
6230,2
6231,0
6232,1
6233,2
6234,1
6235,0
6236,4
6237,0
6238,1
6239,4
6240,3
6241,5
6242,0
6243,0
6244,4
6245,2
6246,6
6247,6
6248,5
6249,0
6250,2
6251,3
6252,5
6253,0
6254,4
6255,6
6256,0
6257,1
6258,0
6259,4
6260,1
6261,2
6262,2
6263,0
6264,0
6265,2
6266,1
6267,5
6268,4
6269,0
6270,1
6271,0
6272,4
6273,1
6274,0
6275,2
6276,3
6277,5
6278,0
6279,3
6280,1
6281,3
6282,2
6283,1
6284,1
6285,3
6286,5
6287,5
6288,2
6289,3
6290,1
6291,1
6292,2
6293,0
6294,3
6295,2
6296,5
6297,4
6298,4
6299,2
6300,5
6301,0
6302,3
6303,6
6304,0
6305,2
6306,6
6307,0
6308,0
6309,1
6310,4
6311,3
6312,4
6313,0
6314,2
6315,1
6316,0
6317,4
6318,0
6319,0
6320,3
6321,1
6322,0
6323,1
6324,0
6325,5
6326,5
6327,6
6328,0
6329,0
6330,5
6331,1
6332,0
6333,2
6334,0
6335,1
6336,3
6337,0
6338,5
6339,1
6340,5
6341,4
6342,0
6343,2
6344,0
6345,6
6346,5
6347,6
6348,3
6349,5
6350,0
6351,4
6352,1
6353,0
6354,6
6355,2
6356,0
6357,1
6358,4
6359,0
6360,0
6361,3
6362,0
6363,5
6364,2
6365,0
6366,0
6367,4
6368,4
6369,5
6370,0
6371,1
6372,0
6373,2
6374,3
6375,2
6376,3
6377,0
6378,1
6379,5
6380,5
6381,2
6382,6
6383,3
6384,0
6385,0
6386,3
6387,4
6388,0
6389,3
6390,0
6391,0
6392,0
6393,0
6394,5
6395,0
6396,6
6397,1
6398,0
6399,2
6400,2
6401,0
6402,6
6403,2
6404,0
6405,1
6406,1
6407,0
6408,6
6409,5
6410,6
6411,1
6412,3
6413,0
6414,4
6415,5
6416,0
6417,4
6418,0
6419,3
6420,0
6421,1
6422,5
6423,2
6424,0
6425,5
6426,3
6427,6
6428,5
6429,4
6430,1
6431,0
6432,5
6433,6
6434,5
6435,2
6436,0
6437,0
6438,3
6439,2
6440,2
6441,5
6442,2
6443,2
6444,4
6445,1
6446,2
6447,1
6448,2
6449,5
6450,3
6451,2
6452,2
6453,5
6454,2
6455,1
6456,2
6457,5
6458,2
6459,0
6460,0
6461,3
6462,5
6463,4
6464,3
6465,0
6466,0
6467,0
6468,4
6469,5
6470,6
6471,6
6472,5
6473,2
6474,3
6475,4
6476,0
6477,6
6478,0
6479,3
6480,3
6481,5
6482,2
6483,3
6484,4
6485,0
6486,0
6487,6
6488,4
6489,2
6490,4
6491,0
6492,0
6493,2
6494,0
6495,0
6496,0
6497,0
6498,4
6499,2
6500,2
6501,4
6502,4
6503,3
6504,2
6505,0
6506,0
6507,4
6508,4
6509,1
6510,5
6511,3
6512,5
6513,4
6514,3
6515,1
6516,3
6517,3
6518,6
6519,5
6520,4
6521,0
6522,5
6523,0
6524,0
6525,5
6526,1
6527,6
6528,2
6529,2
6530,2
6531,4
6532,6
6533,4
6534,2
6535,5
6536,2
6537,2
6538,3
6539,5
6540,5
6541,2
6542,2
6543,0
6544,0
6545,4
6546,6
6547,0
6548,0
6549,5
6550,4
6551,5
6552,1
6553,1
6554,0
6555,0
6556,2
6557,0
6558,5
6559,0
6560,1
6561,1
6562,3
6563,0
6564,0
6565,5
6566,0
6567,0
6568,0
6569,1
6570,2
6571,5
6572,2
6573,1
6574,5
6575,5
6576,0
6577,2
6578,3
6579,6
6580,4
6581,1
6582,0
6583,1
6584,3
6585,0
6586,1
6587,0
6588,1
6589,0
6590,5
6591,2
6592,2
6593,2
6594,2
6595,0
6596,0
6597,3
6598,3
6599,3
6600,5
6601,4
6602,0
6603,0
6604,2
6605,5
6606,0
6607,1
6608,3
6609,3
6610,5
6611,5
6612,5
6613,1
6614,5
6615,6
6616,4
6617,3
6618,1
6619,4
6620,0
6621,4
6622,0
6623,0
6624,2
6625,0
6626,2
6627,2
6628,1
6629,0
6630,5
6631,2
6632,2
6633,0
6634,1
6635,3
6636,3
6637,5
6638,3
6639,3
6640,3
6641,0
6642,5
6643,2
6644,2
6645,3
6646,0
6647,0
6648,1
6649,3
6650,3
6651,4
6652,2
6653,6
6654,5
6655,3
6656,3
6657,2
6658,5
6659,2
6660,6
6661,0
6662,1
6663,3
6664,5
6665,5
6666,5
6667,4
6668,0
6669,4
6670,4
6671,5
6672,0
6673,0
6674,4
6675,5
6676,6
6677,3
6678,4
6679,3
6680,1
6681,2
6682,0
6683,0
6684,3
6685,1
6686,2
6687,3
6688,5
6689,3
6690,0
6691,6
6692,5
6693,0
6694,3
6695,5
6696,1
6697,0
6698,3
6699,0
6700,1
6701,5
6702,5
6703,3
6704,0
6705,1
6706,5
6707,4
6708,1
6709,1
6710,0
6711,0
6712,1
6713,0
6714,0
6715,0
6716,1
6717,6
6718,4
6719,2
6720,5
6721,0
6722,4
6723,0
6724,4
6725,5
6726,5
6727,5
6728,0
6729,0
6730,1
6731,0
6732,6
6733,3
6734,5
6735,4
6736,1
6737,1
6738,0
6739,0
6740,5
6741,1
6742,0
6743,0
6744,0
6745,4
6746,5
6747,0
6748,2
6749,5
6750,1
6751,2
6752,1
6753,4
6754,4
6755,4
6756,3
6757,3
6758,1
6759,0
6760,4
6761,3
6762,0
6763,5
6764,0
6765,5
6766,0
6767,1
6768,1
6769,0
6770,0
6771,2
6772,0
6773,1
6774,1
6775,2
6776,3
6777,2
6778,5
6779,4
6780,0
6781,5
6782,0
6783,6
6784,2
6785,5
6786,2
6787,4
6788,4
6789,5
6790,0
6791,4
6792,1
6793,0
6794,1
6795,4
6796,3
6797,1
6798,3
6799,5
6800,1
6801,0
6802,4
6803,5
6804,2
6805,3
6806,0
6807,5
6808,3
6809,0
6810,0
6811,2
6812,6
6813,3
6814,4
6815,0
6816,6
6817,5
6818,5
6819,0
6820,4
6821,2
6822,0
6823,1
6824,1
6825,3
6826,4
6827,4
6828,2
6829,0
6830,2
6831,0
6832,3
6833,5
6834,6
6835,0
6836,4
6837,1
6838,0
6839,3
6840,3
6841,2
6842,3
6843,1
6844,3
6845,2
6846,3
6847,4
6848,0
6849,4
6850,0
6851,4
6852,2
6853,1
6854,1
6855,3
6856,5
6857,5
6858,1
6859,0
6860,1
6861,4
6862,0
6863,3
6864,6
6865,5
6866,0
6867,5
6868,5
6869,0
6870,0
6871,6
6872,3
6873,1
6874,3
6875,4
6876,0
6877,0
6878,2
6879,2
6880,0
6881,4
6882,3
6883,5
6884,5
6885,5
6886,3
6887,0
6888,2
6889,0
6890,0
6891,0
6892,4
6893,0
6894,5
6895,3
6896,6
6897,0
6898,3
6899,1
6900,2
6901,2
6902,1
6903,4
6904,4
6905,0
6906,0
6907,2
6908,1
6909,0
6910,6
6911,3
6912,0
6913,1
6914,2
6915,0
6916,1
6917,5
6918,2
6919,1
6920,2
6921,2
6922,0
6923,0
6924,4
6925,3
6926,0
6927,4
6928,0
6929,3
6930,5
6931,1
6932,0
6933,0
6934,0
6935,5
6936,0
6937,1
6938,0
6939,6
6940,6
6941,2
6942,0
6943,0
6944,0
6945,6
6946,4
6947,0
6948,2
6949,0
6950,4
6951,0
6952,4
6953,0
6954,0
6955,5
6956,5
6957,3
6958,1
6959,0
6960,0
6961,4
6962,0
6963,4
6964,3
6965,0
6966,2
6967,0
6968,0
6969,6
6970,1
6971,4
6972,2
6973,0
6974,2
6975,1
6976,0
6977,2
6978,0
6979,1
6980,5
6981,6
6982,0
6983,6
6984,4
6985,4
6986,1
6987,0
6988,1
6989,3
6990,4
6991,1
6992,0
6993,2
6994,5
6995,5
6996,5
6997,4
6998,3
6999,5
7000,5
7001,5
7002,5
7003,2
7004,0
7005,4
7006,0
7007,6
7008,0
7009,3
7010,5
7011,1
7012,5
7013,0
7014,1
7015,1
7016,1
7017,3
7018,0
7019,0
7020,5
7021,0
7022,4
7023,0
7024,0
7025,6
7026,1
7027,0
7028,0
7029,4
7030,5
7031,4
7032,4
7033,3
7034,2
7035,2
7036,3
7037,5
7038,2
7039,5
7040,3
7041,0
7042,4
7043,1
7044,2
7045,6
7046,3
7047,1
7048,0
7049,4
7050,6
7051,3
7052,3
7053,1
7054,6
7055,0
7056,0
7057,6
7058,3
7059,3
7060,4
7061,3
7062,2
7063,2
7064,0
7065,1
7066,1
7067,0
7068,5
7069,5
7070,1
7071,4
7072,2
7073,5
7074,1
7075,2
7076,4
7077,0
7078,3
7079,2
7080,1
7081,5
7082,0
7083,4
7084,0
7085,3
7086,1
7087,0
7088,0
7089,1
7090,3
7091,2
7092,0
7093,4
7094,2
7095,4
7096,5
7097,0
7098,3
7099,5
7100,0
7101,1
7102,0
7103,5
7104,5
7105,5
7106,0
7107,5
7108,4
7109,0
7110,0
7111,1
7112,0
7113,5
7114,5
7115,6
7116,5
7117,5
7118,4
7119,3
7120,6
7121,3
7122,5
7123,3
7124,0
7125,4
7126,5
7127,2
7128,1
7129,1
7130,5
7131,3
7132,4
7133,0
7134,4
7135,0
7136,2
7137,5
7138,2
7139,1
7140,1
7141,0
7142,5
7143,0
7144,1
7145,1
7146,5
7147,0
7148,0
7149,0
7150,2
7151,5
7152,5
7153,3
7154,3
7155,5
7156,1
7157,4
7158,1
7159,0
7160,4
7161,1
7162,4
7163,0
7164,6
7165,2
7166,6
7167,1
7168,5
7169,2
7170,2
7171,1
7172,0
7173,1
7174,1
7175,6
7176,4
7177,0
7178,0
7179,6
7180,1
7181,4
7182,2
7183,5
7184,5
7185,1
7186,0
7187,0
7188,1
7189,2
7190,0
7191,1
7192,2
7193,3
7194,5
7195,0
7196,6
7197,0
7198,1
7199,0
7200,3
7201,5
7202,0
7203,3
7204,0
7205,3
7206,2
7207,1
7208,3
7209,2
7210,3
7211,0
7212,4
7213,5
7214,5
7215,0
7216,1
7217,0
7218,5
7219,3
7220,4
7221,5
7222,3
7223,3
7224,6
7225,2
7226,1
7227,0
7228,0
7229,0
7230,3
7231,3
7232,2
7233,0
7234,4
7235,3
7236,1
7237,4
7238,2
7239,0
7240,0
7241,6
7242,4
7243,1
7244,0
7245,2
7246,0
7247,2
7248,3
7249,5
7250,2
7251,3
7252,6
7253,4
7254,1
7255,6
7256,4
7257,4
7258,4
7259,0
7260,3
7261,3
7262,0
7263,0
7264,0
7265,0
7266,0
7267,4
7268,4
7269,2
7270,0
7271,1
7272,0
7273,2
7274,5
7275,1
7276,2
7277,0
7278,0
7279,5
7280,0
7281,5
7282,5
7283,2
7284,3
7285,4
7286,0
7287,5
7288,5
7289,1
7290,4
7291,4
7292,5
7293,1
7294,5
7295,4
7296,2
7297,0
7298,3
7299,1
7300,1
7301,0
7302,0
7303,3
7304,1
7305,1
7306,5
7307,2
7308,0
7309,0
7310,0
7311,2
7312,1
7313,0
7314,0
7315,1
7316,0
7317,2
7318,1
7319,2
7320,2
7321,3
7322,0
7323,0
7324,6
7325,0
7326,6
7327,0
7328,6
7329,4
7330,0
7331,1
7332,3
7333,0
7334,3
7335,0
7336,0
7337,5
7338,0
7339,3
7340,0
7341,0
7342,4
7343,5
7344,2
7345,3
7346,2
7347,2
7348,3
7349,3
7350,3
7351,3
7352,6
7353,2
7354,5
7355,3
7356,1
7357,6
7358,4
7359,1
7360,4
7361,0
7362,1
7363,4
7364,1
7365,3
7366,4
7367,5
7368,1
7369,4
7370,0
7371,5
7372,2
7373,1
7374,0
7375,2
7376,4
7377,3
7378,5
7379,2
7380,2
7381,3
7382,1
7383,2
7384,5
7385,4
7386,3
7387,2
7388,0
7389,4
7390,5
7391,3
7392,3
7393,5
7394,1
7395,4
7396,0
7397,5
7398,5
7399,0
7400,1
7401,3
7402,0
7403,0
7404,5
7405,2
7406,2
7407,6
7408,5
7409,2
7410,0
7411,1
7412,4
7413,0
7414,1
7415,3
7416,5
7417,4
7418,5
7419,3
7420,0
7421,2
7422,1
7423,0
7424,2
7425,4
7426,5
7427,5
7428,0
7429,0
7430,2
7431,5
7432,0
7433,0
7434,1
7435,4
7436,2
7437,1
7438,6
7439,1
7440,3
7441,4
7442,0
7443,5
7444,0
7445,3
7446,0
7447,0
7448,3
7449,3
7450,0
7451,4
7452,0
7453,0
7454,1
7455,3
7456,3
7457,3
7458,2
7459,3
7460,5
7461,6
7462,5
7463,0
7464,1
7465,4
7466,5
7467,1
7468,3
7469,5
7470,3
7471,0
7472,2
7473,2
7474,0
7475,4
7476,1
7477,0
7478,0
7479,0
7480,0
7481,5
7482,3
7483,0
7484,0
7485,0
7486,1
7487,2
7488,5
7489,5
7490,0
7491,4
7492,4
7493,4
7494,0
7495,5
7496,1
7497,2
7498,2
7499,2
7500,2
7501,5
7502,4
7503,2
7504,5
7505,2
7506,5
7507,3
7508,1
7509,4
7510,2
7511,3
7512,4
7513,2
7514,1
7515,0
7516,4
7517,6
7518,4
7519,0
7520,0
7521,6
7522,0
7523,2
7524,5
7525,5
7526,0
7527,5
7528,3
7529,3
7530,0
7531,2
7532,5
7533,0
7534,0
7535,3
7536,0
7537,1
7538,5
7539,3
7540,0
7541,3
7542,2
7543,4
7544,4
7545,4
7546,1
7547,6
7548,5
7549,1
7550,3
7551,3
7552,2
7553,2
7554,0
7555,2
7556,1
7557,6
7558,4
7559,4
7560,0
7561,5
7562,1
7563,6
7564,4
7565,0
7566,1
7567,0
7568,5
7569,3
7570,0
7571,5
7572,3
7573,6
7574,2
7575,5
7576,0
7577,5
7578,0
7579,3
7580,2
7581,6
7582,0
7583,4
7584,4
7585,4
7586,0
7587,1
7588,3
7589,4
7590,4
7591,3
7592,0
7593,2
7594,0
7595,3
7596,4
7597,5
7598,4
7599,6
7600,5
7601,1
7602,4
7603,6
7604,3
7605,4
7606,0
7607,1
7608,0
7609,0
7610,0
7611,2
7612,5
7613,5
7614,1
7615,3
7616,0
7617,5
7618,5
7619,5
7620,1
7621,4
7622,0
7623,0
7624,0
7625,2
7626,2
7627,3
7628,3
7629,5
7630,0
7631,6
7632,2
7633,2
7634,0
7635,4
7636,2
7637,0
7638,3
7639,5
7640,2
7641,3
7642,3
7643,6
7644,0
7645,5
7646,4
7647,1
7648,1
7649,3
7650,5
7651,4
7652,5
7653,4
7654,4
7655,1
7656,4
7657,0
7658,3
7659,4
7660,5
7661,0
7662,2
7663,5
7664,0
7665,5
7666,1
7667,3
7668,4
7669,0
7670,1
7671,0
7672,5
7673,4
7674,0
7675,0
7676,5
7677,3
7678,0
7679,1
7680,2
7681,1
7682,2
7683,1
7684,5
7685,4
7686,4
7687,3
7688,0
7689,1
7690,5
7691,2
7692,2
7693,0
7694,5
7695,0
7696,4
7697,2
7698,5
7699,2
7700,2
7701,5
7702,1
7703,0
7704,1
7705,1
7706,5
7707,1
7708,1
7709,0
7710,6
7711,5
7712,0
7713,0
7714,3
7715,5
7716,1
7717,0
7718,0
7719,6
7720,1
7721,0
7722,2
7723,0
7724,4
7725,3
7726,3
7727,3
7728,0
7729,1
7730,0
7731,2
7732,0
7733,0
7734,1
7735,2
7736,2
7737,5
7738,1
7739,5
7740,0
7741,3
7742,6
7743,5
7744,5
7745,0
7746,3
7747,0
7748,1
7749,1
7750,2
7751,2
7752,1
7753,2
7754,2
7755,0
7756,1
7757,2
7758,0
7759,5
7760,5
7761,0
7762,1
7763,0
7764,5
7765,0
7766,0
7767,1
7768,0
7769,4
7770,2
7771,1
7772,0
7773,3
7774,1
7775,1
7776,5
7777,0
7778,6
7779,2
7780,1
7781,3
7782,1
7783,2
7784,4
7785,1
7786,4
7787,1
7788,0
7789,4
7790,0
7791,0
7792,3
7793,0
7794,2
7795,2
7796,0
7797,0
7798,1
7799,0
7800,5
7801,1
7802,3
7803,2
7804,0
7805,6
7806,6
7807,4
7808,4
7809,6
7810,0
7811,1
7812,5
7813,0
7814,2
7815,5
7816,4
7817,0
7818,0
7819,1
7820,4
7821,0
7822,5
7823,5
7824,2
7825,5
7826,5
7827,1
7828,5
7829,3
7830,3
7831,4
7832,2
7833,3
7834,0
7835,0
7836,0
7837,0
7838,0
7839,3
7840,3
7841,0
7842,3
7843,0
7844,1
7845,1
7846,0
7847,0
7848,2
7849,1
7850,0
7851,4
7852,0
7853,4
7854,0
7855,4
7856,0
7857,3
7858,5
7859,0
7860,0
7861,3
7862,5
7863,0
7864,3
7865,1
7866,0
7867,0
7868,3
7869,5
7870,1
7871,0
7872,0
7873,1
7874,1
7875,2
7876,6
7877,2
7878,0
7879,1
7880,3
7881,3
7882,1
7883,1
7884,6
7885,0
7886,0
7887,3
7888,1
7889,2
7890,3
7891,2
7892,4
7893,0
7894,3
7895,0
7896,0
7897,4
7898,5
7899,0
7900,2
7901,4
7902,0
7903,0
7904,0
7905,1
7906,1
7907,5
7908,6
7909,6
7910,0
7911,5
7912,1
7913,3
7914,2
7915,4
7916,1
7917,6
7918,6
7919,5
7920,0
7921,0
7922,1
7923,4
7924,2
7925,2
7926,1
7927,1
7928,0
7929,3
7930,5
7931,2
7932,4
7933,4
7934,4
7935,0
7936,3
7937,5
7938,5
7939,2
7940,0
7941,6
7942,1
7943,0
7944,3
7945,2
7946,5
7947,5
7948,3
7949,5
7950,3
7951,0
7952,2
7953,2
7954,1
7955,4
7956,3
7957,0
7958,0
7959,5
7960,0
7961,1
7962,2
7963,5
7964,5
7965,0
7966,1
7967,1
7968,2
7969,1
7970,5
7971,0
7972,0
7973,1
7974,0
7975,0
7976,6
7977,1
7978,0
7979,2
7980,1
7981,5
7982,0
7983,4
7984,0
7985,5
7986,1
7987,5
7988,0
7989,0
7990,2
7991,0
7992,2
7993,0
7994,0
7995,2
7996,5
7997,3
7998,5
7999,1
8000,3
8001,5
8002,3
8003,5
8004,5
8005,2
8006,0
8007,5
8008,0
8009,0
8010,5
8011,2
8012,4
8013,0
8014,0
8015,1
8016,0
8017,2
8018,0
8019,5
8020,5
8021,0
8022,5
8023,2
8024,0
8025,5
8026,5
8027,4
8028,2
8029,0
8030,2
8031,2
8032,3
8033,5
8034,1
8035,2
8036,0
8037,1
8038,1
8039,5
8040,0
8041,0
8042,3
8043,4
8044,5
8045,2
8046,5
8047,6
8048,5
8049,1
8050,3
8051,5
8052,2
8053,3
8054,1
8055,3
8056,0
8057,1
8058,0
8059,2
8060,0
8061,1
8062,1
8063,1
8064,0
8065,0
8066,4
8067,2
8068,1
8069,1
8070,0
8071,2
8072,2
8073,0
8074,6
8075,1
8076,4
8077,5
8078,1
8079,2
8080,2
8081,0
8082,0
8083,2
8084,1
8085,0
8086,3
8087,3
8088,0
8089,0
8090,6
8091,0
8092,0
8093,4
8094,5
8095,0
8096,2
8097,2
8098,4
8099,0
8100,6
8101,5
8102,0
8103,0
8104,1
8105,0
8106,4
8107,5
8108,3
8109,3
8110,0
8111,1
8112,4
8113,0
8114,1
8115,5
8116,3
8117,4
8118,5
8119,1
8120,6
8121,0
8122,0
8123,6
8124,3
8125,0
8126,0
8127,3
8128,4
8129,5
8130,3
8131,4
8132,2
8133,0
8134,1
8135,5
8136,1
8137,0
8138,0
8139,5
8140,2
8141,0
8142,0
8143,1
8144,4
8145,4
8146,5
8147,2
8148,5
8149,2
8150,4
8151,0
8152,5
8153,4
8154,2
8155,2
8156,3
8157,2
8158,1
8159,1
8160,2
8161,5
8162,0
8163,1
8164,3
8165,0
8166,1
8167,5
8168,0
8169,0
8170,1
8171,2
8172,6
8173,2
8174,4
8175,5
8176,3
8177,5
8178,2
8179,4
8180,5
8181,3
8182,5
8183,1
8184,6
8185,2
8186,4
8187,4
8188,1
8189,0
8190,3
8191,5
8192,4
8193,1
8194,2
8195,3
8196,5
8197,3
8198,1
8199,2
8200,2
8201,0
8202,6
8203,0
8204,3
8205,1
8206,0
8207,5
8208,2
8209,6
8210,0
8211,0
8212,0
8213,2
8214,2
8215,0
8216,0
8217,0
8218,0
8219,0
8220,0
8221,6
8222,3
8223,3
8224,4
8225,6
8226,5
8227,0
8228,1
8229,0
8230,3
8231,4
8232,0
8233,0
8234,3
8235,0
8236,5
8237,1
8238,1
8239,3
8240,1
8241,2
8242,1
8243,2
8244,4
8245,5
8246,4
8247,1
8248,3
8249,3
8250,1
8251,5
8252,5
8253,0
8254,0
8255,0
8256,2
8257,3
8258,0
8259,5
8260,3
8261,3
8262,2
8263,0
8264,0
8265,6
8266,2
8267,5
8268,3
8269,5
8270,2
8271,0
8272,0
8273,6
8274,4
8275,3
8276,0
8277,5
8278,6
8279,0
8280,1
8281,0
8282,0
8283,1
8284,5
8285,0
8286,4
8287,0
8288,2
8289,4
8290,0
8291,2
8292,1
8293,0
8294,1
8295,3
8296,2
8297,1
8298,4
8299,0
8300,0
8301,3
8302,3
8303,0
8304,5
8305,4
8306,0
8307,0
8308,4
8309,0
8310,2
8311,4
8312,2
8313,1
8314,3
8315,1
8316,6
8317,5
8318,6
8319,3
8320,6
8321,5
8322,3
8323,0
8324,0
8325,1
8326,2
8327,4
8328,0
8329,4
8330,5
8331,4
8332,0
8333,3
8334,3
8335,0
8336,0
8337,5
8338,0
8339,1
8340,3
8341,0
8342,5
8343,3
8344,3
8345,4
8346,4
8347,3
8348,2
8349,3
8350,1
8351,2
8352,3
8353,1
8354,1
8355,0
8356,4
8357,3
8358,1
8359,2
8360,2
8361,2
8362,3
8363,3
8364,3
8365,5
8366,2
8367,0
8368,1
8369,4
8370,5
8371,3
8372,5
8373,5
8374,5
8375,5
8376,2
8377,1
8378,2
8379,2
8380,1
8381,1
8382,5
8383,6
8384,1
8385,0
8386,2
8387,5
8388,0
8389,0
8390,3
8391,1
8392,6
8393,5
8394,6
8395,0
8396,6
8397,0
8398,1
8399,3
8400,5
8401,5
8402,2
8403,3
8404,2
8405,0
8406,5
8407,0
8408,2
8409,0
8410,1
8411,2
8412,0
8413,1
8414,0
8415,1
8416,5
8417,0
8418,6
8419,2
8420,2
8421,0
8422,2
8423,5
8424,0
8425,0
8426,4
8427,6
8428,1
8429,0
8430,5
8431,2
8432,2
8433,6
8434,5
8435,0
8436,0
8437,1
8438,3
8439,4
8440,5
8441,1
8442,3
8443,5
8444,0
8445,4
8446,4
8447,5
8448,1
8449,3
8450,1
8451,0
8452,0
8453,0
8454,2
8455,5
8456,6
8457,0
8458,2
8459,5
8460,1
8461,0
8462,2
8463,4
8464,1
8465,0
8466,0
8467,0
8468,1
8469,2
8470,0
8471,5
8472,5
8473,3
8474,0
8475,4
8476,4
8477,2
8478,1
8479,0
8480,0
8481,5
8482,5
8483,4
8484,5
8485,0
8486,0
8487,3
8488,0
8489,4
8490,0
8491,2
8492,2
8493,1
8494,0
8495,5
8496,3
8497,1
8498,2
8499,1
8500,4
8501,4
8502,0
8503,2
8504,1
8505,1
8506,1
8507,1
8508,6
8509,0
8510,2
8511,6
8512,5
8513,1
8514,0
8515,3
8516,6
8517,2
8518,3
8519,6
8520,0
8521,0
8522,0
8523,1
8524,0
8525,2
8526,5
8527,3
8528,2
8529,2
8530,2
8531,4
8532,0
8533,4
8534,1
8535,0
8536,3
8537,0
8538,5
8539,4
8540,3
8541,0
8542,3
8543,0
8544,0
8545,2
8546,0
8547,5
8548,3
8549,2
8550,6
8551,0
8552,0
8553,5
8554,2
8555,4
8556,0
8557,5
8558,1
8559,3
8560,0
8561,3
8562,1
8563,0
8564,3
8565,3
8566,2
8567,4
8568,5
8569,2
8570,0
8571,1
8572,0
8573,2
8574,4
8575,3
8576,2
8577,3
8578,0
8579,0
8580,2
8581,1
8582,1
8583,1
8584,1
8585,0
8586,5
8587,4
8588,0
8589,5
8590,0
8591,0
8592,4
8593,0
8594,3
8595,1
8596,0
8597,0
8598,0
8599,1
8600,3
8601,0
8602,5
8603,3
8604,2
8605,0
8606,2
8607,0
8608,4
8609,0
8610,3
8611,0
8612,3
8613,5
8614,3
8615,5
8616,0
8617,0
8618,5
8619,0
8620,1
8621,1
8622,3
8623,5
8624,0
8625,4
8626,0
8627,4
8628,3
8629,1
8630,1
8631,5
8632,6
8633,1
8634,5
8635,5
8636,5
8637,3
8638,3
8639,2
8640,3
8641,4
8642,3
8643,5
8644,2
8645,5
8646,3
8647,5
8648,4
8649,4
8650,0
8651,1
8652,0
8653,0
8654,1
8655,2
8656,4
8657,1
8658,5
8659,0
8660,3
8661,0
8662,0
8663,5
8664,3
8665,4
8666,2
8667,2
8668,0
8669,1
8670,2
8671,2
8672,6
8673,1
8674,0
8675,0
8676,6
8677,1
8678,0
8679,1
8680,0
8681,0
8682,0
8683,0
8684,5
8685,2
8686,1
8687,0
8688,3
8689,0
8690,5
8691,3
8692,0
8693,2
8694,1
8695,1
8696,2
8697,3
8698,0
8699,5
8700,5
8701,4
8702,0
8703,2
8704,0
8705,5
8706,2
8707,4
8708,6
8709,4
8710,3
8711,4
8712,0
8713,5
8714,1
8715,5
8716,2
8717,4
8718,4
8719,4
8720,0
8721,0
8722,5
8723,6
8724,1
8725,5
8726,2
8727,1
8728,5
8729,1
8730,5
8731,1
8732,1
8733,0
8734,1
8735,5
8736,0
8737,0
8738,0
8739,2
8740,5
8741,1
8742,5
8743,0
8744,4
8745,1
8746,3
8747,2
8748,5
8749,3
8750,0
8751,0
8752,1
8753,0
8754,2
8755,3
8756,6
8757,1
8758,5
8759,3
8760,3
8761,0
8762,5
8763,2
8764,5
8765,6
8766,1
8767,2
8768,5
8769,3
8770,4
8771,1
8772,5
8773,4
8774,3
8775,1
8776,2
8777,2
8778,1
8779,0
8780,3
8781,1
8782,6
8783,4
8784,4
8785,5
8786,2
8787,0
8788,1
8789,5
8790,6
8791,4
8792,2
8793,5
8794,1
8795,3
8796,5
8797,3
8798,2
8799,4
8800,0
8801,0
8802,4
8803,0
8804,4
8805,0
8806,0
8807,0
8808,0
8809,0
8810,5
8811,1
8812,3
8813,4
8814,4
8815,4
8816,5
8817,3
8818,0
8819,0
8820,2
8821,5
8822,0
8823,4
8824,0
8825,6
8826,3
8827,4
8828,3
8829,5
8830,5
8831,0
8832,0
8833,1
8834,1
8835,3
8836,5
8837,1
8838,0
8839,2
8840,6
8841,1
8842,1
8843,3
8844,1
8845,2
8846,5
8847,0
8848,0
8849,0
8850,0
8851,4
8852,3
8853,3
8854,4
8855,5
8856,4
8857,6
8858,0
8859,2
8860,2
8861,5
8862,2
8863,1
8864,1
8865,3
8866,0
8867,1
8868,4
8869,5
8870,2
8871,4
8872,0
8873,0
8874,6
8875,6
8876,0
8877,3
8878,1
8879,4
8880,6
8881,1
8882,1
8883,0
8884,0
8885,4
8886,4
8887,1
8888,2
8889,4
8890,0
8891,0
8892,2
8893,0
8894,1
8895,1
8896,1
8897,3
8898,2
8899,0
8900,1
8901,3
8902,3
8903,5
8904,0
8905,2
8906,4
8907,0
8908,0
8909,2
8910,4
8911,3
8912,0
8913,2
8914,3
8915,0
8916,5
8917,6
8918,2
8919,2
8920,4
8921,0
8922,5
8923,3
8924,4
8925,5
8926,0
8927,4
8928,5
8929,3
8930,0
8931,0
8932,5
8933,1
8934,1
8935,6
8936,0
8937,0
8938,5
8939,3
8940,3
8941,1
8942,0
8943,3
8944,3
8945,2
8946,1
8947,2
8948,4
8949,0
8950,5
8951,0
8952,2
8953,4
8954,4
8955,0
8956,1
8957,5
8958,2
8959,3
8960,0
8961,1
8962,0
8963,4
8964,0
8965,3
8966,4
8967,0
8968,3
8969,2
8970,5
8971,0
8972,5
8973,5
8974,2
8975,1
8976,4
8977,2
8978,0
8979,2
8980,2
8981,0
8982,5
8983,0
8984,2
8985,0
8986,4
8987,2
8988,0
8989,2
8990,4
8991,4
8992,0
8993,5
8994,5
8995,4
8996,3
8997,0
8998,0
8999,0
9000,2
9001,2
9002,5
9003,2
9004,4
9005,2
9006,2
9007,2
9008,5
9009,2
9010,0
9011,0
9012,0
9013,2
9014,0
9015,2
9016,0
9017,0
9018,4
9019,1
9020,3
9021,2
9022,4
9023,1
9024,5
9025,4
9026,3
9027,6
9028,5
9029,0
9030,5
9031,5
9032,4
9033,5
9034,4
9035,2
9036,1
9037,0
9038,3
9039,2
9040,3
9041,5
9042,3
9043,1
9044,6
9045,4
9046,4
9047,1
9048,1
9049,3
9050,1
9051,2
9052,4
9053,1
9054,1
9055,4
9056,5
9057,0
9058,4
9059,1
9060,1
9061,5
9062,1
9063,3
9064,2
9065,3
9066,5
9067,3
9068,1
9069,1
9070,5
9071,6
9072,5
9073,3
9074,1
9075,5
9076,6
9077,5
9078,2
9079,0
9080,3
9081,2
9082,5
9083,0
9084,4
9085,0
9086,5
9087,4
9088,0
9089,4
9090,0
9091,1
9092,4
9093,2
9094,0
9095,1
9096,4
9097,4
9098,4
9099,3
9100,5
9101,2
9102,2
9103,6
9104,4
9105,0
9106,0
9107,4
9108,0
9109,5
9110,1
9111,4
9112,5
9113,3
9114,5
9115,5
9116,1
9117,4
9118,1
9119,0
9120,5
9121,4
9122,3
9123,3
9124,4
9125,0
9126,3
9127,3
9128,2
9129,0
9130,6
9131,3
9132,5
9133,0
9134,4
9135,1
9136,4
9137,0
9138,0
9139,1
9140,3
9141,0
9142,0
9143,2
9144,1
9145,0
9146,3
9147,4
9148,3
9149,5
9150,4
9151,2
9152,6
9153,5
9154,2
9155,4
9156,0
9157,1
9158,3
9159,6
9160,6
9161,1
9162,3
9163,1
9164,2
9165,3
9166,3
9167,0
9168,4
9169,0
9170,3
9171,0
9172,5
9173,6
9174,2
9175,5
9176,3
9177,5
9178,3
9179,3
9180,5
9181,6
9182,4
9183,1
9184,0
9185,4
9186,0
9187,4
9188,5
9189,5
9190,2
9191,0
9192,4
9193,0
9194,0
9195,0
9196,3
9197,0
9198,2
9199,1
9200,0
9201,3
9202,1
9203,0
9204,6
9205,1
9206,3
9207,5
9208,5
9209,3
9210,1
9211,1
9212,5
9213,4
9214,0
9215,0
9216,1
9217,1
9218,6
9219,4
9220,0
9221,2
9222,2
9223,5
9224,5
9225,2
9226,1
9227,5
9228,0
9229,4
9230,3
9231,3
9232,6
9233,1
9234,6
9235,5
9236,6
9237,0
9238,2
9239,6
9240,1
9241,2
9242,4
9243,3
9244,0
9245,6
9246,2
9247,1
9248,5
9249,0
9250,0
9251,0
9252,3
9253,5
9254,6
9255,0
9256,0
9257,2
9258,3
9259,6
9260,3
9261,3
9262,0
9263,6
9264,2
9265,2
9266,3
9267,5
9268,0
9269,0
9270,2
9271,0
9272,4
9273,4
9274,3
9275,4
9276,4
9277,0
9278,5
9279,0
9280,4
9281,2
9282,1
9283,5
9284,0
9285,0
9286,4
9287,0
9288,1
9289,0
9290,0
9291,4
9292,2
9293,5
9294,4
9295,1
9296,6
9297,0
9298,3
9299,4
9300,2
9301,0
9302,5
9303,4
9304,1
9305,4
9306,2
9307,1
9308,0
9309,4
9310,3
9311,0
9312,0
9313,4
9314,2
9315,5
9316,5
9317,6
9318,1
9319,1
9320,5
9321,5
9322,5
9323,4
9324,0
9325,1
9326,5
9327,4
9328,3
9329,6
9330,5
9331,6
9332,4
9333,0
9334,0
9335,5
9336,5
9337,1
9338,5
9339,5
9340,1
9341,5
9342,0
9343,1
9344,2
9345,3
9346,1
9347,0
9348,1
9349,2
9350,0
9351,1
9352,0
9353,4
9354,6
9355,3
9356,0
9357,0
9358,4
9359,4
9360,0
9361,2
9362,3
9363,6
9364,1
9365,0
9366,1
9367,2
9368,1
9369,0
9370,0
9371,2
9372,0
9373,2
9374,4
9375,3
9376,5
9377,5
9378,2
9379,1
9380,3
9381,5
9382,2
9383,6
9384,4
9385,5
9386,1
9387,0
9388,4
9389,1
9390,3
9391,2
9392,0
9393,0
9394,3
9395,2
9396,3
9397,5
9398,5
9399,5
9400,2
9401,4
9402,1
9403,2
9404,2
9405,1
9406,4
9407,2
9408,4
9409,5
9410,0
9411,1
9412,0
9413,5
9414,3
9415,2
9416,0
9417,4
9418,0
9419,6
9420,0
9421,2
9422,2
9423,6
9424,0
9425,5
9426,0
9427,0
9428,3
9429,5
9430,3
9431,4
9432,0
9433,0
9434,3
9435,6
9436,2
9437,5
9438,3
9439,1
9440,3
9441,2
9442,5
9443,4
9444,0
9445,0
9446,0
9447,5
9448,2
9449,2
9450,1
9451,3
9452,3
9453,5
9454,3
9455,6
9456,4
9457,0
9458,5
9459,4
9460,3
9461,5
9462,5
9463,4
9464,5
9465,0
9466,4
9467,0
9468,4
9469,3
9470,5
9471,4
9472,5
9473,4
9474,2
9475,5
9476,5
9477,4
9478,5
9479,0
9480,3
9481,4
9482,1
9483,0
9484,2
9485,4
9486,6
9487,1
9488,0
9489,2
9490,3
9491,0
9492,6
9493,5
9494,1
9495,3
9496,4
9497,4
9498,3
9499,4
9500,4
9501,4
9502,5
9503,3
9504,3
9505,5
9506,2
9507,4
9508,2
9509,0
9510,2
9511,0
9512,6
9513,5
9514,5
9515,0
9516,1
9517,5
9518,4
9519,0
9520,2
9521,5
9522,2
9523,0
9524,4
9525,0
9526,5
9527,4
9528,0
9529,5
9530,2
9531,5
9532,1
9533,0
9534,3
9535,1
9536,3
9537,6
9538,4
9539,3
9540,4
9541,2
9542,4
9543,0
9544,2
9545,5
9546,5
9547,2
9548,0
9549,1
9550,5
9551,5
9552,4
9553,3
9554,3
9555,5
9556,0
9557,2
9558,5
9559,3
9560,6
9561,6
9562,4
9563,4
9564,2
9565,5
9566,1
9567,0
9568,4
9569,4
9570,5
9571,0
9572,1
9573,3
9574,5
9575,0
9576,4
9577,3
9578,5
9579,3
9580,0
9581,6
9582,3
9583,4
9584,6
9585,0
9586,0
9587,6
9588,0
9589,0
9590,4
9591,2
9592,3
9593,3
9594,0
9595,0
9596,5
9597,3
9598,2
9599,5
9600,0
9601,3
9602,2
9603,2
9604,3
9605,1
9606,5
9607,5
9608,6
9609,2
9610,3
9611,4
9612,0
9613,0
9614,0
9615,3
9616,2
9617,3
9618,5
9619,4
9620,1
9621,5
9622,0
9623,6
9624,1
9625,0
9626,6
9627,5
9628,2
9629,2
9630,2
9631,6
9632,5
9633,0
9634,4
9635,4
9636,4
9637,3
9638,4
9639,0
9640,3
9641,2
9642,2
9643,1
9644,2
9645,0
9646,1
9647,1
9648,0
9649,0
9650,0
9651,6
9652,2
9653,1
9654,4
9655,1
9656,1
9657,5
9658,0
9659,6
9660,1
9661,0
9662,3
9663,0
9664,2
9665,0
9666,1
9667,1
9668,6
9669,1
9670,4
9671,4
9672,2
9673,0
9674,5
9675,0
9676,4
9677,4
9678,2
9679,1
9680,6
9681,6
9682,4
9683,2
9684,0
9685,5
9686,2
9687,0
9688,4
9689,0
9690,2
9691,4
9692,5
9693,3
9694,3
9695,0
9696,3
9697,1
9698,3
9699,5
9700,4
9701,4
9702,1
9703,2
9704,3
9705,3
9706,6
9707,3
9708,2
9709,2
9710,0
9711,0
9712,0
9713,4
9714,2
9715,3
9716,6
9717,2
9718,2
9719,1
9720,3
9721,0
9722,0
9723,3
9724,5
9725,0
9726,5
9727,5
9728,4
9729,5
9730,5
9731,0
9732,3
9733,1
9734,2
9735,5
9736,2
9737,1
9738,4
9739,2
9740,1
9741,1
9742,6
9743,0
9744,0
9745,1
9746,4
9747,1
9748,5
9749,4
9750,0
9751,2
9752,0
9753,1
9754,1
9755,1
9756,0
9757,0
9758,1
9759,2
9760,3
9761,5
9762,4
9763,3
9764,5
9765,4
9766,5
9767,5
9768,0
9769,3
9770,2
9771,0
9772,1
9773,0
9774,0
9775,3
9776,1
9777,3
9778,5
9779,0
9780,5
9781,0
9782,6
9783,2
9784,3
9785,0
9786,2
9787,0
9788,2
9789,5
9790,0
9791,1
9792,0
9793,2
9794,5
9795,5
9796,3
9797,5
9798,5
9799,1
9800,3
9801,2
9802,5
9803,5
9804,1
9805,2
9806,0
9807,4
9808,6
9809,1
9810,5
9811,0
9812,1
9813,0
9814,0
9815,4
9816,1
9817,1
9818,1
9819,1
9820,0
9821,4
9822,3
9823,2
9824,2
9825,1
9826,3
9827,1
9828,0
9829,3
9830,1
9831,3
9832,0
9833,2
9834,0
9835,5
9836,0
9837,4
9838,0
9839,1
9840,2
9841,4
9842,3
9843,5
9844,4
9845,1
9846,3
9847,4
9848,2
9849,4
9850,3
9851,5
9852,1
9853,3
9854,4
9855,5
9856,6
9857,3
9858,0
9859,2
9860,0
9861,3
9862,3
9863,0
9864,5
9865,2
9866,5
9867,4
9868,0
9869,2
9870,5
9871,6
9872,6
9873,4
9874,0
9875,1
9876,0
9877,2
9878,3
9879,5
9880,5
9881,5
9882,4
9883,6
9884,4
9885,4
9886,2
9887,0
9888,6
9889,0
9890,3
9891,3
9892,5
9893,4
9894,0
9895,4
9896,1
9897,1
9898,5
9899,1
9900,0
9901,1
9902,1
9903,0
9904,2
9905,2
9906,2
9907,0
9908,1
9909,0
9910,2
9911,5
9912,5
9913,3
9914,1
9915,3
9916,3
9917,0
9918,6
9919,5
9920,0
9921,0
9922,1
9923,2
9924,3
9925,3
9926,4
9927,2
9928,4
9929,3
9930,5
9931,0
9932,6
9933,5
9934,0
9935,1
9936,2
9937,3
9938,6
9939,1
9940,0
9941,2
9942,6
9943,0
9944,5
9945,3
9946,1
9947,2
9948,4
9949,3
9950,1
9951,2
9952,4
9953,5
9954,0
9955,6
9956,3
9957,2
9958,2
9959,4
9960,5
9961,4
9962,1
9963,5
9964,5
9965,5
9966,1
9967,6
9968,4
9969,0
9970,2
9971,4
9972,0
9973,5
9974,0
9975,4
9976,1
9977,0
9978,4
9979,3
9980,1
9981,3
9982,3
9983,3
9984,0
9985,4
9986,2
9987,4
9988,4
9989,6
9990,0
9991,1
9992,2
9993,3
9994,4
9995,2
9996,3
9997,1
9998,0
9999,2
10000,0
10001,5
10002,6
10003,0
10004,5
10005,3
10006,3
10007,3
10008,4
10009,1
10010,1
10011,0
10012,3
10013,5
10014,0
10015,4
10016,3
10017,0
10018,4
10019,5
10020,3
10021,4
10022,5
10023,6
10024,0
10025,3
10026,0
10027,2
10028,0
10029,1
10030,0
10031,0
10032,0
10033,0
10034,1
10035,2
10036,2
10037,0
10038,0
10039,0
10040,0
10041,6
10042,4
10043,5
10044,2
10045,0
10046,0
10047,5
10048,2
10049,5
10050,2
10051,4
10052,6
10053,4
10054,0
10055,5
10056,3
10057,0
10058,1
10059,4
10060,3
10061,0
10062,6
10063,0
10064,0
10065,0
10066,5
10067,2
10068,1
10069,5
10070,5
10071,2
10072,0
10073,2
10074,3
10075,6
10076,4
10077,0
10078,4
10079,0
10080,4
10081,4
10082,3
10083,4
10084,6
10085,0
10086,5
10087,5
10088,0
10089,5
10090,5
10091,0
10092,6
10093,0
10094,5
10095,3
10096,2
10097,1
10098,5
10099,4
10100,5
10101,3
10102,1
10103,3
10104,0
10105,2
10106,0
10107,2
10108,5
10109,1
10110,0
10111,2
10112,4
10113,2
10114,0
10115,1
10116,0
10117,4
10118,3
10119,0
10120,3
10121,2
10122,3
10123,3
10124,4
10125,0
10126,4
10127,1
10128,4
10129,3
10130,3
10131,2
10132,1
10133,4
10134,5
10135,0
10136,5
10137,1
10138,3
10139,0
10140,2
10141,3
10142,5
10143,4
10144,5
10145,6
10146,1
10147,6
10148,5
10149,2
10150,4
10151,0
10152,1
10153,2
10154,1
10155,5
10156,3
10157,0
10158,2
10159,2
10160,0
10161,0
10162,0
10163,2
10164,2
10165,5
10166,3
10167,3
10168,5
10169,0
10170,0
10171,2
10172,3
10173,0
10174,2
10175,3
10176,2
10177,3
10178,0
10179,0
10180,5
10181,4
10182,2
10183,4
10184,1
10185,0
10186,4
10187,0
10188,4
10189,5
10190,5
10191,0
10192,3
10193,0
10194,5
10195,3
10196,5
10197,3
10198,2
10199,5
10200,2
10201,4
10202,1
10203,0
10204,1
10205,0
10206,2
10207,3
10208,0
10209,2
10210,0
10211,0
10212,0
10213,1
10214,1
10215,1
10216,6
10217,0
10218,0
10219,6
10220,0
10221,0
10222,0
10223,2
10224,3
10225,2
10226,3
10227,1
10228,0
10229,4
10230,0
10231,0
10232,0
10233,4
10234,0
10235,3
10236,1
10237,3
10238,5
10239,0
10240,0
10241,4
10242,2
10243,1
10244,2
10245,0
10246,1
10247,4
10248,0
10249,1
10250,0
10251,0
10252,0
10253,3
10254,2
10255,2
10256,0
10257,4
10258,5
10259,1
10260,3
10261,0
10262,0
10263,1
10264,2
10265,6
10266,6
10267,4
10268,2
10269,4
10270,4
10271,1
10272,5
10273,0
10274,4
10275,5
10276,1
10277,3
10278,5
10279,5
10280,4
10281,0
10282,6
10283,4
10284,0
10285,6
10286,0
10287,4
10288,3
10289,1
10290,0
10291,5
10292,2
10293,0
10294,5
10295,0
10296,3
10297,6
10298,5
10299,3
10300,0
10301,4
10302,2
10303,0
10304,5
10305,0
10306,0
10307,0
10308,1
10309,4
10310,0
10311,0
10312,4
10313,3
10314,2
10315,1
10316,1
10317,0
10318,4
10319,0
10320,4
10321,5
10322,3
10323,5
10324,6
10325,1
10326,3
10327,1
10328,5
10329,0
10330,5
10331,3
10332,1
10333,0
10334,5
10335,0
10336,5
10337,6
10338,2
10339,1
10340,6
10341,1
10342,1
10343,2
10344,2
10345,5
10346,4
10347,5
10348,0
10349,0
10350,2
10351,4
10352,1
10353,1
10354,2
10355,4
10356,3
10357,0
10358,0
10359,5
10360,4
10361,0
10362,1
10363,5
10364,2
10365,6
10366,2
10367,6
10368,3
10369,0
10370,0
10371,4
10372,0
10373,2
10374,1
10375,5
10376,4
10377,2
10378,3
10379,2
10380,2
10381,0
10382,3
10383,0
10384,3
10385,3
10386,0
10387,0
10388,2
10389,5
10390,0
10391,0
10392,3
10393,0
10394,1
10395,2
10396,0
10397,3
10398,1
10399,4
10400,2
10401,0
10402,4
10403,3
10404,4
10405,0
10406,3
10407,1
10408,0
10409,5
10410,0
10411,3
10412,1
10413,1
10414,5
10415,1
10416,2
10417,3
10418,3
10419,4
10420,0
10421,1
10422,4
10423,3
10424,0
10425,4
10426,0
10427,6
10428,1
10429,3
10430,6
10431,3
10432,5
10433,5
10434,1
10435,4
10436,6
10437,3
10438,1
10439,0
10440,5
10441,2
10442,3
10443,4
10444,0
10445,4
10446,1
10447,3
10448,0
10449,1
10450,5
10451,5
10452,1
10453,3
10454,2
10455,5
10456,5
10457,0
10458,5
10459,5
10460,3
10461,1
10462,4
10463,1
10464,3
10465,1
10466,2
10467,6
10468,6
10469,4
10470,3
10471,3
10472,0
10473,2
10474,2
10475,0
10476,3
10477,4
10478,4
10479,0
10480,6
10481,2
10482,1
10483,1
10484,3
10485,3
10486,5
10487,2
10488,0
10489,3
10490,2
10491,1
10492,3
10493,1
10494,0
10495,0
10496,3
10497,0
10498,0
10499,1
10500,2
10501,0
10502,1
10503,5
10504,0
10505,1
10506,5
10507,0
10508,2
10509,2
10510,2
10511,0
10512,1
10513,4
10514,5
10515,0
10516,0
10517,0
10518,0
10519,3
10520,2
10521,1
10522,0
10523,1
10524,1
10525,0
10526,6
10527,2
10528,0
10529,0
10530,5
10531,4
10532,5
10533,6
10534,2
10535,2
10536,1
10537,0
10538,0
10539,1
10540,6
10541,0
10542,1
10543,5
10544,0
10545,2
10546,2
10547,1
10548,4
10549,0
10550,2
10551,5
10552,0
10553,5
10554,3
10555,1
10556,1
10557,0
10558,0
10559,6
10560,1
10561,0
10562,5
10563,0
10564,3
10565,6
10566,3
10567,2
10568,5
10569,1
10570,5
10571,2
10572,5
10573,5
10574,0
10575,3
10576,0
10577,5
10578,3
10579,0
10580,5
10581,0
10582,2
10583,3
10584,3
10585,3
10586,5
10587,0
10588,1
10589,3
10590,3
10591,0
10592,0
10593,1
10594,5
10595,0
10596,0
10597,2
10598,1
10599,4
10600,0
10601,3
10602,5
10603,3
10604,0
10605,2
10606,0
10607,3
10608,0
10609,2
10610,3
10611,2
10612,2
10613,4
10614,6
10615,2
10616,4
10617,2
10618,0
10619,2
10620,0
10621,1
10622,3
10623,0
10624,0
10625,3
10626,0
10627,5
10628,2
10629,5
10630,5
10631,0
10632,3
10633,4
10634,0
10635,2
10636,0
10637,1
10638,0
10639,3
10640,6
10641,1
10642,1
10643,2
10644,5
10645,5
10646,5
10647,1
10648,1
10649,1
10650,6
10651,0
10652,0
10653,0
10654,1
10655,0
10656,4
10657,4
10658,1
10659,5
10660,0
10661,1
10662,0
10663,2
10664,5
10665,0
10666,0
10667,3
10668,5
10669,2
10670,5
10671,3
10672,0
10673,1
10674,3
10675,3
10676,5
10677,3
10678,3
10679,4
10680,0
10681,5
10682,2
10683,2
10684,1
10685,0
10686,0
10687,5
10688,0
10689,4
10690,1
10691,6
10692,4
10693,0
10694,3
10695,2
10696,5
10697,0
10698,1
10699,5
10700,0
10701,2
10702,5
10703,0
10704,1
10705,5
10706,3
10707,6
10708,0
10709,0
10710,3
10711,0
10712,6
10713,1
10714,3
10715,6
10716,2
10717,0
10718,1
10719,5
10720,0
10721,2
10722,1
10723,2
10724,2
10725,0
10726,5
10727,2
10728,5
10729,5
10730,0
10731,2
10732,5
10733,0
10734,5
10735,2
10736,2
10737,0
10738,5
10739,1
10740,4
10741,2
10742,2
10743,5
10744,5
10745,2
10746,2
10747,6
10748,1
10749,0
10750,2
10751,4
10752,4
10753,4
10754,0
10755,5
10756,5
10757,3
10758,0
10759,1
10760,0
10761,5
10762,0
10763,0
10764,3
10765,5
10766,5
10767,4
10768,2
10769,6
10770,2
10771,1
10772,1
10773,0
10774,0
10775,0
10776,0
10777,4
10778,1
10779,0
10780,1
10781,0
10782,1
10783,2
10784,1
10785,6
10786,4
10787,1
10788,5
10789,1
10790,3
10791,3
10792,3
10793,1
10794,2
10795,3
10796,0
10797,5
10798,5
10799,5
10800,2
10801,2
10802,6
10803,5
10804,6
10805,5
10806,0
10807,2
10808,1
10809,3
10810,3
10811,5
10812,0
10813,2
10814,1
10815,2
10816,0
10817,5
10818,4
10819,0
10820,3
10821,3
10822,5
10823,4
10824,5
10825,0
10826,5
10827,1
10828,0
10829,2
10830,0
10831,0
10832,5
10833,0
10834,2
10835,1
10836,3
10837,4
10838,1
10839,5
10840,0
10841,4
10842,0
10843,3
10844,6
10845,0
10846,6
10847,2
10848,5
10849,5
10850,4
10851,1
10852,5
10853,0
10854,2
10855,3
10856,5
10857,5
10858,1
10859,0
10860,1
10861,0
10862,5
10863,0
10864,1
10865,3
10866,1
10867,0
10868,1
10869,5
10870,5
10871,1
10872,2
10873,0
10874,1
10875,0
10876,3
10877,2
10878,0
10879,1
10880,5
10881,2
10882,4
10883,3
10884,0
10885,2
10886,5
10887,0
10888,5
10889,2
10890,2
10891,6
10892,6
10893,5
10894,2
10895,5
10896,5
10897,0
10898,0
10899,4
10900,4
10901,0
10902,3
10903,3
10904,6
10905,0
10906,2
10907,2
10908,3
10909,0
10910,5
10911,5
10912,0
10913,0
10914,0
10915,3
10916,0
10917,0
10918,2
10919,3
10920,1
10921,1
10922,1
10923,5
10924,1
10925,2
10926,2
10927,3
10928,5
10929,4
10930,4
10931,1
10932,2
10933,3
10934,0
10935,0
10936,4
10937,0
10938,4
10939,2
10940,5
10941,0
10942,3
10943,0
10944,4
10945,0
10946,2
10947,6
10948,4
10949,5
10950,1
10951,5
10952,5
10953,1
10954,6
10955,0
10956,0
10957,0
10958,6
10959,0
10960,2
10961,1
10962,2
10963,1
10964,0
10965,4
10966,0
10967,6
10968,4
10969,0
10970,1
10971,1
10972,4
10973,1
10974,2
10975,6
10976,1
10977,2
10978,1
10979,3
10980,0
10981,1
10982,5
10983,2
10984,0
10985,5
10986,3
10987,0
10988,0
10989,2
10990,1
10991,6
10992,1
10993,0
10994,0
10995,3
10996,2
10997,5
10998,5
10999,3
11000,4
11001,0
11002,0
11003,1
11004,4
11005,0
11006,6
11007,0
11008,4
11009,0
11010,2
11011,3
11012,4
11013,4
11014,0
11015,5
11016,0
11017,0
11018,1
11019,0
11020,1
11021,1
11022,5
11023,0
11024,2
11025,2
11026,2
11027,5
11028,3
11029,1
11030,3
11031,3
11032,2
11033,0
11034,5
11035,0
11036,3
11037,5
11038,6
11039,0
11040,1
11041,5
11042,5
11043,1
11044,1
11045,4
11046,2
11047,5
11048,5
11049,2
11050,4
11051,5
11052,1
11053,0
11054,5
11055,2
11056,2
11057,0
11058,0
11059,4
11060,5
11061,1
11062,2
11063,0
11064,1
11065,2
11066,0
11067,5
11068,0
11069,6
11070,0
11071,2
11072,0
11073,5
11074,0
11075,3
11076,2
11077,1
11078,0
11079,2
11080,0
11081,5
11082,3
11083,4
11084,1
11085,0
11086,6
11087,2
11088,4
11089,3
11090,0
11091,6
11092,5
11093,4
11094,5
11095,6
11096,2
11097,2
11098,5
11099,0
11100,3
11101,0
11102,4
11103,2
11104,5
11105,0
11106,0
11107,1
11108,4
11109,0
11110,2
11111,5
11112,5
11113,5
11114,0
11115,3
11116,4
11117,2
11118,0
11119,5
11120,2
11121,0
11122,0
11123,6
11124,5
11125,5
11126,0
11127,4
11128,5
11129,2
11130,2
11131,0
11132,6
11133,2
11134,1
11135,2
11136,1
11137,5
11138,5
11139,4
11140,2
11141,3
11142,2
11143,0
11144,5
11145,2
11146,0
11147,1
11148,2
11149,0
11150,0
11151,1
11152,2
11153,0
11154,0
11155,1
11156,3
11157,5
11158,5
11159,5
11160,2
11161,2
11162,3
11163,0
11164,5
11165,3
11166,5
11167,1
11168,1
11169,0
11170,5
11171,0
11172,2
11173,2
11174,0
11175,5
11176,3
11177,3
11178,0
11179,2
11180,6
11181,5
11182,2
11183,5
11184,1
11185,5
11186,5
11187,6
11188,3
11189,2
11190,5
11191,4
11192,5
11193,2
11194,1
11195,3
11196,0
11197,1
11198,1
11199,5
11200,5
11201,0
11202,4
11203,0
11204,4
11205,0
11206,5
11207,5
11208,0
11209,2
11210,3
11211,0
11212,4
11213,1
11214,3
11215,2
11216,5
11217,3
11218,3
11219,2
11220,0
11221,4
11222,5
11223,4
11224,2
11225,0
11226,2
11227,0
11228,0
11229,4
11230,1
11231,0
11232,4
11233,0
11234,1
11235,3
11236,2
11237,0
11238,5
11239,5
11240,5
11241,2
11242,0
11243,3
11244,4
11245,6
11246,5
11247,2
11248,3
11249,6
11250,4
11251,3
11252,1
11253,6
11254,0
11255,4
11256,6
11257,5
11258,0
11259,5
11260,0
11261,0
11262,6
11263,0
11264,4
11265,1
11266,4
11267,0
11268,0
11269,1
11270,1
11271,1
11272,2
11273,1
11274,0
11275,0
11276,4
11277,3
11278,0
11279,4
11280,4
11281,3
11282,5
11283,0
11284,2
11285,3
11286,2
11287,2
11288,1
11289,2
11290,4
11291,0
11292,6
11293,1
11294,1
11295,1
11296,4
11297,2
11298,4
11299,5
11300,5
11301,1
11302,3
11303,5
11304,1
11305,5
11306,0
11307,0
11308,4
11309,6
11310,4
11311,1
11312,4
11313,0
11314,6
11315,0
11316,5
11317,4
11318,5
11319,5
11320,4
11321,2
11322,2
11323,4
11324,1
11325,2
11326,4
11327,1
11328,6
11329,5
11330,2
11331,5
11332,5
11333,4
11334,2
11335,4
11336,1
11337,0
11338,0
11339,6
11340,3
11341,2
11342,5
11343,5
11344,2
11345,0
11346,0
11347,4
11348,5
11349,0
11350,1
11351,5
11352,0
11353,3
11354,0
11355,4
11356,4
11357,1
11358,0
11359,2
11360,1
11361,0
11362,1
11363,4
11364,1
11365,1
11366,3
11367,4
11368,5
11369,6
11370,0
11371,1
11372,3
11373,5
11374,0
11375,6
11376,2
11377,2
11378,5
11379,0
11380,0
11381,2
11382,3
11383,3
11384,4
11385,2
11386,5
11387,0
11388,0
11389,3
11390,0
11391,5
11392,4
11393,0
11394,4
11395,5
11396,5
11397,4
11398,0
11399,3
11400,6
11401,1
11402,5
11403,3
11404,3
11405,3
11406,5
11407,0
11408,5
11409,2
11410,5
11411,3
11412,5
11413,5
11414,0
11415,5
11416,2
11417,0
11418,4
11419,0
11420,1
11421,0
11422,3
11423,2
11424,3
11425,0
11426,1
11427,5
11428,4
11429,6
11430,2
11431,4
11432,6
11433,1
11434,2
11435,0
11436,2
11437,4
11438,5
11439,0
11440,0
11441,1
11442,0
11443,3
11444,0
11445,3
11446,1
11447,0
11448,4
11449,1
11450,4
11451,4
11452,0
11453,1
11454,1
11455,0
11456,2
11457,0
11458,3
11459,2
11460,5
11461,3
11462,1
11463,5
11464,4
11465,4
11466,2
11467,6
11468,5
11469,3
11470,0
11471,5
11472,2
11473,3
11474,2
11475,1
11476,2
11477,3
11478,2
11479,4
11480,4
11481,5
11482,3
11483,6
11484,0
11485,5
11486,1
11487,1
11488,4
11489,0
11490,0
11491,5
11492,1
11493,0
11494,1
11495,6
11496,4
11497,4
11498,5
11499,0
11500,2
11501,2
11502,0
11503,5
11504,1
11505,1
11506,0
11507,0
11508,4
11509,0
11510,6
11511,3
11512,4
11513,0
11514,5
11515,3
11516,4
11517,2
11518,3
11519,5
11520,6
11521,5
11522,3
11523,0
11524,0
11525,5
11526,5
11527,1
11528,0
11529,1
11530,2
11531,5
11532,2
11533,3
11534,2
11535,0
11536,1
11537,2
11538,3
11539,5
11540,0
11541,0
11542,0
11543,2
11544,2
11545,0
11546,6
11547,3
11548,5
11549,4
11550,0
11551,0
11552,5
11553,0
11554,2
11555,3
11556,6
11557,0
11558,0
11559,0
11560,3
11561,1
11562,4
11563,5
11564,0
11565,3
11566,2
11567,0
11568,5
11569,1
11570,5
11571,2
11572,0
11573,4
11574,5
11575,2
11576,1
11577,0
11578,2
11579,0
11580,0
11581,5
11582,1
11583,4
11584,2
11585,1
11586,3
11587,4
11588,0
11589,5
11590,2
11591,5
11592,5
11593,4
11594,4
11595,0
11596,0
11597,5
11598,5
11599,1
11600,2
11601,6
11602,1
11603,0
11604,5
11605,3
11606,0
11607,1
11608,1
11609,0
11610,0
11611,0
11612,2
11613,1
11614,0
11615,0
11616,6
11617,3
11618,6
11619,3
11620,3
11621,2
11622,5
11623,3
11624,3
11625,1
11626,5
11627,1
11628,0
11629,1
11630,2
11631,4
11632,3
11633,1
11634,1
11635,0
11636,5
11637,2
11638,1
11639,0
11640,3
11641,0
11642,2
11643,5
11644,4
11645,4
11646,3
11647,0
11648,0
11649,2
11650,5
11651,4
11652,2
11653,4
11654,0
11655,4
11656,1
11657,4
11658,2
11659,3
11660,5
11661,3
11662,4
11663,3
11664,2
11665,3
11666,1
11667,3
11668,4
11669,4
11670,3
11671,0
11672,2
11673,1
11674,3
11675,5
11676,2
11677,4
11678,5
11679,0
11680,0
11681,5
11682,1
11683,1
11684,1
11685,0
11686,6
11687,5
11688,0
11689,4
11690,5
11691,4
11692,1
11693,5
11694,5
11695,2
11696,0
11697,2
11698,3
11699,0
11700,0
11701,4
11702,5
11703,1
11704,1
11705,5
11706,1
11707,0
11708,0
11709,2
11710,1
11711,0
11712,2
11713,5
11714,0
11715,2
11716,4
11717,3
11718,5
11719,6
11720,4
11721,2
11722,1
11723,0
11724,0
11725,1
11726,1
11727,2
11728,1
11729,3
11730,3
11731,0
11732,5
11733,0
11734,4
11735,0
11736,0
11737,1
11738,0
11739,5
11740,6
11741,5
11742,0
11743,0
11744,5
11745,0
11746,0
11747,3
11748,0
11749,2
11750,0
11751,4
11752,4
11753,1
11754,1
11755,4
11756,1
11757,5
11758,2
11759,4
11760,0
11761,3
11762,5
11763,2
11764,1
11765,2
11766,1
11767,5
11768,1
11769,3
11770,3
11771,5
11772,3
11773,1
11774,1
11775,0
11776,4
11777,2
11778,4
11779,3
11780,0
11781,5
11782,2
11783,2
11784,0
11785,2
11786,1
11787,6
11788,3
11789,4
11790,0
11791,2
11792,0
11793,4
11794,0
11795,0
11796,1
11797,0
11798,1
11799,0
11800,5
11801,3
11802,0
11803,5
11804,0
11805,0
11806,5
11807,6
11808,3
11809,5
11810,0
11811,0
11812,3
11813,0
11814,5
11815,0
11816,1
11817,4
11818,6
11819,1
11820,6
11821,2
11822,4
11823,0
11824,4
11825,3
11826,2
11827,3
11828,3
11829,6
11830,0
11831,1
11832,6
11833,0
11834,5
11835,2
11836,0
11837,0
11838,0
11839,0
11840,3
11841,2
11842,3
11843,5
11844,0
11845,4
11846,3
11847,0
11848,1
11849,2
11850,5
11851,5
11852,0
11853,3
11854,4
11855,5
11856,3
11857,2
11858,2
11859,5
11860,3
11861,3
11862,0
11863,5
11864,0
11865,0
11866,4
11867,0
11868,5
11869,0
11870,6
11871,1
11872,5
11873,0
11874,0
11875,2
11876,1
11877,4
11878,1
11879,2
11880,0
11881,5
11882,4
11883,4
11884,2
11885,5
11886,4
11887,2
11888,3
11889,6
11890,3
11891,0
11892,0
11893,0
11894,0
11895,2
11896,5
11897,2
11898,4
11899,5
11900,0
11901,0
11902,1
11903,4
11904,4
11905,2
11906,2
11907,2
11908,6
11909,1
11910,0
11911,5
11912,2
11913,2
11914,2
11915,0
11916,0
11917,4
11918,0
11919,0
11920,5
11921,1
11922,1
11923,0
11924,4
11925,2
11926,5
11927,5
11928,2
11929,0
11930,1
11931,0
11932,4
11933,1
11934,0
11935,3
11936,1
11937,2
11938,0
11939,3
11940,1
11941,2
11942,3
11943,5
11944,2
11945,1
11946,0
11947,4
11948,1
11949,2
11950,1
11951,2
11952,0
11953,0
11954,4
11955,1
11956,3
11957,2
11958,0
11959,1
11960,5
11961,0
11962,3
11963,2
11964,0
11965,0
11966,4
11967,6
11968,2
11969,1
11970,4
11971,5
11972,5
11973,2
11974,1
11975,4
11976,2
11977,1
11978,3
11979,2
11980,4
11981,2
11982,1
11983,4
11984,0
11985,2
11986,6
11987,0
11988,4
11989,3
11990,3
11991,0
11992,5
11993,2
11994,4
11995,6
11996,4
11997,1
11998,0
11999,5
12000,0
12001,4
12002,5
12003,4
12004,5
12005,5
12006,0
12007,6
12008,5
12009,0
12010,3
12011,5
12012,0
12013,2
12014,5
12015,5
12016,5
12017,6
12018,0
12019,0
12020,0
12021,6
12022,6
12023,4
12024,1
12025,0
12026,1
12027,3
12028,1
12029,1
12030,5
12031,0
12032,4
12033,2
12034,5
12035,3
12036,1
12037,4
12038,0
12039,1
12040,0
12041,0
12042,0
12043,6
12044,2
12045,3
12046,5
12047,0
12048,2
12049,2
12050,5
12051,0
12052,3
12053,1
12054,5
12055,6
12056,3
12057,1
12058,0
12059,2
12060,5
12061,0
12062,3
12063,5
12064,1
12065,3
12066,5
12067,3
12068,0
12069,5
12070,1
12071,4
12072,2
12073,1
12074,0
12075,3
12076,0
12077,5
12078,3
12079,0
12080,5
12081,5
12082,2
12083,1
12084,0
12085,1
12086,0
12087,5
12088,4
12089,1
12090,4
12091,1
12092,4
12093,3
12094,1
12095,4
12096,4
12097,0
12098,4
12099,0
12100,0
12101,4
12102,0
12103,1
12104,1
12105,2
12106,0
12107,0
12108,0
12109,3
12110,1
12111,4
12112,5
12113,1
12114,0
12115,4
12116,0
12117,1
12118,2
12119,2
12120,2
12121,3
12122,6
12123,2
12124,0
12125,2
12126,0
12127,2
12128,3
12129,5
12130,1
12131,3
12132,6
12133,5
12134,0
12135,4
12136,0
12137,1
12138,0
12139,3
12140,5
12141,0
12142,5
12143,6
12144,0
12145,4
12146,5
12147,3
12148,4
12149,0
12150,5
12151,1
12152,2
12153,5
12154,2
12155,0
12156,5
12157,0
12158,3
12159,2
12160,1
12161,3
12162,1
12163,4
12164,4
12165,0
12166,1
12167,2
12168,5
12169,2
12170,5
12171,0
12172,2
12173,4
12174,5
12175,5
12176,5
12177,5
12178,2
12179,4
12180,6
12181,4
12182,4
12183,5
12184,2
12185,3
12186,4
12187,1
12188,1
12189,3
12190,0
12191,4
12192,2
12193,0
12194,2
12195,0
12196,2
12197,0
12198,4
12199,3
12200,2
12201,3
12202,0
12203,2
12204,5
12205,2
12206,2
12207,3
12208,0
12209,1
12210,3
12211,2
12212,2
12213,5
12214,1
12215,1
12216,5
12217,1
12218,1
12219,1
12220,5
12221,2
12222,0
12223,0
12224,3
12225,4
12226,0
12227,0
12228,6
12229,4
12230,2
12231,4
12232,2
12233,1
12234,1
12235,0
12236,2
12237,4
12238,0
12239,0
12240,0
12241,0
12242,5
12243,1
12244,0
12245,2
12246,2
12247,0
12248,6
12249,0
12250,5
12251,5
12252,4
12253,6
12254,1
12255,2
12256,5
12257,1
12258,1
12259,3
12260,3
12261,0
12262,2
12263,1
12264,3
12265,0
12266,3
12267,3
12268,3
12269,6
12270,1
12271,4
12272,0
12273,5
12274,6
12275,3
12276,0
12277,2
12278,2
12279,2
12280,1
12281,6
12282,6
12283,4
12284,3
12285,0
12286,4
12287,3
12288,3
12289,2
12290,5
12291,2
12292,2
12293,4
12294,3
12295,2
12296,1
12297,6
12298,0
12299,5
12300,0
12301,3
12302,4
12303,4
12304,2
12305,5
12306,0
12307,2
12308,4
12309,4
12310,0
12311,2
12312,3
12313,0
12314,4
12315,3
12316,0
12317,4
12318,3
12319,0
12320,0
12321,0
12322,5
12323,1
12324,3
12325,5
12326,5
12327,6
12328,0
12329,5
12330,2
12331,4
12332,6
12333,1
12334,5
12335,1
12336,0
12337,6
12338,5
12339,5
12340,2
12341,2
12342,0
12343,1
12344,1
12345,5
12346,2
12347,5
12348,1
12349,6
12350,0
12351,0
12352,1
12353,5
12354,0
12355,1
12356,3
12357,0
12358,0
12359,2
12360,1
12361,0
12362,1
12363,0
12364,1
12365,2
12366,2
12367,5
12368,5
12369,2
12370,5
12371,3
12372,0
12373,1
12374,5
12375,5
12376,5
12377,2
12378,2
12379,2
12380,4
12381,3
12382,1
12383,0
12384,6
12385,1
12386,5
12387,2
12388,1
12389,1
12390,0
12391,4
12392,0
12393,0
12394,6
12395,5
12396,1
12397,5
12398,2
12399,3
12400,4
12401,1
12402,4
12403,2
12404,5
12405,3
12406,5
12407,4
12408,3
12409,3
12410,0
12411,1
12412,1
12413,5
12414,0
12415,3
12416,3
12417,3
12418,1
12419,3
12420,1
12421,2
12422,6
12423,5
12424,3
12425,4
12426,0
12427,1
12428,2
12429,1
12430,2
12431,1
12432,0
12433,0
12434,2
12435,5
12436,5
12437,0
12438,1
12439,3
12440,2
12441,2
12442,3
12443,2
12444,1
12445,0
12446,1
12447,4
12448,3
12449,0
12450,3
12451,5
12452,1
12453,5
12454,5
12455,5
12456,4
12457,2
12458,2
12459,5
12460,5
12461,5
12462,0
12463,1
12464,0
12465,4
12466,6
12467,5
12468,5
12469,2
12470,1
12471,0
12472,2
12473,2
12474,2
12475,1
12476,0
12477,0
12478,0
12479,5
12480,0
12481,4
12482,4
12483,0
12484,5
12485,5
12486,3
12487,5
12488,5
12489,0
12490,1
12491,2
12492,2
12493,4
12494,0
12495,0
12496,0
12497,4
12498,5
12499,5
12500,5
12501,0
12502,0
12503,1
12504,0
12505,1
12506,0
12507,0
12508,0
12509,0
12510,5
12511,3
12512,5
12513,2
12514,5
12515,0
12516,3
12517,3
12518,6
12519,4
12520,6
12521,4
12522,6
12523,2
12524,4
12525,4
12526,2
12527,6
12528,4
12529,3
12530,4
12531,0
12532,1
12533,5
12534,3
12535,5
12536,0
12537,0
12538,2
12539,0
12540,1
12541,5
12542,5
12543,0
12544,3
12545,2
12546,0
12547,1
12548,4
12549,0
12550,0
12551,2
12552,0
12553,5
12554,2
12555,6
12556,5
12557,5
12558,5
12559,2
12560,5
12561,4
12562,0
12563,1
12564,6
12565,0
12566,4
12567,0
12568,6
12569,5
12570,4
12571,3
12572,1
12573,1
12574,0
12575,0
12576,4
12577,1
12578,1
12579,0
12580,3
12581,0
12582,1
12583,6
12584,0
12585,2
12586,2
12587,4
12588,3
12589,1
12590,0
12591,0
12592,4
12593,3
12594,1
12595,5
12596,1
12597,0
12598,0
12599,0
12600,1
12601,2
12602,5
12603,1
12604,4
12605,0
12606,0
12607,2
12608,5
12609,3
12610,4
12611,4
12612,0
12613,4
12614,4
12615,6
12616,2
12617,4
12618,0
12619,1
12620,5
12621,0
12622,1
12623,2
12624,3
12625,6
12626,5
12627,5
12628,6
12629,3
12630,1
12631,5
12632,4
12633,0
12634,4
12635,0
12636,5
12637,0
12638,6
12639,5
12640,0
12641,0
12642,3
12643,0
12644,0
12645,4
12646,0
12647,4
12648,4
12649,4
12650,0
12651,5
12652,0
12653,5
12654,5
12655,3
12656,5
12657,2
12658,3
12659,0
12660,3
12661,0
12662,4
12663,6
12664,2
12665,2
12666,0
12667,0
12668,5
12669,0
12670,0
12671,2
12672,4
12673,3
12674,0
12675,4
12676,5
12677,2
12678,3
12679,2
12680,4
12681,3
12682,5
12683,0
12684,4
12685,1
12686,0
12687,3
12688,3
12689,0
12690,0
12691,3
12692,2
12693,5
12694,4
12695,0
12696,3
12697,5
12698,1
12699,1
12700,0
12701,6
12702,2
12703,5
12704,0
12705,5
12706,3
12707,2
12708,6
12709,3
12710,4
12711,5
12712,0
12713,2
12714,3
12715,3
12716,2
12717,0
12718,3
12719,1
12720,5
12721,0
12722,1
12723,6
12724,5
12725,6
12726,5
12727,1
12728,2
12729,6
12730,4
12731,0
12732,4
12733,0
12734,1
12735,1
12736,5
12737,4
12738,4
12739,0
12740,2
12741,0
12742,0
12743,5
12744,0
12745,6
12746,2
12747,0
12748,0
12749,2
12750,1
12751,3
12752,1
12753,1
12754,2
12755,6
12756,3
12757,3
12758,2
12759,1
12760,3
12761,0
12762,4
12763,0
12764,5
12765,0
12766,0
12767,3
12768,2
12769,1
12770,2
12771,1
12772,2
12773,2
12774,1
12775,6
12776,3
12777,4
12778,2
12779,0
12780,5
12781,5
12782,3
12783,5
12784,4
12785,0
12786,3
12787,0
12788,3
12789,6
12790,5
12791,1
12792,0
12793,6
12794,2
12795,6
12796,2
12797,4
12798,0
12799,3
12800,5
12801,2
12802,3
12803,4
12804,5
12805,5
12806,1
12807,5
12808,0
12809,3
12810,1
12811,4
12812,3
12813,4
12814,0
12815,6
12816,0
12817,0
12818,2
12819,2
12820,4
12821,0
12822,0
12823,1
12824,3
12825,0
12826,3
12827,0
12828,1
12829,5
12830,0
12831,0
12832,0
12833,0
12834,5
12835,6
12836,0
12837,5
12838,3
12839,0
12840,4
12841,6
12842,0
12843,5
12844,0
12845,1
12846,1
12847,0
12848,5
12849,0
12850,2
12851,1
12852,2
12853,0
12854,0
12855,5
12856,5
12857,2
12858,1
12859,3
12860,4
12861,1
12862,3
12863,4
12864,4
12865,3
12866,0
12867,5
12868,5
12869,4
12870,1
12871,1
12872,1
12873,0
12874,0
12875,5
12876,6
12877,0
12878,0
12879,5
12880,4
12881,0
12882,4
12883,3
12884,0
12885,2
12886,0
12887,5
12888,1
12889,1
12890,0
12891,6
12892,5
12893,0
12894,2
12895,1
12896,2
12897,5
12898,1
12899,0
12900,0
12901,0
12902,5
12903,0
12904,6
12905,0
12906,1
12907,0
12908,0
12909,5
12910,5
12911,4
12912,6
12913,1
12914,6
12915,5
12916,3
12917,2
12918,0
12919,2
12920,0
12921,0
12922,0
12923,1
12924,3
12925,5
12926,0
12927,0
12928,1
12929,1
12930,3
12931,4
12932,6
12933,0
12934,0
12935,5
12936,1
12937,4
12938,2
12939,1
12940,2
12941,4
12942,1
12943,2
12944,0
12945,5
12946,5
12947,1
12948,2
12949,2
12950,1
12951,2
12952,5
12953,2
12954,1
12955,1
12956,2
12957,0
12958,5
12959,6
12960,5
12961,5
12962,0
12963,5
12964,5
12965,4
12966,0
12967,1
12968,3
12969,0
12970,0
12971,3
12972,0
12973,1
12974,3
12975,0
12976,3
12977,0
12978,0
12979,2
12980,4
12981,4
12982,5
12983,3
12984,3
12985,1
12986,5
12987,6
12988,3
12989,6
12990,1
12991,4
12992,0
12993,5
12994,0
12995,5
12996,2
12997,0
12998,3
12999,0
13000,0
13001,2
13002,1
13003,2
13004,1
13005,1
13006,0
13007,0
13008,2
13009,2
13010,2
13011,0
13012,0
13013,0
13014,2
13015,5
13016,1
13017,3
13018,4
13019,3
13020,5
13021,0
13022,1
13023,2
13024,1
13025,4
13026,5
13027,5
13028,1
13029,6
13030,4
13031,5
13032,5
13033,1
13034,5
13035,3
13036,0
13037,2
13038,6
13039,2
13040,2
13041,3
13042,3
13043,5
13044,6
13045,0
13046,0
13047,5
13048,2
13049,3
13050,1
13051,0
13052,5
13053,4
13054,4
13055,0
13056,5
13057,2
13058,2
13059,0
13060,2
13061,0
13062,4
13063,0
13064,3
13065,4
13066,0
13067,6
13068,5
13069,6
13070,2
13071,4
13072,4
13073,1
13074,4
13075,5
13076,4
13077,4
13078,4
13079,3
13080,2
13081,1
13082,0
13083,0
13084,1
13085,2
13086,1
13087,2
13088,0
13089,0
13090,5
13091,0
13092,2
13093,3
13094,3
13095,0
13096,3
13097,5
13098,1
13099,5
13100,1
13101,1
13102,5
13103,2
13104,0
13105,4
13106,5
13107,6
13108,0
13109,2
13110,1
13111,5
13112,2
13113,3
13114,2
13115,0
13116,0
13117,3
13118,0
13119,0
13120,2
13121,5
13122,4
13123,5
13124,6
13125,0
13126,3
13127,1
13128,5
13129,5
13130,4
13131,1
13132,1
13133,1
13134,1
13135,2
13136,4
13137,2
13138,2
13139,4
13140,2
13141,5
13142,0
13143,3
13144,2
13145,0
13146,0
13147,3
13148,4
13149,1
13150,1
13151,2
13152,1
13153,4
13154,4
13155,6
13156,5
13157,4
13158,3
13159,3
13160,0
13161,1
13162,5
13163,1
13164,0
13165,6
13166,6
13167,5
13168,0
13169,5
13170,0
13171,4
13172,3
13173,1
13174,4
13175,2
13176,3
13177,5
13178,3
13179,5
13180,1
13181,2
13182,3
13183,0
13184,0
13185,0
13186,4
13187,1
13188,4
13189,5
13190,0
13191,1
13192,4
13193,1
13194,3
13195,0
13196,5
13197,5
13198,5
13199,3
13200,4
13201,0
13202,4
13203,3
13204,6
13205,0
13206,3
13207,5
13208,1
13209,3
13210,4
13211,5
13212,3
13213,4
13214,4
13215,0
13216,0
13217,5
13218,5
13219,3
13220,2
13221,4
13222,3
13223,5
13224,1
13225,0
13226,5
13227,0
13228,0
13229,0
13230,2
13231,1
13232,0
13233,1
13234,5
13235,6
13236,2
13237,4
13238,4
13239,1
13240,5
13241,2
13242,4
13243,2
13244,3
13245,4
13246,5
13247,2
13248,3
13249,3
13250,3
13251,2
13252,5
13253,3
13254,1
13255,6
13256,2
13257,5
13258,0
13259,3
13260,3
13261,6
13262,4
13263,2
13264,0
13265,6
13266,3
13267,5
13268,6
13269,6
13270,2
13271,0
13272,2
13273,5
13274,2
13275,4
13276,4
13277,2
13278,3
13279,5
13280,4
13281,0
13282,5
13283,2
13284,2
13285,2
13286,0
13287,1
13288,4
13289,0
13290,0
13291,0
13292,0
13293,6
13294,5
13295,0
13296,2
13297,1
13298,4
13299,3
13300,5
13301,0
13302,3
13303,3
13304,2
13305,3
13306,0
13307,3
13308,0
13309,4
13310,1
13311,2
13312,4
13313,5
13314,3
13315,0
13316,5
13317,0
13318,1
13319,3
13320,2
13321,1
13322,0
13323,3
13324,0
13325,2
13326,1
13327,5
13328,5
13329,1
13330,3
13331,0
13332,4
13333,3
13334,5
13335,6
13336,2
13337,0
13338,2
13339,0
13340,0
13341,0
13342,0
13343,1
13344,2
13345,5
13346,0
13347,0
13348,1
13349,2
13350,5
13351,3
13352,3
13353,5
13354,0
13355,0
13356,2
13357,4
13358,3
13359,1
13360,4
13361,0
13362,0
13363,1
13364,3
13365,2
13366,0
13367,0
13368,5
13369,3
13370,3
13371,4
13372,0
13373,1
13374,5
13375,3
13376,4
13377,2
13378,0
13379,1
13380,0
13381,2
13382,0
13383,6
13384,2
13385,4
13386,2
13387,5
13388,5
13389,6
13390,5
13391,5
13392,0
13393,0
13394,4
13395,0
13396,5
13397,2
13398,3
13399,0
13400,1
13401,1
13402,5
13403,1
13404,2
13405,6
13406,0
13407,2
13408,3
13409,5
13410,4
13411,0
13412,0
13413,3
13414,0
13415,0
13416,6
13417,5
13418,4
13419,0
13420,6
13421,5
13422,4
13423,1
13424,1
13425,0
13426,2
13427,0
13428,1
13429,1
13430,1
13431,5
13432,0
13433,4
13434,2
13435,4
13436,3
13437,1
13438,3
13439,1
13440,0
13441,1
13442,2
13443,0
13444,2
13445,5
13446,0
13447,0
13448,0
13449,6
13450,6
13451,1
13452,0
13453,2
13454,0
13455,4
13456,3
13457,1
13458,0
13459,1
13460,4
13461,3
13462,3
13463,0
13464,0
13465,2
13466,5
13467,3
13468,4
13469,3
13470,2
13471,2
13472,0
13473,0
13474,3
13475,6
13476,1
13477,4
13478,2
13479,0
13480,4
13481,6
13482,0
13483,5
13484,4
13485,0
13486,2
13487,5
13488,6
13489,5
13490,0
13491,3
13492,0
13493,5
13494,5
13495,2
13496,5
13497,1
13498,2
13499,0
13500,4
13501,0
13502,0
13503,5
13504,0
13505,5
13506,0
13507,5
13508,0
13509,0
13510,4
13511,3
13512,0
13513,0
13514,1
13515,0
13516,5
13517,0
13518,6
13519,6
13520,4
13521,4
13522,3
13523,6
13524,5
13525,5
13526,0
13527,5
13528,2
13529,0
13530,3
13531,3
13532,6
13533,6
13534,0
13535,0
13536,5
13537,2
13538,0
13539,0
13540,0
13541,3
13542,1
13543,3
13544,3
13545,5
13546,2
13547,3
13548,2
13549,5
13550,4
13551,5
13552,0
13553,6
13554,1
13555,3
13556,2
13557,6
13558,1
13559,0
13560,5
13561,5
13562,2
13563,2
13564,3
13565,4
13566,0
13567,3
13568,0
13569,2
13570,4
13571,2
13572,2
13573,2
13574,3
13575,3
13576,3
13577,5
13578,1
13579,2
13580,0
13581,2
13582,0
13583,3
13584,1
13585,5
13586,4
13587,4
13588,6
13589,3
13590,0
13591,0
13592,2
13593,2
13594,0
13595,5
13596,4
13597,1
13598,0
13599,3
13600,1
13601,4
13602,0
13603,4
13604,2
13605,0
13606,2
13607,1
13608,0
13609,1
13610,0
13611,3
13612,1
13613,3
13614,2
13615,2
13616,1
13617,0
13618,0
13619,0
13620,6
13621,1
13622,0
13623,1
13624,0
13625,3
13626,1
13627,4
13628,4
13629,3
13630,4
13631,3
13632,0
13633,4
13634,3
13635,1
13636,2
13637,2
13638,1
13639,1
13640,0
13641,4
13642,6
13643,4
13644,0
13645,4
13646,2
13647,4
13648,5
13649,1
13650,5
13651,2
13652,2
13653,2
13654,6
13655,0
13656,3
13657,6
13658,4
13659,6
13660,3
13661,0
13662,1
13663,4
13664,1
13665,3
13666,4
13667,2
13668,2
13669,0
13670,0
13671,3
13672,0
13673,0
13674,3
13675,5
13676,0
13677,0
13678,4
13679,1
13680,5
13681,4
13682,6
13683,3
13684,1
13685,5
13686,2
13687,2
13688,1
13689,0
13690,2
13691,1
13692,2
13693,4
13694,3
13695,4
13696,2
13697,5
13698,4
13699,1
13700,5
13701,5
13702,4
13703,2
13704,2
13705,4
13706,4
13707,2
13708,2
13709,0
13710,5
13711,5
13712,3
13713,4
13714,5
13715,1
13716,5
13717,3
13718,1
13719,1
13720,6
13721,2
13722,5
13723,1
13724,2
13725,1
13726,5
13727,3
13728,2
13729,0
13730,5
13731,3
13732,5
13733,0
13734,0
13735,6
13736,5
13737,2
13738,2
13739,0
13740,2
13741,3
13742,6
13743,0
13744,5
13745,2
13746,3
13747,4
13748,0
13749,4
13750,5
13751,0
13752,5
13753,6
13754,3
13755,0
13756,0
13757,6
13758,5
13759,0
13760,1
13761,4
13762,5
13763,2
13764,1
13765,5
13766,4
13767,5
13768,4
13769,1
13770,0
13771,5
13772,2
13773,4
13774,4
13775,5
13776,0
13777,3
13778,5
13779,3
13780,1
13781,0
13782,6
13783,0
13784,1
13785,6
13786,3
13787,1
13788,5
13789,4
13790,0
13791,5
13792,6
13793,0
13794,0
13795,4
13796,3
13797,6
13798,5
13799,1
13800,6
13801,0
13802,6
13803,3
13804,0
13805,0
13806,0
13807,2
13808,4
13809,3
13810,3
13811,3
13812,5
13813,4
13814,3
13815,0
13816,3
13817,5
13818,6
13819,4
13820,3
13821,2
13822,0
13823,0
13824,5
13825,5
13826,0
13827,5
13828,5
13829,5
13830,1
13831,0
13832,2
13833,0
13834,1
13835,4
13836,0
13837,2
13838,4
13839,1
13840,3
13841,5
13842,0
13843,1
13844,2
13845,2
13846,3
13847,2
13848,4
13849,0
13850,5
13851,4
13852,5
13853,2
13854,0
13855,5
13856,0
13857,1
13858,5
13859,0
13860,0
13861,0
13862,4
13863,6
13864,6
13865,5
13866,3
13867,0
13868,0
13869,0
13870,3
13871,1
13872,3
13873,4
13874,0
13875,5
13876,4
13877,3
13878,3
13879,4
13880,1
13881,0
13882,1
13883,5
13884,4
13885,4
13886,4
13887,0
13888,2
13889,0
13890,2
13891,2
13892,0
13893,4
13894,0
13895,1
13896,1
13897,0
13898,3
13899,1
13900,0
13901,0
13902,5
13903,5
13904,0
13905,4
13906,4
13907,1
13908,1
13909,0
13910,3
13911,6
13912,4
13913,4
13914,6
13915,0
13916,0
13917,2
13918,2
13919,0
13920,2
13921,0
13922,0
13923,4
13924,1
13925,6
13926,4
13927,0
13928,3
13929,2
13930,3
13931,2
13932,2
13933,0
13934,3
13935,2
13936,4
13937,1
13938,0
13939,5
13940,3
13941,4
13942,0
13943,4
13944,5
13945,2
13946,1
13947,2
13948,4
13949,2
13950,6
13951,2
13952,1
13953,2
13954,0
13955,1
13956,0
13957,5
13958,2
13959,5
13960,3
13961,2
13962,0
13963,1
13964,5
13965,6
13966,0
13967,3
13968,0
13969,5
13970,1
13971,0
13972,5
13973,3
13974,6
13975,0
13976,2
13977,1
13978,4
13979,0
13980,0
13981,5
13982,3
13983,0
13984,0
13985,4
13986,5
13987,3
13988,4
13989,2
13990,2
13991,3
13992,2
13993,0
13994,3
13995,0
13996,2
13997,0
13998,4
13999,6
14000,1
14001,0
14002,3
14003,1
14004,3
14005,1
14006,4
14007,2
14008,0
14009,0
14010,4
14011,5
14012,3
14013,1
14014,0
14015,0
14016,1
14017,0
14018,0
14019,4
14020,2
14021,5
14022,2
14023,0
14024,3
14025,1
14026,4
14027,0
14028,2
14029,0
14030,5
14031,5
14032,5
14033,4
14034,0
14035,5
14036,0
14037,4
14038,1
14039,5
14040,4
14041,0
14042,3
14043,1
14044,1
14045,3
14046,5
14047,5
14048,1
14049,0
14050,3
14051,6
14052,0
14053,0
14054,0
14055,4
14056,6
14057,0
14058,2
14059,3
14060,0
14061,1
14062,4
14063,0
14064,2
14065,1
14066,2
14067,2
14068,0
14069,5
14070,5
14071,0
14072,3
14073,2
14074,2
14075,2
14076,5
14077,5
14078,2
14079,0
14080,5
14081,0
14082,3
14083,2
14084,4
14085,1
14086,1
14087,0
14088,3
14089,0
14090,0
14091,6
14092,1
14093,0
14094,1
14095,2
14096,1
14097,4
14098,0
14099,5
14100,3
14101,0
14102,6
14103,0
14104,5
14105,1
14106,1
14107,0
14108,1
14109,5
14110,5
14111,0
14112,0
14113,2
14114,3
14115,4
14116,2
14117,5
14118,3
14119,5
14120,4
14121,1
14122,5
14123,1
14124,3
14125,3
14126,5
14127,6
14128,2
14129,3
14130,3
14131,3
14132,1
14133,5
14134,3
14135,3
14136,6
14137,0
14138,1
14139,5
14140,1
14141,0
14142,0
14143,1
14144,4
14145,3
14146,3
14147,2
14148,4
14149,1
14150,0
14151,3
14152,0
14153,0
14154,4
14155,4
14156,3
14157,0
14158,4
14159,3
14160,2
14161,1
14162,0
14163,1
14164,2
14165,5
14166,1
14167,0
14168,1
14169,3
14170,6
14171,0
14172,1
14173,0
14174,1
14175,4
14176,1
14177,5
14178,5
14179,3
14180,4
14181,0
14182,1
14183,0
14184,0
14185,3
14186,1
14187,3
14188,1
14189,0
14190,6
14191,1
14192,1
14193,0
14194,0
14195,2
14196,2
14197,2
14198,3
14199,5
14200,1
14201,0
14202,0
14203,5
14204,1
14205,1
14206,2
14207,2
14208,2
14209,0
14210,1
14211,3
14212,3
14213,0
14214,1
14215,6
14216,2
14217,6
14218,1
14219,5
14220,2
14221,5
14222,5
14223,0
14224,5
14225,5
14226,0
14227,1
14228,3
14229,5
14230,1
14231,5
14232,1
14233,4
14234,4
14235,4
14236,1
14237,5
14238,0
14239,4
14240,1
14241,1
14242,1
14243,0
14244,3
14245,1
14246,5
14247,4
14248,5
14249,3
14250,2
14251,2
14252,6
14253,0
14254,5
14255,3
14256,2
14257,0
14258,5
14259,5
14260,1
14261,4
14262,3
14263,5
14264,2
14265,1
14266,1
14267,3
14268,5
14269,0
14270,0
14271,0
14272,3
14273,0
14274,5
14275,1
14276,1
14277,6
14278,2
14279,0
14280,0
14281,6
14282,0
14283,2
14284,3
14285,0
14286,1
14287,5
14288,5
14289,3
14290,2
14291,2
14292,5
14293,2
14294,0
14295,2
14296,3
14297,5
14298,4
14299,1
14300,4
14301,0
14302,5
14303,4
14304,3
14305,0
14306,0
14307,1
14308,2
14309,4
14310,5
14311,4
14312,1
14313,0
14314,3
14315,2
14316,0
14317,1
14318,1
14319,5
14320,5
14321,0
14322,4
14323,0
14324,3
14325,0
14326,2
14327,2
14328,3
14329,1
14330,3
14331,1
14332,5
14333,3
14334,2
14335,3
14336,1
14337,3
14338,5
14339,6
14340,0
14341,0
14342,0
14343,0
14344,0
14345,3
14346,5
14347,1
14348,1
14349,2
14350,5
14351,0
14352,1
14353,4
14354,5
14355,1
14356,4
14357,6
14358,1
14359,0
14360,0
14361,5
14362,0
14363,5
14364,0
14365,5
14366,3
14367,2
14368,2
14369,2
14370,3
14371,2
14372,2
14373,6
14374,2
14375,1
14376,2
14377,2
14378,4
14379,2
14380,1
14381,2
14382,6
14383,3
14384,5
14385,4
14386,1
14387,4
14388,1
14389,2
14390,2
14391,1
14392,2
14393,3
14394,2
14395,3
14396,2
14397,5
14398,5
14399,0
14400,2
14401,0
14402,4
14403,0
14404,0
14405,3
14406,0
14407,1
14408,4
14409,4
14410,3
14411,4
14412,4
14413,0
14414,0
14415,1
14416,0
14417,4
14418,0
14419,2
14420,3
14421,0
14422,6
14423,1
14424,4
14425,3
14426,0
14427,5
14428,1
14429,4
14430,1
14431,5
14432,3
14433,0
14434,5
14435,0
14436,2
14437,3
14438,4
14439,0
14440,2
14441,0
14442,0
14443,0
14444,4
14445,5
14446,2
14447,2
14448,2
14449,6
14450,3
14451,0
14452,0
14453,0
14454,2
14455,5
14456,1
14457,0
14458,5
14459,2
14460,0
14461,0
14462,4
14463,1
14464,0
14465,0
14466,5
14467,0
14468,1
14469,0
14470,0
14471,3
14472,3
14473,5
14474,1
14475,3
14476,0
14477,6
14478,1
14479,0
14480,1
14481,0
14482,0
14483,0
14484,3
14485,0
14486,0
14487,5
14488,4
14489,0
14490,3
14491,4
14492,0
14493,1
14494,0
14495,0
14496,4
14497,0
14498,3
14499,2
14500,0
14501,0
14502,2
14503,3
14504,1
14505,0
14506,2
14507,0
14508,0
14509,6
14510,5
14511,5
14512,0
14513,2
14514,0
14515,5
14516,3
14517,3
14518,4
14519,0
14520,2
14521,5
14522,1
14523,1
14524,5
14525,4
14526,4
14527,4
14528,1
14529,2
14530,0
14531,2
14532,0
14533,5
14534,4
14535,4
14536,5
14537,0
14538,1
14539,6
14540,5
14541,2
14542,0
14543,5
14544,2
14545,0
14546,1
14547,3
14548,3
14549,4
14550,5
14551,0
14552,3
14553,5
14554,6
14555,3
14556,0
14557,5
14558,2
14559,1
14560,2
14561,1
14562,0
14563,0
14564,0
14565,6
14566,2
14567,5
14568,3
14569,5
14570,0
14571,3
14572,0
14573,5
14574,2
14575,2
14576,0
14577,4
14578,2
14579,3
14580,4
14581,5
14582,0
14583,3
14584,1
14585,4
14586,5
14587,2
14588,0
14589,5
14590,2
14591,0
14592,0
14593,1
14594,4
14595,1
14596,5
14597,3
14598,5
14599,2
14600,3
14601,1
14602,4
14603,1
14604,0
14605,5
14606,2
14607,0
14608,2
14609,0
14610,0
14611,0
14612,5
14613,0
14614,2
14615,5
14616,0
14617,5
14618,3
14619,2
14620,4
14621,1
14622,1
14623,4
14624,3
14625,5
14626,2
14627,1
14628,5
14629,0
14630,6
14631,5
14632,5
14633,0
14634,3
14635,4
14636,0
14637,0
14638,1
14639,1
14640,0
14641,3
14642,0
14643,2
14644,5
14645,2
14646,1
14647,2
14648,0
14649,0
14650,1
14651,5
14652,5
14653,0
14654,1
14655,0
14656,0
14657,2
14658,0
14659,0
14660,2
14661,2
14662,4
14663,4
14664,0
14665,2
14666,0
14667,0
14668,0
14669,0
14670,2
14671,1
14672,6
14673,4
14674,0
14675,3
14676,6
14677,2
14678,0
14679,1
14680,2
14681,0
14682,0
14683,3
14684,2
14685,0
14686,5
14687,4
14688,0
14689,3
14690,3
14691,0
14692,0
14693,0
14694,1
14695,3
14696,0
14697,1
14698,0
14699,4
14700,0
14701,1
14702,5
14703,2
14704,4
14705,6
14706,0
14707,0
14708,1
14709,0
14710,1
14711,2
14712,4
14713,0
14714,1
14715,2
14716,1
14717,5
14718,0
14719,1
14720,1
14721,5
14722,2
14723,0
14724,2
14725,1
14726,4
14727,6
14728,6
14729,3
14730,4
14731,1
14732,3
14733,2
14734,0
14735,0
14736,4
14737,3
14738,0
14739,0
14740,1
14741,0
14742,2
14743,3
14744,3
14745,3
14746,3
14747,5
14748,1
14749,0
14750,2
14751,4
14752,0
14753,1
14754,0
14755,2
14756,0
14757,5
14758,3
14759,2
14760,1
14761,0
14762,0
14763,6
14764,0
14765,5
14766,0
14767,0
14768,5
14769,3
14770,5
14771,5
14772,2
14773,4
14774,1
14775,3
14776,1
14777,2
14778,0
14779,1
14780,2
14781,2
14782,1
14783,2
14784,1
14785,1
14786,3
14787,1
14788,0
14789,2
14790,0
14791,1
14792,2
14793,2
14794,2
14795,1
14796,4
14797,6
14798,2
14799,1
14800,0
14801,2
14802,5
14803,1
14804,1
14805,3
14806,4
14807,2
14808,3
14809,3
14810,5
14811,3
14812,2
14813,5
14814,5
14815,1
14816,3
14817,0
14818,6
14819,5
14820,0
14821,1
14822,0
14823,0
14824,6
14825,2
14826,4
14827,1
14828,5
14829,2
14830,0
14831,4
14832,2
14833,0
14834,1
14835,3
14836,1
14837,5
14838,6
14839,0
14840,4
14841,0
14842,0
14843,5
14844,4
14845,0
14846,0
14847,0
14848,2
14849,4
14850,0
14851,0
14852,2
14853,2
14854,3
14855,3
14856,0
14857,5
14858,2
14859,4
14860,4
14861,0
14862,5
14863,3
14864,5
14865,6
14866,5
14867,3
14868,3
14869,0
14870,0
14871,2
14872,2
14873,1
14874,6
14875,5
14876,6
14877,5
14878,3
14879,2
14880,0
14881,2
14882,5
14883,3
14884,0
14885,2
14886,0
14887,5
14888,0
14889,2
14890,2
14891,2
14892,5
14893,4
14894,2
14895,5
14896,3
14897,0
14898,0
14899,4
14900,5
14901,5
14902,4
14903,4
14904,5
14905,0
14906,2
14907,1
14908,2
14909,5
14910,0
14911,5
14912,0
14913,6
14914,2
14915,4
14916,5
14917,2
14918,0
14919,4
14920,1
14921,2
14922,4
14923,3
14924,0
14925,6
14926,2
14927,3
14928,1
14929,0
14930,0
14931,0
14932,3
14933,5
14934,6
14935,2
14936,1
14937,4
14938,0
14939,0
14940,3
14941,6
14942,0
14943,5
14944,0
14945,1
14946,4
14947,4
14948,6
14949,0
14950,2
14951,1
14952,3
14953,0
14954,5
14955,0
14956,1
14957,1
14958,4
14959,5
14960,4
14961,0
14962,5
14963,0
14964,0
14965,5
14966,0
14967,1
14968,5
14969,1
14970,0
14971,4
14972,1
14973,1
14974,4
14975,2
14976,1
14977,5
14978,1
14979,1
14980,0
14981,6
14982,2
14983,0
14984,6
14985,3
14986,2
14987,1
14988,0
14989,6
14990,0
14991,4
14992,3
14993,0
14994,2
14995,0
14996,4
14997,0
14998,2
14999,4
15000,3
15001,1
15002,5
15003,6
15004,5
15005,0
15006,0
15007,5
15008,6
15009,0
15010,4
15011,2
15012,4
15013,2
15014,2
15015,4
15016,5
15017,2
15018,3
15019,5
15020,2
15021,0
15022,6
15023,0
15024,0
15025,3
15026,2
15027,0
15028,4
15029,0
15030,1
15031,2
15032,0
15033,0
15034,0
15035,3
15036,0
15037,0
15038,5
15039,2
15040,1
15041,0
15042,4
15043,2
15044,2
15045,5
15046,0
15047,5
15048,1
15049,1
15050,6
15051,4
15052,1
15053,3
15054,2
15055,0
15056,0
15057,0
15058,1
15059,4
15060,3
15061,5
15062,4
15063,1
15064,0
15065,1
15066,0
15067,3
15068,6
15069,0
15070,0
15071,0
15072,0
15073,1
15074,3
15075,5
15076,0
15077,2
15078,5
15079,2
15080,2
15081,2
15082,3
15083,0
15084,0
15085,2
15086,0
15087,0
15088,2
15089,3
15090,6
15091,0
15092,5
15093,1
15094,4
15095,6
15096,4
15097,2
15098,0
15099,3
15100,0
15101,1
15102,1
15103,1
15104,2
15105,1
15106,1
15107,2
15108,1
15109,6
15110,2
15111,2
15112,2
15113,0
15114,1
15115,5
15116,5
15117,0
15118,1
15119,3
15120,0
15121,2
15122,4
15123,5
15124,0
15125,3
15126,2
15127,0
15128,1
15129,1
15130,5
15131,0
15132,3
15133,6
15134,1
15135,0
15136,0
15137,1
15138,5
15139,5
15140,4
15141,0
15142,2
15143,1
15144,4
15145,2
15146,2
15147,2
15148,1
15149,2
15150,4
15151,0
15152,4
15153,5
15154,5
15155,4
15156,0
15157,1
15158,1
15159,4
15160,5
15161,3
15162,1
15163,1
15164,2
15165,2
15166,5
15167,0
15168,0
15169,0
15170,3
15171,5
15172,0
15173,2
15174,4
15175,1
15176,1
15177,5
15178,0
15179,2
15180,4
15181,3
15182,0
15183,2
15184,4
15185,0
15186,2
15187,1
15188,0
15189,1
15190,1
15191,4
15192,0
15193,5
15194,0
15195,5
15196,3
15197,5
15198,1
15199,2
15200,5
15201,1
15202,0
15203,0
15204,0
15205,5
15206,6
15207,1
15208,5
15209,4
15210,3
15211,2
15212,1
15213,3
15214,2
15215,2
15216,0
15217,2
15218,0
15219,1
15220,0
15221,2
15222,3
15223,3
15224,5
15225,1
15226,6
15227,3
15228,1
15229,3
15230,0
15231,2
15232,5
15233,1
15234,3
15235,2
15236,2
15237,0
15238,1
15239,4
15240,4
15241,1
15242,0
15243,4
15244,5
15245,6
15246,4
15247,4
15248,2
15249,3
15250,1
15251,2
15252,1
15253,3
15254,0
15255,5
15256,4
15257,0
15258,0
15259,2
15260,5
15261,1
15262,1
15263,3
15264,3
15265,2
15266,0
15267,6
15268,2
15269,0
15270,0
15271,0
15272,2
15273,3
15274,2
15275,3
15276,5
15277,5
15278,3
15279,1
15280,4
15281,0
15282,0
15283,1
15284,3
15285,0
15286,1
15287,6
15288,4
15289,4
15290,1
15291,5
15292,1
15293,5
15294,0
15295,2
15296,3
15297,5
15298,4
15299,0
15300,1
15301,2
15302,5
15303,3
15304,1
15305,0
15306,2
15307,2
15308,0
15309,0
15310,5
15311,0
15312,6
15313,1
15314,2
15315,6
15316,5
15317,0
15318,3
15319,4
15320,5
15321,4
15322,5
15323,1
15324,1
15325,0
15326,1
15327,1
15328,2
15329,3
15330,4
15331,3
15332,2
15333,5
15334,4
15335,0
15336,2
15337,3
15338,5
15339,4
15340,4
15341,2
15342,0
15343,0
15344,5
15345,0
15346,6
15347,6
15348,0
15349,0
15350,0
15351,5
15352,0
15353,0
15354,5
15355,6
15356,4
15357,1
15358,0
15359,5
15360,4
15361,0
15362,0
15363,1
15364,6
15365,0
15366,6
15367,4
15368,5
15369,5
15370,0
15371,0
15372,5
15373,0
15374,2
15375,6
15376,4
15377,3
15378,2
15379,6
15380,2
15381,0
15382,1
15383,2
15384,2
15385,5
15386,3
15387,2
15388,3
15389,3
15390,6
15391,4
15392,0
15393,0
15394,0
15395,0
15396,2
15397,2
15398,5
15399,4
15400,0
15401,5
15402,1
15403,0
15404,4
15405,3
15406,5
15407,0
15408,2
15409,1
15410,0
15411,5
15412,4
15413,5
15414,6
15415,2
15416,2
15417,3
15418,0
15419,4
15420,3
15421,4
15422,2
15423,0
15424,0
15425,0
15426,3
15427,4
15428,2
15429,0
15430,5
15431,3
15432,0
15433,1
15434,4
15435,0
15436,0
15437,5
15438,3
15439,0
15440,0
15441,0
15442,5
15443,0
15444,4
15445,5
15446,4
15447,1
15448,2
15449,1
15450,4
15451,5
15452,4
15453,1
15454,1
15455,1
15456,6
15457,6
15458,5
15459,4
15460,1
15461,4
15462,0
15463,0
15464,1
15465,4
15466,4
15467,5
15468,4
15469,2
15470,1
15471,0
15472,0
15473,2
15474,0
15475,0
15476,2
15477,2
15478,4
15479,1
15480,3
15481,0
15482,2
15483,0
15484,2
15485,2
15486,5
15487,1
15488,0
15489,1
15490,1
15491,2
15492,1
15493,4
15494,5
15495,0
15496,0
15497,6
15498,5
15499,4
15500,3
15501,4
15502,1
15503,6
15504,2
15505,0
15506,2
15507,5
15508,5
15509,0
15510,4
15511,4
15512,3
15513,0
15514,1
15515,5
15516,1
15517,4
15518,0
15519,1
15520,6
15521,2
15522,5
15523,3
15524,1
15525,6
15526,0
15527,4
15528,5
15529,0
15530,0
15531,3
15532,2
15533,0
15534,5
15535,4
15536,0
15537,0
15538,4
15539,4
15540,0
15541,2
15542,2
15543,5
15544,4
15545,1
15546,2
15547,2
15548,6
15549,3
15550,5
15551,4
15552,5
15553,1
15554,4
15555,3
15556,1
15557,1
15558,6
15559,2
15560,0
15561,0
15562,0
15563,4
15564,0
15565,1
15566,0
15567,5
15568,2
15569,2
15570,2
15571,0
15572,3
15573,0
15574,0
15575,3
15576,3
15577,0
15578,5
15579,0
15580,1
15581,0
15582,1
15583,0
15584,0
15585,2
15586,1
15587,5
15588,0
15589,5
15590,1
15591,2
15592,2
15593,6
15594,3
15595,5
15596,0
15597,0
15598,4
15599,0
15600,2
15601,0
15602,1
15603,5
15604,5
15605,3
15606,4
15607,0
15608,0
15609,1
15610,5
15611,1
15612,4
15613,2
15614,2
15615,5
15616,4
15617,2
15618,5
15619,0
15620,1
15621,2
15622,1
15623,2
15624,5
15625,2
15626,4
15627,5
15628,5
15629,3
15630,0
15631,1
15632,0
15633,3
15634,1
15635,1
15636,0
15637,1
15638,1
15639,0
15640,0
15641,4
15642,0
15643,5
15644,1
15645,0
15646,0
15647,1
15648,2
15649,2
15650,1
15651,5
15652,6
15653,3
15654,1
15655,0
15656,1
15657,6
15658,5
15659,0
15660,1
15661,5
15662,5
15663,3
15664,2
15665,5
15666,6
15667,2
15668,0
15669,2
15670,0
15671,3
15672,3
15673,4
15674,2
15675,2
15676,1
15677,6
15678,5
15679,4
15680,2
15681,2
15682,5
15683,0
15684,4
15685,1
15686,2
15687,2
15688,0
15689,0
15690,5
15691,1
15692,1
15693,1
15694,5
15695,3
15696,1
15697,5
15698,4
15699,3
15700,5
15701,5
15702,1
15703,6
15704,0
15705,3
15706,0
15707,0
15708,2
15709,0
15710,3
15711,5
15712,3
15713,0
15714,5
15715,1
15716,2
15717,4
15718,0
15719,0
15720,3
15721,3
15722,1
15723,0
15724,5
15725,0
15726,1
15727,1
15728,2
15729,3
15730,4
15731,5
15732,0
15733,6
15734,5
15735,2
15736,2
15737,2
15738,0
15739,0
15740,5
15741,0
15742,2
15743,5
15744,1
15745,1
15746,0
15747,1
15748,5
15749,6
15750,0
15751,5
15752,2
15753,1
15754,1
15755,0
15756,3
15757,4
15758,3
15759,3
15760,0
15761,6
15762,3
15763,1
15764,5
15765,5
15766,4
15767,0
15768,0
15769,0
15770,2
15771,4
15772,0
15773,2
15774,4
15775,4
15776,2
15777,5
15778,0
15779,5
15780,3
15781,0
15782,1
15783,1
15784,4
15785,6
15786,6
15787,0
15788,1
15789,6
15790,1
15791,0
15792,0
15793,4
15794,5
15795,1
15796,4
15797,1
15798,0
15799,5
15800,0
15801,6
15802,1
15803,0
15804,4
15805,5
15806,3
15807,0
15808,2
15809,2
15810,6
15811,2
15812,4
15813,3
15814,2
15815,1
15816,6
15817,0
15818,4
15819,1
15820,4
15821,5
15822,3
15823,0
15824,1
15825,0
15826,2
15827,0
15828,0
15829,4
15830,5
15831,2
15832,0
15833,3
15834,4
15835,0
15836,2
15837,0
15838,6
15839,0
15840,2
15841,1
15842,5
15843,1
15844,2
15845,5
15846,4
15847,4
15848,5
15849,2
15850,1
15851,1
15852,1
15853,3
15854,0
15855,3
15856,3
15857,6
15858,5
15859,3
15860,2
15861,4
15862,5
15863,4
15864,2
15865,0
15866,5
15867,3
15868,0
15869,5
15870,1
15871,0
15872,3
15873,1
15874,4
15875,1
15876,2
15877,0
15878,0
15879,5
15880,5
15881,5
15882,2
15883,2
15884,0
15885,0
15886,0
15887,2
15888,0
15889,0
15890,1
15891,2
15892,2
15893,5
15894,2
15895,0
15896,0
15897,0
15898,3
15899,3
15900,1
15901,2
15902,3
15903,0
15904,6
15905,0
15906,1
15907,2
15908,0
15909,1
15910,1
15911,6
15912,2
15913,5
15914,0
15915,0
15916,5
15917,2
15918,0
15919,4
15920,3
15921,0
15922,2
15923,1
15924,0
15925,0
15926,2
15927,0
15928,1
15929,0
15930,4
15931,0
15932,2
15933,0
15934,2
15935,3
15936,5
15937,0
15938,0
15939,4
15940,4
15941,4
15942,1
15943,5
15944,1
15945,2
15946,1
15947,3
15948,3
15949,0
15950,0
15951,3
15952,5
15953,3
15954,1
15955,1
15956,1
15957,1
15958,0
15959,2
15960,6
15961,5
15962,4
15963,5
15964,4
15965,4
15966,0
15967,2
15968,0
15969,4
15970,4
15971,0
15972,4
15973,0
15974,1
15975,0
15976,2
15977,2
15978,5
15979,0
15980,4
15981,1
15982,3
15983,0
15984,4
15985,5
15986,4
15987,2
15988,0
15989,5
15990,1
15991,0
15992,5
15993,0
15994,5
15995,1
15996,4
15997,1
15998,6
15999,5
16000,2
16001,5
16002,0
16003,4
16004,2
16005,0
16006,1
16007,1
16008,4
16009,0
16010,5
16011,6
16012,0
16013,5
16014,3
16015,3
16016,0
16017,5
16018,0
16019,3
16020,1
16021,0
16022,6
16023,4
16024,5
16025,2
16026,0
16027,4
16028,0
16029,0
16030,2
16031,1
16032,4
16033,0
16034,0
16035,1
16036,0
16037,5
16038,4
16039,5
16040,0
16041,0
16042,6
16043,5
16044,2
16045,6
16046,2
16047,5
16048,3
16049,5
16050,0
16051,0
16052,2
16053,0
16054,5
16055,5
16056,5
16057,4
16058,5
16059,5
16060,2
16061,4
16062,4
16063,1
16064,0
16065,6
16066,5
16067,1
16068,3
16069,0
16070,1
16071,0
16072,6
16073,5
16074,2
16075,4
16076,2
16077,4
16078,5
16079,6
16080,3
16081,0
16082,0
16083,4
16084,3
16085,0
16086,0
16087,0
16088,2
16089,0
16090,0
16091,2
16092,0
16093,2
16094,2
16095,5
16096,1
16097,3
16098,3
16099,0
16100,0
16101,0
16102,3
16103,3
16104,5
16105,0
16106,1
16107,5
16108,5
16109,2
16110,0
16111,1
16112,4
16113,4
16114,3
16115,0
16116,2
16117,1
16118,3
16119,3
16120,3
16121,3
16122,1
16123,1
16124,2
16125,3
16126,4
16127,3
16128,5
16129,5
16130,3
16131,0
16132,2
16133,1
16134,0
16135,2
16136,3
16137,5
16138,0
16139,4
16140,2
16141,0
16142,5
16143,1
16144,2
16145,2
16146,1
16147,4
16148,2
16149,6
16150,3
16151,0
16152,0
16153,2
16154,2
16155,0
16156,0
16157,0
16158,6
16159,1
16160,5
16161,3
16162,1
16163,0
16164,6
16165,0
16166,5
16167,0
16168,6
16169,5
16170,3
16171,3
16172,0
16173,1
16174,5
16175,0
16176,5
16177,5
16178,0
16179,2
16180,5
16181,4
16182,3
16183,3
16184,1
16185,2
16186,5
16187,5
16188,0
16189,3
16190,5
16191,3
16192,2
16193,1
16194,3
16195,0
16196,3
16197,1
16198,0
16199,4
16200,4
16201,3
16202,2
16203,0
16204,5
16205,2
16206,3
16207,2
16208,3
16209,5
16210,5
16211,0
16212,0
16213,4
16214,5
16215,1
16216,5
16217,3
16218,2
16219,4
16220,2
16221,0
16222,0
16223,5
16224,3
16225,6
16226,3
16227,4
16228,0
16229,1
16230,5
16231,3
16232,3
16233,1
16234,2
16235,5
16236,3
16237,0
16238,4
16239,2
16240,0
16241,0
16242,5
16243,0
16244,4
16245,0
16246,4
16247,3
16248,0
16249,3
16250,5
16251,4
16252,0
16253,5
16254,2
16255,2
16256,0
16257,4
16258,5
16259,1
16260,3
16261,5
16262,0
16263,2
16264,1
16265,5
16266,5
16267,6
16268,3
16269,1
16270,2
16271,1
16272,3
16273,5
16274,1
16275,0
16276,6
16277,5
16278,1
16279,0
16280,3
16281,0
16282,2
16283,2
16284,4
16285,5
16286,0
16287,5
16288,0
16289,4
16290,2
16291,2
16292,0
16293,1
16294,2
16295,0
16296,5
16297,0
16298,4
16299,4
16300,1
16301,1
16302,1
16303,3
16304,6
16305,5
16306,3
16307,4
16308,0
16309,0
16310,4
16311,5
16312,5
16313,0
16314,0
16315,5
16316,1
16317,2
16318,2
16319,4
16320,0
16321,1
16322,0
16323,5
16324,5
16325,1
16326,3
16327,2
16328,1
16329,1
16330,4
16331,0
16332,0
16333,2
16334,2
16335,0
16336,1
16337,4
16338,4
16339,2
16340,0
16341,0
16342,5
16343,3
16344,0
16345,0
16346,6
16347,5
16348,3
16349,2
16350,0
16351,5
16352,0
16353,0
16354,5
16355,3
16356,3
16357,2
16358,6
16359,0
16360,2
16361,5
16362,0
16363,0
16364,0
16365,2
16366,4
16367,0
16368,4
16369,5
16370,5
16371,3
16372,2
16373,2
16374,0
16375,3
16376,0
16377,1
16378,5
16379,6
16380,5
16381,4
16382,6
16383,0
16384,4
16385,3
16386,1
16387,3
16388,3
16389,0
16390,0
16391,3
16392,5
16393,1
16394,3
16395,4
16396,0
16397,0
16398,1
16399,1
16400,3
16401,0
16402,1
16403,1
16404,4
16405,3
16406,5
16407,3
16408,3
16409,4
16410,0
16411,0
16412,2
16413,5
16414,1
16415,0
16416,2
16417,2
16418,5
16419,3
16420,4
16421,5
16422,4
16423,0
16424,1
16425,1
16426,0
16427,5
16428,5
16429,4
16430,5
16431,6
16432,0
16433,0
16434,5
16435,2
16436,3
16437,0
16438,0
16439,1
16440,5
16441,0
16442,4
16443,4
16444,5
16445,0
16446,2
16447,0
16448,3
16449,0
16450,1
16451,4
16452,0
16453,5
16454,4
16455,4
16456,0
16457,2
16458,5
16459,3
16460,1
16461,3
16462,2
16463,0
16464,3
16465,2
16466,5
16467,3
16468,0
16469,2
16470,0
16471,2
16472,1
16473,2
16474,2
16475,2
16476,0
16477,2
16478,2
16479,0
16480,4
16481,2
16482,4
16483,0
16484,4
16485,0
16486,4
16487,5
16488,5
16489,2
16490,0
16491,0
16492,1
16493,0
16494,1
16495,1
16496,5
16497,5
16498,3
16499,5
16500,6
16501,4
16502,2
16503,6
16504,2
16505,0
16506,0
16507,4
16508,4
16509,6
16510,5
16511,2
16512,5
16513,4
16514,1
16515,5
16516,4
16517,0
16518,2
16519,1
16520,1
16521,1
16522,0
16523,3
16524,4
16525,1
16526,3
16527,5
16528,1
16529,2
16530,4
16531,3
16532,4
16533,0
16534,1
16535,2
16536,3
16537,2
16538,3
16539,0
16540,0
16541,6
16542,1
16543,1
16544,0
16545,3
16546,0
16547,1
16548,3
16549,5
16550,0
16551,3
16552,4
16553,0
16554,5
16555,1
16556,5
16557,5
16558,0
16559,2
16560,4
16561,0
16562,0
16563,0
16564,4
16565,1
16566,3
16567,2
16568,3
16569,0
16570,1
16571,5
16572,1
16573,5
16574,5
16575,5
16576,5
16577,0
16578,0
16579,3
16580,3
16581,0
16582,3
16583,1
16584,5
16585,0
16586,5
16587,0
16588,3
16589,0
16590,3
16591,0
16592,2
16593,2
16594,0
16595,3
16596,1
16597,4
16598,1
16599,6
16600,4
16601,5
16602,2
16603,3
16604,2
16605,0
16606,4
16607,2
16608,5
16609,3
16610,6
16611,1
16612,1
16613,3
16614,6
16615,2
16616,0
16617,5
16618,0
16619,0
16620,5
16621,3
16622,6
16623,0
16624,0
16625,3
16626,0
16627,3
16628,0
16629,1
16630,3
16631,2
16632,2
16633,2
16634,2
16635,1
16636,5
16637,1
16638,0
16639,0
16640,3
16641,4
16642,1
16643,5
16644,4
16645,1
16646,3
16647,5
16648,5
16649,2
16650,2
16651,5
16652,4
16653,1
16654,2
16655,5
16656,3
16657,0
16658,0
16659,0
16660,0
16661,0
16662,0
16663,2
16664,0
16665,2
16666,4
16667,0
16668,1
16669,1
16670,4
16671,3
16672,5
16673,6
16674,5
16675,4
16676,2
16677,6
16678,4
16679,5
16680,0
16681,2
16682,5
16683,6
16684,4
16685,4
16686,3
16687,1
16688,5
16689,2
16690,1
16691,0
16692,0
16693,5
16694,2
16695,2
16696,5
16697,0
16698,1
16699,0
16700,5
16701,0
16702,0
16703,0
16704,0
16705,3
16706,0
16707,4
16708,1
16709,1
16710,5
16711,5
16712,1
16713,1
16714,5
16715,0
16716,6
16717,0
16718,3
16719,2
16720,3
16721,4
16722,2
16723,0
16724,4
16725,5
16726,0
16727,1
16728,2
16729,4
16730,0
16731,4
16732,5
16733,3
16734,5
16735,4
16736,0
16737,5
16738,4
16739,1
16740,4
16741,5
16742,3
16743,0
16744,0
16745,3
16746,5
16747,4
16748,5
16749,0
16750,1
16751,4
16752,1
16753,2
16754,6
16755,1
16756,6
16757,2
16758,5
16759,0
16760,1
16761,2
16762,5
16763,1
16764,5
16765,5
16766,3
16767,4
16768,0
16769,0
16770,5
16771,6
16772,1
16773,5
16774,2
16775,0
16776,0
16777,5
16778,2
16779,3
16780,1
16781,4
16782,3
16783,4
16784,0
16785,2
16786,0
16787,2
16788,1
16789,1
16790,1
16791,5
16792,3
16793,4
16794,4
16795,0
16796,5
16797,0
16798,0
16799,2
16800,0
16801,2
16802,5
16803,0
16804,1
16805,5
16806,0
16807,0
16808,3
16809,2
16810,3
16811,1
16812,2
16813,0
16814,0
16815,2
16816,4
16817,0
16818,2
16819,0
16820,3
16821,0
16822,4
16823,0
16824,1
16825,6
16826,6
16827,0
16828,1
16829,1
16830,2
16831,4
16832,0
16833,0
16834,2
16835,1
16836,4
16837,2
16838,2
16839,0
16840,0
16841,0
16842,0
16843,5
16844,5
16845,1
16846,6
16847,5
16848,0
16849,5
16850,3
16851,5
16852,4
16853,3
16854,1
16855,0
16856,3
16857,0
16858,6
16859,2
16860,0
16861,0
16862,0
16863,0
16864,2
16865,5
16866,1
16867,2
16868,0
16869,2
16870,6
16871,3
16872,0
16873,5
16874,3
16875,3
16876,2
16877,2
16878,6
16879,1
16880,6
16881,0
16882,4
16883,2
16884,1
16885,3
16886,3
16887,3
16888,5
16889,4
16890,5
16891,3
16892,0
16893,0
16894,1
16895,2
16896,2
16897,4
16898,0
16899,2
16900,5
16901,4
16902,1
16903,5
16904,0
16905,4
16906,3
16907,2
16908,0
16909,2
16910,1
16911,4
16912,3
16913,2
16914,2
16915,0
16916,1
16917,5
16918,3
16919,4
16920,5
16921,4
16922,0
16923,2
16924,4
16925,1
16926,3
16927,1
16928,0
16929,5
16930,0
16931,5
16932,2
16933,1
16934,0
16935,0
16936,5
16937,5
16938,5
16939,1
16940,6
16941,2
16942,6
16943,2
16944,0
16945,4
16946,5
16947,4
16948,5
16949,2
16950,5
16951,4
16952,4
16953,2
16954,1
16955,4
16956,1
16957,0
16958,1
16959,4
16960,2
16961,0
16962,6
16963,5
16964,1
16965,6
16966,1
16967,2
16968,1
16969,3
16970,5
16971,0
16972,3
16973,1
16974,2
16975,2
16976,5
16977,4
16978,5
16979,1
16980,2
16981,0
16982,3
16983,5
16984,1
16985,0
16986,0
16987,3
16988,4
16989,2
16990,2
16991,3
16992,2
16993,5
16994,1
16995,2
16996,6
16997,5
16998,0
16999,0
17000,0
17001,0
17002,3
17003,3
17004,0
17005,0
17006,0
17007,4
17008,3
17009,5
17010,0
17011,0
17012,1
17013,1
17014,5
17015,0
17016,6
17017,0
17018,0
17019,3
17020,2
17021,0
17022,0
17023,5
17024,3
17025,1
17026,3
17027,1
17028,2
17029,6
17030,5
17031,4
17032,0
17033,3
17034,0
17035,0
17036,4
17037,2
17038,0
17039,0
17040,2
17041,1
17042,0
17043,3
17044,2
17045,0
17046,3
17047,0
17048,1
17049,3
17050,1
17051,3
17052,4
17053,6
17054,4
17055,5
17056,0
17057,0
17058,0
17059,3
17060,1
17061,4
17062,3
17063,4
17064,2
17065,2
17066,0
17067,0
17068,0
17069,0
17070,3
17071,1
17072,4
17073,3
17074,0
17075,0
17076,4
17077,5
17078,0
17079,5
17080,1
17081,0
17082,1
17083,4
17084,3
17085,3
17086,4
17087,1
17088,5
17089,0
17090,3
17091,5
17092,5
17093,1
17094,1
17095,5
17096,0
17097,3
17098,3
17099,0
17100,1
17101,0
17102,5
17103,0
17104,4
17105,6
17106,3
17107,0
17108,0
17109,6
17110,6
17111,0
17112,1
17113,5
17114,0
17115,2
17116,2
17117,4
17118,1
17119,3
17120,0
17121,0
17122,3
17123,2
17124,0
17125,2
17126,1
17127,2
17128,0
17129,0
17130,1
17131,6
17132,1
17133,0
17134,3
17135,1
17136,6
17137,6
17138,1
17139,0
17140,4
17141,5
17142,0
17143,3
17144,4
17145,4
17146,0
17147,1
17148,3
17149,5
17150,3
17151,5
17152,6
17153,2
17154,1
17155,2
17156,5
17157,1
17158,4
17159,2
17160,3
17161,4
17162,6
17163,6
17164,0
17165,5
17166,2
17167,0
17168,5
17169,0
17170,0
17171,0
17172,0
17173,3
17174,3
17175,1
17176,2
17177,0
17178,5
17179,1
17180,5
17181,2
17182,0
17183,2
17184,0
17185,2
17186,4
17187,5
17188,4
17189,2
17190,5
17191,3
17192,1
17193,5
17194,5
17195,1
17196,2
17197,3
17198,2
17199,0
17200,1
17201,0
17202,5
17203,5
17204,5
17205,3
17206,5
17207,0
17208,2
17209,1
17210,1
17211,4
17212,5
17213,0
17214,4
17215,4
17216,0
17217,1
17218,6
17219,5
17220,1
17221,1
17222,6
17223,2
17224,0
17225,1
17226,0
17227,0
17228,4
17229,3
17230,5
17231,1
17232,1
17233,1
17234,0
17235,5
17236,4
17237,0
17238,1
17239,1
17240,2
17241,2
17242,3
17243,4
17244,0
17245,1
17246,6
17247,2
17248,3
17249,6
17250,1
17251,4
17252,2
17253,0
17254,3
17255,2
17256,2
17257,4
17258,1
17259,2
17260,0
17261,3
17262,6
17263,0
17264,5
17265,5
17266,2
17267,0
17268,0
17269,3
17270,1
17271,4
17272,3
17273,3
17274,0
17275,5
17276,4
17277,5
17278,3
17279,5
17280,2
17281,3
17282,0
17283,5
17284,4
17285,5
17286,2
17287,5
17288,1
17289,0
17290,2
17291,1
17292,5
17293,6
17294,4
17295,0
17296,0
17297,0
17298,0
17299,2
17300,0
17301,1
17302,6
17303,6
17304,6
17305,3
17306,1
17307,1
17308,1
17309,2
17310,0
17311,2
17312,4
17313,1
17314,0
17315,0
17316,5
17317,4
17318,4
17319,1
17320,4
17321,3
17322,0
17323,0
17324,0
17325,2
17326,2
17327,5
17328,0
17329,0
17330,3
17331,6
17332,6
17333,6
17334,3
17335,1
17336,1
17337,0
17338,4
17339,0
17340,4
17341,2
17342,3
17343,2
17344,2
17345,1
17346,4
17347,2
17348,0
17349,0
17350,2
17351,3
17352,0
17353,0
17354,0
17355,4
17356,6
17357,4
17358,0
17359,4
17360,5
17361,6
17362,1
17363,5
17364,1
17365,1
17366,3
17367,4
17368,0
17369,4
17370,2
17371,4
17372,0
17373,4
17374,4
17375,6
17376,5
17377,4
17378,3
17379,5
17380,0
17381,3
17382,4
17383,1
17384,0
17385,2
17386,1
17387,1
17388,0
17389,1
17390,1
17391,2
17392,0
17393,0
17394,0
17395,5
17396,0
17397,0
17398,1
17399,0
17400,1
17401,1
17402,1
17403,4
17404,1
17405,2
17406,3
17407,4
17408,0
17409,1
17410,5
17411,4
17412,5
17413,5
17414,5
17415,0
17416,6
17417,2
17418,1
17419,3
17420,2
17421,0
17422,2
17423,3
17424,0
17425,5
17426,5
17427,0
17428,1
17429,0
17430,0
17431,1
17432,0
17433,5
17434,4
17435,2
17436,4
17437,1
17438,0
17439,1
17440,0
17441,2
17442,1
17443,3
17444,0
17445,5
17446,5
17447,0
17448,3
17449,6
17450,5
17451,3
17452,5
17453,0
17454,2
17455,0
17456,0
17457,2
17458,6
17459,0
17460,1
17461,2
17462,5
17463,2
17464,1
17465,3
17466,4
17467,2
17468,0
17469,3
17470,0
17471,2
17472,6
17473,3
17474,0
17475,5
17476,4
17477,1
17478,3
17479,3
17480,6
17481,2
17482,5
17483,3
17484,0
17485,5
17486,0
17487,4
17488,3
17489,2
17490,0
17491,1
17492,4
17493,4
17494,1
17495,6
17496,2
17497,0
17498,3
17499,0
17500,6
17501,3
17502,6
17503,5
17504,4
17505,0
17506,2
17507,2
17508,0
17509,0
17510,2
17511,0
17512,4
17513,0
17514,0
17515,2
17516,4
17517,0
17518,0
17519,5
17520,4
17521,1
17522,5
17523,2
17524,0
17525,0
17526,1
17527,5
17528,5
17529,2
17530,0
17531,6
17532,0
17533,4
17534,4
17535,1
17536,5
17537,0
17538,0
17539,0
17540,3
17541,1
17542,5
17543,1
17544,2
17545,2
17546,3
17547,4
17548,5
17549,0
17550,2
17551,0
17552,0
17553,4
17554,3
17555,4
17556,0
17557,2
17558,2
17559,5
17560,4
17561,3
17562,2
17563,2
17564,3
17565,6
17566,0
17567,0
17568,1
17569,2
17570,3
17571,4
17572,1
17573,4
17574,2
17575,5
17576,3
17577,0
17578,3
17579,5
17580,5
17581,4
17582,3
17583,1
17584,2
17585,4
17586,4
17587,2
17588,5
17589,2
17590,0
17591,0
17592,4
17593,2
17594,1
17595,5
17596,4
17597,6
17598,3
17599,2
17600,0
17601,0
17602,4
17603,4
17604,4
17605,1
17606,0
17607,0
17608,2
17609,2
17610,5
17611,5
17612,5
17613,4
17614,0
17615,5
17616,3
17617,0
17618,0
17619,0
17620,5
17621,0
17622,0
17623,1
17624,2
17625,3
17626,5
17627,0
17628,3
17629,1
17630,5
17631,4
17632,5
17633,4
17634,6
17635,3
17636,0
17637,3
17638,5
17639,1
17640,6
17641,5
17642,5
17643,2
17644,4
17645,5
17646,2
17647,4
17648,0
17649,6
17650,6
17651,1
17652,0
17653,0
17654,0
17655,5
17656,0
17657,2
17658,2
17659,3
17660,0
17661,1
17662,2
17663,2
17664,1
17665,3
17666,5
17667,0
17668,5
17669,4
17670,0
17671,0
17672,4
17673,4
17674,3
17675,1
17676,0
17677,6
17678,0
17679,6
17680,3
17681,6
17682,1
17683,6
17684,2
17685,0
17686,5
17687,1
17688,0
17689,1
17690,0
17691,2
17692,4
17693,2
17694,4
17695,1
17696,0
17697,3
17698,1
17699,6
17700,0
17701,0
17702,3
17703,2
17704,1
17705,2
17706,3
17707,1
17708,2
17709,0
17710,4
17711,0
17712,6
17713,2
17714,0
17715,0
17716,5
17717,4
17718,0
17719,5
17720,2
17721,0
17722,3
17723,0
17724,0
17725,4
17726,5
17727,5
17728,5
17729,2
17730,4
17731,4
17732,1
17733,0
17734,5
17735,5
17736,5
17737,6
17738,1
17739,5
17740,4
17741,0
17742,1
17743,3
17744,0
17745,4
17746,0
17747,1
17748,5
17749,5
17750,5
17751,0
17752,3
17753,0
17754,2
17755,1
17756,1
17757,2
17758,5
17759,5
17760,2
17761,5
17762,0
17763,3
17764,0
17765,2
17766,1
17767,0
17768,0
17769,3
17770,5
17771,5
17772,1
17773,1
17774,4
17775,6
17776,1
17777,5
17778,6
17779,5
17780,0
17781,3
17782,5
17783,5
17784,1
17785,1
17786,1
17787,0
17788,4
17789,5
17790,3
17791,0
17792,0
17793,3
17794,0
17795,5
17796,5
17797,2
17798,1
17799,3
17800,0
17801,5
17802,0
17803,1
17804,1
17805,2
17806,1
17807,6
17808,3
17809,5
17810,3
17811,5
17812,3
17813,5
17814,1
17815,2
17816,0
17817,0
17818,2
17819,2
17820,4
17821,5
17822,5
17823,3
17824,2
17825,4
17826,0
17827,1
17828,3
17829,3
17830,3
17831,2
17832,5
17833,5
17834,6
17835,5
17836,1
17837,0
17838,0
17839,5
17840,5
17841,4
17842,5
17843,3
17844,4
17845,4
17846,5
17847,1
17848,3
17849,3
17850,3
17851,0
17852,1
17853,1
17854,2
17855,5
17856,4
17857,4
17858,4
17859,2
17860,1
17861,5
17862,3
17863,0
17864,2
17865,2
17866,3
17867,5
17868,2
17869,1
17870,4
17871,0
17872,3
17873,6
17874,0
17875,0
17876,4
17877,5
17878,0
17879,4
17880,0
17881,6
17882,5
17883,0
17884,5
17885,0
17886,4
17887,2
17888,6
17889,5
17890,3
17891,4
17892,2
17893,2
17894,0
17895,4
17896,0
17897,3
17898,0
17899,5
17900,0
17901,3
17902,0
17903,0
17904,1
17905,0
17906,5
17907,0
17908,2
17909,4
17910,0
17911,5
17912,0
17913,1
17914,4
17915,2
17916,5
17917,4
17918,1
17919,0
17920,1
17921,0
17922,5
17923,6
17924,1
17925,0
17926,1
17927,5
17928,5
17929,2
17930,4
17931,3
17932,0
17933,1
17934,0
17935,3
17936,2
17937,4
17938,0
17939,3
17940,2
17941,5
17942,0
17943,1
17944,5
17945,1
17946,3
17947,2
17948,2
17949,0
17950,2
17951,0
17952,4
17953,0
17954,0
17955,0
17956,3
17957,4
17958,4
17959,1
17960,2
17961,1
17962,6
17963,1
17964,0
17965,0
17966,3
17967,2
17968,4
17969,2
17970,0
17971,1
17972,2
17973,3
17974,2
17975,5
17976,1
17977,2
17978,2
17979,4
17980,5
17981,1
17982,0
17983,4
17984,3
17985,5
17986,0
17987,2
17988,5
17989,4
17990,0
17991,3
17992,4
17993,5
17994,0
17995,5
17996,3
17997,0
17998,5
17999,6
18000,5
18001,0
18002,0
18003,2
18004,1
18005,1
18006,3
18007,4
18008,6
18009,0
18010,0
18011,4
18012,4
18013,6
18014,3
18015,2
18016,1
18017,5
18018,5
18019,4
18020,5
18021,5
18022,4
18023,0
18024,0
18025,1
18026,3
18027,0
18028,1
18029,4
18030,4
18031,2
18032,1
18033,1
18034,3
18035,5
18036,3
18037,3
18038,4
18039,2
18040,5
18041,1
18042,0
18043,0
18044,5
18045,0
18046,5
18047,5
18048,5
18049,3
18050,1
18051,4
18052,5
18053,2
18054,4
18055,5
18056,5
18057,2
18058,1
18059,4
18060,0
18061,3
18062,1
18063,0
18064,3
18065,2
18066,0
18067,2
18068,0
18069,1
18070,0
18071,5
18072,5
18073,1
18074,2
18075,3
18076,5
18077,2
18078,6
18079,5
18080,4
18081,2
18082,0
18083,4
18084,0
18085,0
18086,2
18087,3
18088,6
18089,4
18090,2
18091,0
18092,4
18093,0
18094,3
18095,4
18096,3
18097,4
18098,2
18099,4
18100,2
18101,0
18102,5
18103,4
18104,1
18105,1
18106,6
18107,0
18108,5
18109,1
18110,0
18111,6
18112,6
18113,2
18114,0
18115,3
18116,5
18117,4
18118,5
18119,2
18120,3
18121,5
18122,4
18123,5
18124,1
18125,0
18126,0
18127,1
18128,0
18129,2
18130,0
18131,4
18132,6
18133,1
18134,5
18135,2
18136,0
18137,0
18138,2
18139,3
18140,2
18141,0
18142,5
18143,2
18144,1
18145,1
18146,3
18147,3
18148,1
18149,0
18150,1
18151,4
18152,0
18153,5
18154,0
18155,2
18156,0
18157,0
18158,3
18159,3
18160,5
18161,1
18162,3
18163,2
18164,0
18165,1
18166,5
18167,2
18168,1
18169,1
18170,4
18171,0
18172,0
18173,2
18174,6
18175,3
18176,0
18177,2
18178,1
18179,5
18180,6
18181,0
18182,0
18183,0
18184,0
18185,5
18186,0
18187,5
18188,6
18189,0
18190,4
18191,5
18192,2
18193,0
18194,0
18195,4
18196,3
18197,2
18198,2
18199,0
18200,0
18201,0
18202,5
18203,0
18204,5
18205,1
18206,5
18207,0
18208,4
18209,4
18210,4
18211,5
18212,3
18213,2
18214,4
18215,1
18216,0
18217,0
18218,3
18219,0
18220,3
18221,0
18222,2
18223,6
18224,4
18225,1
18226,0
18227,3
18228,1
18229,2
18230,5
18231,0
18232,0
18233,3
18234,0
18235,2
18236,1
18237,0
18238,4
18239,0
18240,2
18241,0
18242,1
18243,6
18244,6
18245,2
18246,0
18247,0
18248,2
18249,0
18250,2
18251,6
18252,1
18253,0
18254,5
18255,5
18256,1
18257,0
18258,6
18259,3
18260,1
18261,1
18262,1
18263,1
18264,6
18265,0
18266,3
18267,6
18268,5
18269,1
18270,3
18271,6
18272,2
18273,5
18274,0
18275,0
18276,5
18277,3
18278,2
18279,2
18280,0
18281,2
18282,1
18283,0
18284,6
18285,2
18286,0
18287,4
18288,6
18289,3
18290,4
18291,2
18292,4
18293,0
18294,1
18295,3
18296,0
18297,0
18298,0
18299,6
18300,3
18301,4
18302,3
18303,0
18304,2
18305,5
18306,3
18307,0
18308,2
18309,3
18310,1
18311,1
18312,5
18313,3
18314,2
18315,2
18316,5
18317,1
18318,4
18319,0
18320,3
18321,0
18322,6
18323,0
18324,5
18325,0
18326,1
18327,0
18328,0
18329,0
18330,1
18331,2
18332,1
18333,5
18334,2
18335,1
18336,4
18337,0
18338,5
18339,0
18340,3
18341,0
18342,1
18343,2
18344,2
18345,3
18346,1
18347,2
18348,2
18349,0
18350,0
18351,4
18352,5
18353,3
18354,6
18355,0
18356,1
18357,6
18358,2
18359,5
18360,6
18361,0
18362,0
18363,5
18364,6
18365,0
18366,5
18367,1
18368,2
18369,0
18370,1
18371,0
18372,3
18373,5
18374,2
18375,1
18376,3
18377,4
18378,3
18379,4
18380,1
18381,0
18382,5
18383,2
18384,0
18385,0
18386,3
18387,2
18388,0
18389,1
18390,2
18391,5
18392,0
18393,5
18394,5
18395,2
18396,1
18397,3
18398,6
18399,4
18400,0
18401,4
18402,3
18403,5
18404,5
18405,4
18406,4
18407,5
18408,0
18409,1
18410,5
18411,5
18412,4
18413,4
18414,2
18415,2
18416,0
18417,5
18418,0
18419,3
18420,3
18421,1
18422,3
18423,2
18424,2
18425,5
18426,5
18427,5
18428,5
18429,0
18430,3
18431,2
18432,2
18433,3
18434,1
18435,0
18436,0
18437,5
18438,4
18439,0
18440,1
18441,0
18442,1
18443,1
18444,5
18445,3
18446,5
18447,0
18448,6
18449,3
18450,2
18451,3
18452,0
18453,2
18454,5
18455,0
18456,1
18457,0
18458,6
18459,2
18460,3
18461,5
18462,1
18463,0
18464,1
18465,4
18466,6
18467,1
18468,0
18469,1
18470,5
18471,4
18472,1
18473,0
18474,0
18475,2
18476,4
18477,3
18478,0
18479,5
18480,1
18481,0
18482,2
18483,4
18484,1
18485,3
18486,0
18487,1
18488,5
18489,6
18490,1
18491,4
18492,5
18493,0
18494,1
18495,3
18496,0
18497,1
18498,2
18499,5
18500,3
18501,5
18502,0
18503,6
18504,3
18505,1
18506,3
18507,0
18508,2
18509,2
18510,4
18511,0
18512,5
18513,5
18514,5
18515,3
18516,2
18517,0
18518,2
18519,5
18520,1
18521,2
18522,0
18523,3
18524,1
18525,3
18526,4
18527,0
18528,5
18529,0
18530,5
18531,1
18532,2
18533,3
18534,4
18535,1
18536,5
18537,0
18538,2
18539,5
18540,5
18541,2
18542,2
18543,0
18544,4
18545,4
18546,6
18547,0
18548,5
18549,6
18550,1
18551,2
18552,2
18553,5
18554,1
18555,3
18556,1
18557,3
18558,4
18559,1
18560,2
18561,2
18562,0
18563,4
18564,4
18565,3
18566,4
18567,1
18568,5
18569,3
18570,2
18571,0
18572,2
18573,4
18574,5
18575,2
18576,5
18577,0
18578,0
18579,1
18580,4
18581,3
18582,0
18583,3
18584,3
18585,3
18586,5
18587,2
18588,0
18589,3
18590,0
18591,0
18592,4
18593,5
18594,4
18595,5
18596,4
18597,0
18598,2
18599,4
18600,5
18601,0
18602,0
18603,0
18604,2
18605,2
18606,1
18607,5
18608,2
18609,5
18610,0
18611,6
18612,0
18613,0
18614,1
18615,0
18616,2
18617,2
18618,2
18619,2
18620,0
18621,2
18622,2
18623,4
18624,1
18625,0
18626,0
18627,0
18628,4
18629,6
18630,0
18631,5
18632,5
18633,1
18634,3
18635,2
18636,0
18637,0
18638,0
18639,6
18640,5
18641,3
18642,2
18643,5
18644,3
18645,0
18646,3
18647,4
18648,1
18649,1
18650,3
18651,5
18652,6
18653,2
18654,2
18655,5
18656,2
18657,3
18658,2
18659,1
18660,0
18661,1
18662,5
18663,2
18664,5
18665,1
18666,0
18667,4
18668,1
18669,0
18670,4
18671,2
18672,3
18673,0
18674,2
18675,0
18676,0
18677,2
18678,4
18679,0
18680,0
18681,5
18682,4
18683,3
18684,5
18685,6
18686,1
18687,3
18688,5
18689,0
18690,5
18691,4
18692,3
18693,3
18694,4
18695,1
18696,0
18697,5
18698,1
18699,0
18700,5
18701,0
18702,6
18703,0
18704,2
18705,5
18706,1
18707,4
18708,2
18709,1
18710,1
18711,5
18712,3
18713,4
18714,4
18715,0
18716,1
18717,4
18718,0
18719,6
18720,5
18721,0
18722,2
18723,3
18724,1
18725,0
18726,2
18727,1
18728,5
18729,0
18730,1
18731,5
18732,4
18733,0
18734,1
18735,0
18736,3
18737,5
18738,3
18739,4
18740,4
18741,5
18742,5
18743,0
18744,1
18745,0
18746,0
18747,0
18748,1
18749,3
18750,1
18751,5
18752,4
18753,6
18754,1
18755,3
18756,4
18757,2
18758,0
18759,4
18760,2
18761,2
18762,4
18763,0
18764,0
18765,0
18766,6
18767,5
18768,0
18769,0
18770,1
18771,6
18772,2
18773,1
18774,4
18775,1
18776,5
18777,1
18778,2
18779,2
18780,0
18781,3
18782,1
18783,5
18784,5
18785,4
18786,2
18787,0
18788,3
18789,0
18790,0
18791,0
18792,1
18793,4
18794,3
18795,6
18796,5
18797,1
18798,6
18799,3
18800,0
18801,5
18802,0
18803,5
18804,3
18805,2
18806,0
18807,1
18808,5
18809,1
18810,0
18811,2
18812,0
18813,5
18814,5
18815,3
18816,5
18817,0
18818,0
18819,4
18820,2
18821,3
18822,5
18823,1
18824,1
18825,6
18826,5
18827,0
18828,4
18829,2
18830,3
18831,0
18832,0
18833,4
18834,0
18835,5
18836,0
18837,1
18838,2
18839,0
18840,3
18841,0
18842,0
18843,5
18844,6
18845,6
18846,0
18847,1
18848,2
18849,0
18850,4
18851,0
18852,4
18853,5
18854,5
18855,0
18856,5
18857,1
18858,2
18859,0
18860,5
18861,0
18862,5
18863,2
18864,0
18865,5
18866,2
18867,0
18868,4
18869,2
18870,3
18871,5
18872,3
18873,4
18874,4
18875,1
18876,3
18877,2
18878,6
18879,2
18880,0
18881,3
18882,3
18883,2
18884,3
18885,3
18886,0
18887,3
18888,5
18889,5
18890,3
18891,6
18892,1
18893,1
18894,4
18895,4
18896,2
18897,2
18898,2
18899,2
18900,1
18901,4
18902,4
18903,2
18904,1
18905,4
18906,0
18907,2
18908,2
18909,0
18910,3
18911,0
18912,5
18913,0
18914,0
18915,3
18916,0
18917,4
18918,2
18919,0
18920,3
18921,0
18922,2
18923,0
18924,6
18925,5
18926,5
18927,2
18928,0
18929,5
18930,1
18931,1
18932,3
18933,6
18934,2
18935,1
18936,4
18937,1
18938,4
18939,0
18940,0
18941,0
18942,4
18943,3
18944,0
18945,4
18946,4
18947,1
18948,5
18949,1
18950,4
18951,3
18952,0
18953,0
18954,4
18955,3
18956,1
18957,0
18958,2
18959,1
18960,6
18961,1
18962,1
18963,5
18964,5
18965,2
18966,0
18967,3
18968,3
18969,5
18970,0
18971,2
18972,4
18973,0
18974,4
18975,4
18976,1
18977,0
18978,2
18979,1
18980,3
18981,6
18982,5
18983,4
18984,4
18985,4
18986,1
18987,6
18988,0
18989,0
18990,3
18991,4
18992,0
18993,0
18994,0
18995,4
18996,0
18997,5
18998,6
18999,5
19000,5
19001,0
19002,1
19003,0
19004,4
19005,3
19006,5
19007,1
19008,5
19009,1
19010,5
19011,0
19012,4
19013,0
19014,0
19015,0
19016,0
19017,0
19018,3
19019,0
19020,4
19021,1
19022,6
19023,0
19024,0
19025,1
19026,0
19027,0
19028,1
19029,0
19030,0
19031,0
19032,3
19033,0
19034,4
19035,1
19036,4
19037,3
19038,0
19039,3
19040,1
19041,1
19042,5
19043,2
19044,3
19045,5
19046,1
19047,5
19048,4
19049,5
19050,0
19051,0
19052,5
19053,0
19054,4
19055,3
19056,0
19057,0
19058,2
19059,6
19060,4
19061,0
19062,0
19063,0
19064,2
19065,4
19066,1
19067,2
19068,2
19069,5
19070,0
19071,4
19072,5
19073,1
19074,0
19075,0
19076,0
19077,0
19078,6
19079,0
19080,3
19081,0
19082,5
19083,0
19084,2
19085,2
19086,6
19087,0
19088,4
19089,0
19090,4
19091,0
19092,2
19093,3
19094,3
19095,0
19096,6
19097,0
19098,0
19099,1
19100,2
19101,3
19102,5
19103,6
19104,0
19105,1
19106,0
19107,0
19108,2
19109,2
19110,0
19111,4
19112,0
19113,1
19114,4
19115,2
19116,5
19117,3
19118,5
19119,5
19120,1
19121,1
19122,0
19123,0
19124,3
19125,0
19126,4
19127,5
19128,5
19129,0
19130,1
19131,1
19132,4
19133,2
19134,0
19135,2
19136,3
19137,5
19138,2
19139,0
19140,0
19141,3
19142,4
19143,1
19144,5
19145,2
19146,4
19147,5
19148,5
19149,6
19150,5
19151,6
19152,3
19153,6
19154,0
19155,2
19156,1
19157,1
19158,1
19159,6
19160,5
19161,0
19162,0
19163,0
19164,3
19165,5
19166,5
19167,3
19168,4
19169,0
19170,1
19171,0
19172,0
19173,5
19174,1
19175,1
19176,6
19177,5
19178,2
19179,6
19180,5
19181,6
19182,4
19183,0
19184,3
19185,0
19186,6
19187,4
19188,2
19189,1
19190,6
19191,3
19192,6
19193,3
19194,0
19195,0
19196,5
19197,2
19198,5
19199,4
19200,3
19201,5
19202,2
19203,5
19204,0
19205,0
19206,0
19207,4
19208,0
19209,0
19210,0
19211,3
19212,2
19213,3
19214,1
19215,5
19216,0
19217,6
19218,6
19219,5
19220,3
19221,0
19222,0
19223,1
19224,0
19225,1
19226,2
19227,0
19228,1
19229,2
19230,3
19231,2
19232,5
19233,4
19234,6
19235,1
19236,5
19237,4
19238,5
19239,2
19240,2
19241,0
19242,2
19243,3
19244,0
19245,2
19246,1
19247,5
19248,0
19249,5
19250,0
19251,6
19252,2
19253,5
19254,2
19255,5
19256,0
19257,2
19258,2
19259,0
19260,3
19261,2
19262,4
19263,5
19264,0
19265,3
19266,1
19267,4
19268,4
19269,5
19270,0
19271,5
19272,0
19273,0
19274,2
19275,5
19276,3
19277,2
19278,3
19279,0
19280,2
19281,5
19282,5
19283,1
19284,0
19285,0
19286,0
19287,5
19288,1
19289,4
19290,0
19291,3
19292,5
19293,4
19294,0
19295,3
19296,2
19297,4
19298,3
19299,4
19300,0
19301,1
19302,2
19303,5
19304,0
19305,1
19306,4
19307,6
19308,1
19309,5
19310,1
19311,4
19312,1
19313,3
19314,3
19315,1
19316,0
19317,2
19318,1
19319,0
19320,0
19321,2
19322,0
19323,1
19324,6
19325,1
19326,1
19327,0
19328,3
19329,0
19330,3
19331,4
19332,3
19333,3
19334,2
19335,3
19336,1
19337,5
19338,3
19339,0
19340,2
19341,0
19342,6
19343,1
19344,5
19345,3
19346,1
19347,0
19348,1
19349,0
19350,0
19351,2
19352,2
19353,6
19354,0
19355,3
19356,2
19357,5
19358,5
19359,0
19360,1
19361,2
19362,5
19363,5
19364,0
19365,3
19366,0
19367,2
19368,2
19369,3
19370,6
19371,3
19372,4
19373,1
19374,2
19375,1
19376,0
19377,0
19378,2
19379,1
19380,2
19381,1
19382,1
19383,1
19384,5
19385,5
19386,2
19387,0
19388,0
19389,0
19390,4
19391,3
19392,5
19393,1
19394,4
19395,3
19396,5
19397,5
19398,4
19399,1
19400,4
19401,3
19402,5
19403,1
19404,0
19405,2
19406,3
19407,4
19408,0
19409,1
19410,5
19411,3
19412,6
19413,0
19414,0
19415,3
19416,3
19417,0
19418,5
19419,3
19420,3
19421,4
19422,0
19423,1
19424,4
19425,1
19426,1
19427,3
19428,5
19429,2
19430,3
19431,2
19432,5
19433,5
19434,5
19435,6
19436,5
19437,4
19438,2
19439,3
19440,6
19441,4
19442,1
19443,0
19444,2
19445,2
19446,4
19447,5
19448,2
19449,0
19450,0
19451,0
19452,3
19453,3
19454,2
19455,4
19456,0
19457,5
19458,5
19459,1
19460,2
19461,2
19462,1
19463,2
19464,6
19465,5
19466,4
19467,1
19468,2
19469,5
19470,4
19471,3
19472,0
19473,0
19474,3
19475,0
19476,3
19477,0
19478,0
19479,0
19480,2
19481,4
19482,0
19483,5
19484,1
19485,5
19486,4
19487,0
19488,5
19489,5
19490,1
19491,6
19492,5
19493,5
19494,1
19495,0
19496,5
19497,3
19498,3
19499,1
19500,2
19501,0
19502,3
19503,1
19504,2
19505,2
19506,2
19507,4
19508,4
19509,1
19510,5
19511,5
19512,1
19513,3
19514,0
19515,0
19516,6
19517,5
19518,5
19519,3
19520,5
19521,6
19522,2
19523,1
19524,0
19525,5
19526,1
19527,2
19528,5
19529,0
19530,3
19531,1
19532,5
19533,2
19534,2
19535,2
19536,5
19537,1
19538,4
19539,4
19540,2
19541,5
19542,1
19543,1
19544,1
19545,2
19546,0
19547,0
19548,3
19549,1
19550,1
19551,0
19552,3
19553,5
19554,0
19555,0
19556,5
19557,5
19558,3
19559,6
19560,5
19561,0
19562,0
19563,1
19564,0
19565,0
19566,0
19567,4
19568,0
19569,1
19570,2
19571,2
19572,3
19573,0
19574,2
19575,0
19576,5
19577,6
19578,0
19579,4
19580,0
19581,0
19582,0
19583,4
19584,3
19585,1
19586,0
19587,0
19588,6
19589,1
19590,0
19591,4
19592,0
19593,2
19594,5
19595,2
19596,5
19597,5
19598,0
19599,0
19600,0
19601,2
19602,0
19603,1
19604,0
19605,0
19606,4
19607,0
19608,0
19609,3
19610,2
19611,2
19612,4
19613,0
19614,1
19615,5
19616,0
19617,2
19618,5
19619,0
19620,4
19621,0
19622,0
19623,5
19624,0
19625,3
19626,3
19627,2
19628,6
19629,0
19630,1
19631,1
19632,2
19633,4
19634,5
19635,0
19636,4
19637,1
19638,2
19639,1
19640,1
19641,0
19642,3
19643,4
19644,2
19645,6
19646,0
19647,5
19648,1
19649,0
19650,2
19651,2
19652,1
19653,0
19654,5
19655,4
19656,2
19657,0
19658,2
19659,0
19660,2
19661,5
19662,0
19663,5
19664,2
19665,0
19666,0
19667,2
19668,6
19669,2
19670,3
19671,4
19672,4
19673,6
19674,1
19675,1
19676,0
19677,2
19678,5
19679,0
19680,1
19681,4
19682,4
19683,2
19684,0
19685,6
19686,0
19687,2
19688,2
19689,6
19690,2
19691,5
19692,4
19693,5
19694,1
19695,3
19696,6
19697,0
19698,0
19699,4
19700,2
19701,5
19702,2
19703,4
19704,0
19705,5
19706,5
19707,1
19708,4
19709,3
19710,4
19711,2
19712,2
19713,1
19714,3
19715,4
19716,3
19717,0
19718,0
19719,5
19720,0
19721,4
19722,0
19723,3
19724,0
19725,2
19726,0
19727,4
19728,3
19729,1
19730,6
19731,3
19732,2
19733,4
19734,4
19735,6
19736,4
19737,5
19738,0
19739,6
19740,0
19741,4
19742,1
19743,5
19744,2
19745,2
19746,1
19747,3
19748,1
19749,0
19750,3
19751,3
19752,0
19753,5
19754,1
19755,0
19756,1
19757,6
19758,5
19759,5
19760,0
19761,2
19762,3
19763,0
19764,3
19765,0
19766,2
19767,5
19768,1
19769,0
19770,5
19771,1
19772,5
19773,0
19774,4
19775,2
19776,0
19777,1
19778,3
19779,5
19780,5
19781,3
19782,2
19783,1
19784,3
19785,1
19786,4
19787,5
19788,0
19789,5
19790,4
19791,2
19792,0
19793,5
19794,3
19795,4
19796,0
19797,5
19798,2
19799,0
19800,3
19801,1
19802,5
19803,3
19804,3
19805,0
19806,4
19807,3
19808,0
19809,5
19810,6
19811,0
19812,5
19813,4
19814,0
19815,0
19816,3
19817,5
19818,3
19819,0
19820,0
19821,0
19822,0
19823,4
19824,0
19825,4
19826,2
19827,2
19828,0
19829,3
19830,4
19831,2
19832,2
19833,0
19834,0
19835,5
19836,1
19837,2
19838,1
19839,5
19840,0
19841,2
19842,5
19843,0
19844,1
19845,4
19846,2
19847,5
19848,2
19849,3
19850,1
19851,0
19852,4
19853,4
19854,0
19855,1
19856,5
19857,0
19858,0
19859,6
19860,4
19861,0
19862,0
19863,1
19864,5
19865,1
19866,3
19867,1
19868,2
19869,6
19870,5
19871,0
19872,4
19873,3
19874,0
19875,5
19876,5
19877,0
19878,2
19879,4
19880,1
19881,4
19882,0
19883,5
19884,1
19885,1
19886,1
19887,2
19888,2
19889,4
19890,3
19891,1
19892,6
19893,5
19894,1
19895,0
19896,5
19897,2
19898,1
19899,5
19900,3
19901,3
19902,1
19903,3
19904,5
19905,4
19906,1
19907,0
19908,4
19909,4
19910,0
19911,1
19912,0
19913,0
19914,0
19915,0
19916,4
19917,5
19918,0
19919,6
19920,6
19921,3
19922,0
19923,0
19924,0
19925,2
19926,5
19927,3
19928,1
19929,1
19930,6
19931,0
19932,5
19933,3
19934,5
19935,3
19936,2
19937,0
19938,0
19939,3
19940,4
19941,0
19942,2
19943,0
19944,3
19945,3
19946,1
19947,5
19948,5
19949,4
19950,4
19951,0
19952,3
19953,2
19954,2
19955,2
19956,3
19957,2
19958,0
19959,1
19960,4
19961,4
19962,6
19963,0
19964,5
19965,3
19966,2
19967,1
19968,0
19969,4
19970,2
19971,0
19972,3
19973,5
19974,0
19975,0
19976,0
19977,2
19978,0
19979,4
19980,0
19981,3
19982,0
19983,1
19984,4
19985,0
19986,4
19987,5
19988,5
19989,3
19990,0
19991,2
19992,3
19993,2
19994,3
19995,2
19996,4
19997,3
19998,0
19999,0
